Downloaded from wid.world on 28-03-2017 at 15:58:28
Country Code;Country Name;WID Variable code;Percentile group;Unit;Variable name;Intuitive description;Technical description;Methodological Notes;Sources
AD;Afghanistan;anninc992i;pall;"EUR; Euro";National income. Average Adults. individuals;Average National income. National income aims to measure the total income available to the residents of a given country. It is equal to the gross domestic product (the total value of goods and services produced on the territory of a given country during a given year), minus fixed capital used in production processes (e.g. replacement of obsolete machines or maintenance of roads) plus the net foreign income earned by residents in the rest of the world.// National income has many limitations. However it is the only income concept that has an internationally agreed definition (established by the United Nations System of National Accounts, see SNA 2008). So we use it as our reference concept (with tax havens correction). To be improved.The national economy - in the national accounts sense - includes all domestic sectors, i.e. all entities that are resident of a given country (in the sense of their economic activity), whether they belong to the private sector, the corporate sector, the governement sector. The population is comprised of individuals over age 20.;[National income]=[Net domestic product]+[Net foreign income];We assumed zero net foreign income: from 1970 to 2015.;WID.world computations using: [URL][URL_LINK]http://unstats.un.org/unsd/snaama/Introduction.asp[/URL_LINK][URL_TEXT]United Nations National Accounts Main Aggregates Database[/URL_TEXT][/URL]
AD;Afghanistan;sfiinc992j;p90p100;share;Fiscal income. Share Adults. equal-split adults;Fiscal income share held by a given percentile group. Fiscal income is defined as the sum of all income items reported on income tax returns, before any deduction. It includes labour income, capital income and mixed income. The concept of fiscal income varies with national tax legislations, so in order to make international comparisons it is preferable to use the concept of national income. The population is comprised of individuals over age 20. The base unit is the individual (rather than the household) but resources are split equally within couples.;[Fiscal income ]=[Fiscal labour income ]+[Fiscal capital income ];;
AD;Afghanistan;sfiinc992j;p50p90;share;Fiscal income. Share Adults. equal-split adults;Fiscal income share held by a given percentile group. Fiscal income is defined as the sum of all income items reported on income tax returns, before any deduction. It includes labour income, capital income and mixed income. The concept of fiscal income varies with national tax legislations, so in order to make international comparisons it is preferable to use the concept of national income. The population is comprised of individuals over age 20. The base unit is the individual (rather than the household) but resources are split equally within couples.;[Fiscal income ]=[Fiscal labour income ]+[Fiscal capital income ];;
AD;Afghanistan;shweal992i;p99p100;share;Net personal wealth. Share Adults. individuals;Net personal wealth share held by a given percentile group. Net personal wealth is  the total value of non-financial and financial assets (housing, land, deposits, bonds, equities, etc.) held by households, minus their debts. . The personal or household sector - in the national accounts sense - includes all households and private individuals (including those living in institutions), as well as unincorporated enterprises whose accounts are not separated from those of the households who own them. The population is comprised of individuals over age 20. The base unit is the individual (rather than the household). This is equivalent to assuming no sharing of resources within couples.;[Net personal wealth]=[Personal non-financial assets]+[Personal financial assets]-[Personal debt];;
AD;Afghanistan;sfiinc992j;p0p50;share;Fiscal income. Share Adults. equal-split adults;Fiscal income share held by a given percentile group. Fiscal income is defined as the sum of all income items reported on income tax returns, before any deduction. It includes labour income, capital income and mixed income. The concept of fiscal income varies with national tax legislations, so in order to make international comparisons it is preferable to use the concept of national income. The population is comprised of individuals over age 20. The base unit is the individual (rather than the household) but resources are split equally within couples.;[Fiscal income ]=[Fiscal labour income ]+[Fiscal capital income ];;
AD;Afghanistan;sfiinc992t;p90p100;share;Fiscal income. Share Adults. tax unit;Fiscal income share held by a given percentile group. Fiscal income is defined as the sum of all income items reported on income tax returns, before any deduction. It includes labour income, capital income and mixed income. The concept of fiscal income varies with national tax legislations, so in order to make international comparisons it is preferable to use the concept of national income. The population is comprised of individuals over age 20. The base unit is the tax unit defined by national fiscal administrations to measure personal income taxes.;[Fiscal income ]=[Fiscal labour income ]+[Fiscal capital income ];;
AD;Afghanistan;sfiinc992j;p99p100;share;Fiscal income. Share Adults. equal-split adults;Fiscal income share held by a given percentile group. Fiscal income is defined as the sum of all income items reported on income tax returns, before any deduction. It includes labour income, capital income and mixed income. The concept of fiscal income varies with national tax legislations, so in order to make international comparisons it is preferable to use the concept of national income. The population is comprised of individuals over age 20. The base unit is the individual (rather than the household) but resources are split equally within couples.;[Fiscal income ]=[Fiscal labour income ]+[Fiscal capital income ];;
AD;Afghanistan;sfiinc992i;p99p100;share;Fiscal income. Share Adults. individuals;Fiscal income share held by a given percentile group. Fiscal income is defined as the sum of all income items reported on income tax returns, before any deduction. It includes labour income, capital income and mixed income. The concept of fiscal income varies with national tax legislations, so in order to make international comparisons it is preferable to use the concept of national income. The population is comprised of individuals over age 20. The base unit is the individual (rather than the household). This is equivalent to assuming no sharing of resources within couples.;[Fiscal income ]=[Fiscal labour income ]+[Fiscal capital income ];;
AD;Afghanistan;wwealn999i;pall;% of national income;Net national wealth to Net National Income Ratio. Wealth-income ratio All Ages. individuals;Wealth-Income Ratio is the division of national wealth by national income.; ;;
AD;Afghanistan;shweal992j;p99p100;share;Net personal wealth. Share Adults. equal-split adults;Net personal wealth share held by a given percentile group. Net personal wealth is  the total value of non-financial and financial assets (housing, land, deposits, bonds, equities, etc.) held by households, minus their debts. . The personal or household sector - in the national accounts sense - includes all households and private individuals (including those living in institutions), as well as unincorporated enterprises whose accounts are not separated from those of the households who own them. The population is comprised of individuals over age 20. The base unit is the individual (rather than the household) but resources are split equally within couples.;[Net personal wealth]=[Personal non-financial assets]+[Personal financial assets]-[Personal debt];;
AD;Afghanistan;sfiinc992t;p99p100;share;Fiscal income. Share Adults. tax unit;Fiscal income share held by a given percentile group. Fiscal income is defined as the sum of all income items reported on income tax returns, before any deduction. It includes labour income, capital income and mixed income. The concept of fiscal income varies with national tax legislations, so in order to make international comparisons it is preferable to use the concept of national income. The population is comprised of individuals over age 20. The base unit is the tax unit defined by national fiscal administrations to measure personal income taxes.;[Fiscal income ]=[Fiscal labour income ]+[Fiscal capital income ];;
AD;Afghanistan;sfiinc992i;p90p100;share;Fiscal income. Share Adults. individuals;Fiscal income share held by a given percentile group. Fiscal income is defined as the sum of all income items reported on income tax returns, before any deduction. It includes labour income, capital income and mixed income. The concept of fiscal income varies with national tax legislations, so in order to make international comparisons it is preferable to use the concept of national income. The population is comprised of individuals over age 20. The base unit is the individual (rather than the household). This is equivalent to assuming no sharing of resources within couples.;[Fiscal income ]=[Fiscal labour income ]+[Fiscal capital income ];;
AD;Afghanistan;anweal992i;pall;"EUR; Euro";Market-value national wealth. Average Adults. individuals;Average Market-value national wealth . Net national wealth is the total value of assets (cash, housing, bonds, equities, etc.) owned by the national economy, minus its debts. The national economy - in the national accounts sense - includes all domestic sectors, i.e. all entities that are resident of a given country (in the sense of their economic activity), whether they belong to the private sector, the corporate sector, the governement sector. The population is comprised of individuals over age 20.;[Market-value national wealth ]=[National non-financial assets (market value)]+[Net foreign assets];;
AD;Afghanistan;shweal992i;p90p100;share;Net personal wealth. Share Adults. individuals;Net personal wealth share held by a given percentile group. Net personal wealth is  the total value of non-financial and financial assets (housing, land, deposits, bonds, equities, etc.) held by households, minus their debts. . The personal or household sector - in the national accounts sense - includes all households and private individuals (including those living in institutions), as well as unincorporated enterprises whose accounts are not separated from those of the households who own them. The population is comprised of individuals over age 20. The base unit is the individual (rather than the household). This is equivalent to assuming no sharing of resources within couples.;[Net personal wealth]=[Personal non-financial assets]+[Personal financial assets]-[Personal debt];;
AD;Afghanistan;shweal992j;p90p100;share;Net personal wealth. Share Adults. equal-split adults;Net personal wealth share held by a given percentile group. Net personal wealth is  the total value of non-financial and financial assets (housing, land, deposits, bonds, equities, etc.) held by households, minus their debts. . The personal or household sector - in the national accounts sense - includes all households and private individuals (including those living in institutions), as well as unincorporated enterprises whose accounts are not separated from those of the households who own them. The population is comprised of individuals over age 20. The base unit is the individual (rather than the household) but resources are split equally within couples.;[Net personal wealth]=[Personal non-financial assets]+[Personal financial assets]-[Personal debt];;
AD;Afghanistan;agdpro992i;pall;"EUR; Euro";Gross domestic product. Average Adults. individuals;Average Gross domestic product. Gross domestic product is the total value of goods and services produced by the national economy.The national economy - in the national accounts sense - includes all domestic sectors, i.e. all entities that are resident of a given country (in the sense of their economic activity), whether they belong to the private sector, the corporate sector, the governement sector. The population is comprised of individuals over age 20.;;GDP level in 2014 from the UN SNA main tables. Until 2013, we use the GDP growth rates from the UN SNA main tables.  After 2014, we use the GDP growth rates from the value for the previous year.;WID.world computations using: [URL][URL_LINK]http://unstats.un.org/unsd/snaama/Introduction.asp[/URL_LINK][URL_TEXT]United Nations National Accounts Main Aggregates Database[/URL_TEXT][/URL]
AD;Afghanistan;shweal992j;p0p50;share;Net personal wealth. Share Adults. equal-split adults;Net personal wealth share held by a given percentile group. Net personal wealth is  the total value of non-financial and financial assets (housing, land, deposits, bonds, equities, etc.) held by households, minus their debts. . The personal or household sector - in the national accounts sense - includes all households and private individuals (including those living in institutions), as well as unincorporated enterprises whose accounts are not separated from those of the households who own them. The population is comprised of individuals over age 20. The base unit is the individual (rather than the household) but resources are split equally within couples.;[Net personal wealth]=[Personal non-financial assets]+[Personal financial assets]-[Personal debt];;
AD;Afghanistan;shweal992j;p50p90;share;Net personal wealth. Share Adults. equal-split adults;Net personal wealth share held by a given percentile group. Net personal wealth is  the total value of non-financial and financial assets (housing, land, deposits, bonds, equities, etc.) held by households, minus their debts. . The personal or household sector - in the national accounts sense - includes all households and private individuals (including those living in institutions), as well as unincorporated enterprises whose accounts are not separated from those of the households who own them. The population is comprised of individuals over age 20. The base unit is the individual (rather than the household) but resources are split equally within couples.;[Net personal wealth]=[Personal non-financial assets]+[Personal financial assets]-[Personal debt];;
AF;Albania;sfiinc992i;p90p100;share;Fiscal income. Share Adults. individuals;Fiscal income share held by a given percentile group. Fiscal income is defined as the sum of all income items reported on income tax returns, before any deduction. It includes labour income, capital income and mixed income. The concept of fiscal income varies with national tax legislations, so in order to make international comparisons it is preferable to use the concept of national income. The population is comprised of individuals over age 20. The base unit is the individual (rather than the household). This is equivalent to assuming no sharing of resources within couples.;[Fiscal income ]=[Fiscal labour income ]+[Fiscal capital income ];;
AF;Albania;shweal992i;p90p100;share;Net personal wealth. Share Adults. individuals;Net personal wealth share held by a given percentile group. Net personal wealth is  the total value of non-financial and financial assets (housing, land, deposits, bonds, equities, etc.) held by households, minus their debts. . The personal or household sector - in the national accounts sense - includes all households and private individuals (including those living in institutions), as well as unincorporated enterprises whose accounts are not separated from those of the households who own them. The population is comprised of individuals over age 20. The base unit is the individual (rather than the household). This is equivalent to assuming no sharing of resources within couples.;[Net personal wealth]=[Personal non-financial assets]+[Personal financial assets]-[Personal debt];;
AF;Albania;shweal992j;p0p50;share;Net personal wealth. Share Adults. equal-split adults;Net personal wealth share held by a given percentile group. Net personal wealth is  the total value of non-financial and financial assets (housing, land, deposits, bonds, equities, etc.) held by households, minus their debts. . The personal or household sector - in the national accounts sense - includes all households and private individuals (including those living in institutions), as well as unincorporated enterprises whose accounts are not separated from those of the households who own them. The population is comprised of individuals over age 20. The base unit is the individual (rather than the household) but resources are split equally within couples.;[Net personal wealth]=[Personal non-financial assets]+[Personal financial assets]-[Personal debt];;
AF;Albania;sfiinc992j;p99p100;share;Fiscal income. Share Adults. equal-split adults;Fiscal income share held by a given percentile group. Fiscal income is defined as the sum of all income items reported on income tax returns, before any deduction. It includes labour income, capital income and mixed income. The concept of fiscal income varies with national tax legislations, so in order to make international comparisons it is preferable to use the concept of national income. The population is comprised of individuals over age 20. The base unit is the individual (rather than the household) but resources are split equally within couples.;[Fiscal income ]=[Fiscal labour income ]+[Fiscal capital income ];;
AF;Albania;sfiinc992j;p0p50;share;Fiscal income. Share Adults. equal-split adults;Fiscal income share held by a given percentile group. Fiscal income is defined as the sum of all income items reported on income tax returns, before any deduction. It includes labour income, capital income and mixed income. The concept of fiscal income varies with national tax legislations, so in order to make international comparisons it is preferable to use the concept of national income. The population is comprised of individuals over age 20. The base unit is the individual (rather than the household) but resources are split equally within couples.;[Fiscal income ]=[Fiscal labour income ]+[Fiscal capital income ];;
AF;Albania;shweal992j;p90p100;share;Net personal wealth. Share Adults. equal-split adults;Net personal wealth share held by a given percentile group. Net personal wealth is  the total value of non-financial and financial assets (housing, land, deposits, bonds, equities, etc.) held by households, minus their debts. . The personal or household sector - in the national accounts sense - includes all households and private individuals (including those living in institutions), as well as unincorporated enterprises whose accounts are not separated from those of the households who own them. The population is comprised of individuals over age 20. The base unit is the individual (rather than the household) but resources are split equally within couples.;[Net personal wealth]=[Personal non-financial assets]+[Personal financial assets]-[Personal debt];;
AF;Albania;shweal992i;p99p100;share;Net personal wealth. Share Adults. individuals;Net personal wealth share held by a given percentile group. Net personal wealth is  the total value of non-financial and financial assets (housing, land, deposits, bonds, equities, etc.) held by households, minus their debts. . The personal or household sector - in the national accounts sense - includes all households and private individuals (including those living in institutions), as well as unincorporated enterprises whose accounts are not separated from those of the households who own them. The population is comprised of individuals over age 20. The base unit is the individual (rather than the household). This is equivalent to assuming no sharing of resources within couples.;[Net personal wealth]=[Personal non-financial assets]+[Personal financial assets]-[Personal debt];;
AF;Albania;shweal992j;p50p90;share;Net personal wealth. Share Adults. equal-split adults;Net personal wealth share held by a given percentile group. Net personal wealth is  the total value of non-financial and financial assets (housing, land, deposits, bonds, equities, etc.) held by households, minus their debts. . The personal or household sector - in the national accounts sense - includes all households and private individuals (including those living in institutions), as well as unincorporated enterprises whose accounts are not separated from those of the households who own them. The population is comprised of individuals over age 20. The base unit is the individual (rather than the household) but resources are split equally within couples.;[Net personal wealth]=[Personal non-financial assets]+[Personal financial assets]-[Personal debt];;
AF;Albania;sfiinc992t;p99p100;share;Fiscal income. Share Adults. tax unit;Fiscal income share held by a given percentile group. Fiscal income is defined as the sum of all income items reported on income tax returns, before any deduction. It includes labour income, capital income and mixed income. The concept of fiscal income varies with national tax legislations, so in order to make international comparisons it is preferable to use the concept of national income. The population is comprised of individuals over age 20. The base unit is the tax unit defined by national fiscal administrations to measure personal income taxes.;[Fiscal income ]=[Fiscal labour income ]+[Fiscal capital income ];;
AF;Albania;sfiinc992i;p99p100;share;Fiscal income. Share Adults. individuals;Fiscal income share held by a given percentile group. Fiscal income is defined as the sum of all income items reported on income tax returns, before any deduction. It includes labour income, capital income and mixed income. The concept of fiscal income varies with national tax legislations, so in order to make international comparisons it is preferable to use the concept of national income. The population is comprised of individuals over age 20. The base unit is the individual (rather than the household). This is equivalent to assuming no sharing of resources within couples.;[Fiscal income ]=[Fiscal labour income ]+[Fiscal capital income ];;
AF;Albania;sfiinc992j;p50p90;share;Fiscal income. Share Adults. equal-split adults;Fiscal income share held by a given percentile group. Fiscal income is defined as the sum of all income items reported on income tax returns, before any deduction. It includes labour income, capital income and mixed income. The concept of fiscal income varies with national tax legislations, so in order to make international comparisons it is preferable to use the concept of national income. The population is comprised of individuals over age 20. The base unit is the individual (rather than the household) but resources are split equally within couples.;[Fiscal income ]=[Fiscal labour income ]+[Fiscal capital income ];;
AF;Albania;sfiinc992j;p90p100;share;Fiscal income. Share Adults. equal-split adults;Fiscal income share held by a given percentile group. Fiscal income is defined as the sum of all income items reported on income tax returns, before any deduction. It includes labour income, capital income and mixed income. The concept of fiscal income varies with national tax legislations, so in order to make international comparisons it is preferable to use the concept of national income. The population is comprised of individuals over age 20. The base unit is the individual (rather than the household) but resources are split equally within couples.;[Fiscal income ]=[Fiscal labour income ]+[Fiscal capital income ];;
AF;Albania;anninc992i;pall;"AFN; Afghan afghani";National income. Average Adults. individuals;Average National income. National income aims to measure the total income available to the residents of a given country. It is equal to the gross domestic product (the total value of goods and services produced on the territory of a given country during a given year), minus fixed capital used in production processes (e.g. replacement of obsolete machines or maintenance of roads) plus the net foreign income earned by residents in the rest of the world.// National income has many limitations. However it is the only income concept that has an internationally agreed definition (established by the United Nations System of National Accounts, see SNA 2008). So we use it as our reference concept (with tax havens correction). To be improved.The national economy - in the national accounts sense - includes all domestic sectors, i.e. all entities that are resident of a given country (in the sense of their economic activity), whether they belong to the private sector, the corporate sector, the governement sector. The population is comprised of individuals over age 20.;[National income]=[Net domestic product]+[Net foreign income];We assumed zero net foreign income: from 1950 to 1978, from 1990 to 2007.;"WID.world computations using: [URL][URL_LINK]http://data.imf.org/BOP[/URL_LINK][URL_TEXT]IMF Balance of Payments Statistics[/URL_TEXT][/URL]; [URL][URL_LINK]http://unstats.un.org/unsd/snaama/Introduction.asp[/URL_LINK][URL_TEXT]United Nations National Accounts Main Aggregates Database[/URL_TEXT][/URL]; [URL][URL_LINK]http://www.ggdc.net/maddison/other_books/Contours_World_Economy.pdf[/URL_LINK][URL_TEXT]Maddison, Angus (2007). Contours of the World Economy 1-2030 AD.[/URL_TEXT][/URL]; [URL][URL_LINK]http://www.imf.org/external/pubs/ft/weo/2016/01/[/URL_LINK][URL_TEXT]IMF World Economic Outlook (04/2016)[/URL_TEXT][/URL]"
AF;Albania;shweal992j;p99p100;share;Net personal wealth. Share Adults. equal-split adults;Net personal wealth share held by a given percentile group. Net personal wealth is  the total value of non-financial and financial assets (housing, land, deposits, bonds, equities, etc.) held by households, minus their debts. . The personal or household sector - in the national accounts sense - includes all households and private individuals (including those living in institutions), as well as unincorporated enterprises whose accounts are not separated from those of the households who own them. The population is comprised of individuals over age 20. The base unit is the individual (rather than the household) but resources are split equally within couples.;[Net personal wealth]=[Personal non-financial assets]+[Personal financial assets]-[Personal debt];;
AF;Albania;wwealn999i;pall;% of national income;Net national wealth to Net National Income Ratio. Wealth-income ratio All Ages. individuals;Wealth-Income Ratio is the division of national wealth by national income.; ;;
AF;Albania;sfiinc992t;p90p100;share;Fiscal income. Share Adults. tax unit;Fiscal income share held by a given percentile group. Fiscal income is defined as the sum of all income items reported on income tax returns, before any deduction. It includes labour income, capital income and mixed income. The concept of fiscal income varies with national tax legislations, so in order to make international comparisons it is preferable to use the concept of national income. The population is comprised of individuals over age 20. The base unit is the tax unit defined by national fiscal administrations to measure personal income taxes.;[Fiscal income ]=[Fiscal labour income ]+[Fiscal capital income ];;
AF;Albania;agdpro992i;pall;"AFN; Afghan afghani";Gross domestic product. Average Adults. individuals;Average Gross domestic product. Gross domestic product is the total value of goods and services produced by the national economy.The national economy - in the national accounts sense - includes all domestic sectors, i.e. all entities that are resident of a given country (in the sense of their economic activity), whether they belong to the private sector, the corporate sector, the governement sector. The population is comprised of individuals over age 20.;;GDP level in 2014 from the UN SNA main tables. Until 1970, we use the GDP growth rates from Maddison (2007). Between 1971 and 2013, we use the GDP growth rates from the UN SNA main tables.  After 2014, we use the GDP growth rates from the IMF World Economic Outlook (forecast).;"WID.world computations using: [URL][URL_LINK]http://unstats.un.org/unsd/snaama/Introduction.asp[/URL_LINK][URL_TEXT]United Nations National Accounts Main Aggregates Database[/URL_TEXT][/URL]; [URL][URL_LINK]http://www.ggdc.net/maddison/other_books/Contours_World_Economy.pdf[/URL_LINK][URL_TEXT]Maddison, Angus (2007). Contours of the World Economy 1-2030 AD.[/URL_TEXT][/URL]; [URL][URL_LINK]http://www.imf.org/external/pubs/ft/weo/2016/01/[/URL_LINK][URL_TEXT]IMF World Economic Outlook (04/2016)[/URL_TEXT][/URL]"
AF;Albania;anweal992i;pall;"AFN; Afghan afghani";Market-value national wealth. Average Adults. individuals;Average Market-value national wealth . Net national wealth is the total value of assets (cash, housing, bonds, equities, etc.) owned by the national economy, minus its debts. The national economy - in the national accounts sense - includes all domestic sectors, i.e. all entities that are resident of a given country (in the sense of their economic activity), whether they belong to the private sector, the corporate sector, the governement sector. The population is comprised of individuals over age 20.;[Market-value national wealth ]=[National non-financial assets (market value)]+[Net foreign assets];;
AL;Algeria;shweal992i;p99p100;share;Net personal wealth. Share Adults. individuals;Net personal wealth share held by a given percentile group. Net personal wealth is  the total value of non-financial and financial assets (housing, land, deposits, bonds, equities, etc.) held by households, minus their debts. . The personal or household sector - in the national accounts sense - includes all households and private individuals (including those living in institutions), as well as unincorporated enterprises whose accounts are not separated from those of the households who own them. The population is comprised of individuals over age 20. The base unit is the individual (rather than the household). This is equivalent to assuming no sharing of resources within couples.;[Net personal wealth]=[Personal non-financial assets]+[Personal financial assets]-[Personal debt];;
AL;Algeria;anweal992i;pall;"ALL; Albanian lek";Market-value national wealth. Average Adults. individuals;Average Market-value national wealth . Net national wealth is the total value of assets (cash, housing, bonds, equities, etc.) owned by the national economy, minus its debts. The national economy - in the national accounts sense - includes all domestic sectors, i.e. all entities that are resident of a given country (in the sense of their economic activity), whether they belong to the private sector, the corporate sector, the governement sector. The population is comprised of individuals over age 20.;[Market-value national wealth ]=[National non-financial assets (market value)]+[Net foreign assets];;
AL;Algeria;shweal992j;p0p50;share;Net personal wealth. Share Adults. equal-split adults;Net personal wealth share held by a given percentile group. Net personal wealth is  the total value of non-financial and financial assets (housing, land, deposits, bonds, equities, etc.) held by households, minus their debts. . The personal or household sector - in the national accounts sense - includes all households and private individuals (including those living in institutions), as well as unincorporated enterprises whose accounts are not separated from those of the households who own them. The population is comprised of individuals over age 20. The base unit is the individual (rather than the household) but resources are split equally within couples.;[Net personal wealth]=[Personal non-financial assets]+[Personal financial assets]-[Personal debt];;
AL;Algeria;sfiinc992i;p99p100;share;Fiscal income. Share Adults. individuals;Fiscal income share held by a given percentile group. Fiscal income is defined as the sum of all income items reported on income tax returns, before any deduction. It includes labour income, capital income and mixed income. The concept of fiscal income varies with national tax legislations, so in order to make international comparisons it is preferable to use the concept of national income. The population is comprised of individuals over age 20. The base unit is the individual (rather than the household). This is equivalent to assuming no sharing of resources within couples.;[Fiscal income ]=[Fiscal labour income ]+[Fiscal capital income ];;
AL;Algeria;shweal992i;p90p100;share;Net personal wealth. Share Adults. individuals;Net personal wealth share held by a given percentile group. Net personal wealth is  the total value of non-financial and financial assets (housing, land, deposits, bonds, equities, etc.) held by households, minus their debts. . The personal or household sector - in the national accounts sense - includes all households and private individuals (including those living in institutions), as well as unincorporated enterprises whose accounts are not separated from those of the households who own them. The population is comprised of individuals over age 20. The base unit is the individual (rather than the household). This is equivalent to assuming no sharing of resources within couples.;[Net personal wealth]=[Personal non-financial assets]+[Personal financial assets]-[Personal debt];;
AL;Algeria;sfiinc992j;p99p100;share;Fiscal income. Share Adults. equal-split adults;Fiscal income share held by a given percentile group. Fiscal income is defined as the sum of all income items reported on income tax returns, before any deduction. It includes labour income, capital income and mixed income. The concept of fiscal income varies with national tax legislations, so in order to make international comparisons it is preferable to use the concept of national income. The population is comprised of individuals over age 20. The base unit is the individual (rather than the household) but resources are split equally within couples.;[Fiscal income ]=[Fiscal labour income ]+[Fiscal capital income ];;
AL;Algeria;wwealn999i;pall;% of national income;Net national wealth to Net National Income Ratio. Wealth-income ratio All Ages. individuals;Wealth-Income Ratio is the division of national wealth by national income.; ;;
AL;Algeria;agdpro992i;pall;"ALL; Albanian lek";Gross domestic product. Average Adults. individuals;Average Gross domestic product. Gross domestic product is the total value of goods and services produced by the national economy.The national economy - in the national accounts sense - includes all domestic sectors, i.e. all entities that are resident of a given country (in the sense of their economic activity), whether they belong to the private sector, the corporate sector, the governement sector. The population is comprised of individuals over age 20.;;GDP level in 2014 from the UN SNA main tables. Until 1969, we use the GDP growth rates from Maddison (2007). Between 1970 and 2013, we use the GDP growth rates from the UN SNA main tables.  After 2014, we use the GDP growth rates from the World Bank Global Economic Monitor.;"WID.world computations using: [URL][URL_LINK]http://econ.worldbank.org/WBSITE/EXTERNAL/EXTDEC/EXTDECPROSPECTS/0,,contentMDK:22855732~menuPK:6080253~pagePK:64165401~piPK:64165026~theSitePK:476883,00.html[/URL_LINK][URL_TEXT]World Bank[/URL_TEXT][/URL]; [URL][URL_LINK]http://unstats.un.org/unsd/snaama/Introduction.asp[/URL_LINK][URL_TEXT]United Nations National Accounts Main Aggregates Database[/URL_TEXT][/URL]; [URL][URL_LINK]http://www.ggdc.net/maddison/other_books/Contours_World_Economy.pdf[/URL_LINK][URL_TEXT]Maddison, Angus (2007). Contours of the World Economy 1-2030 AD.[/URL_TEXT][/URL]"
AL;Algeria;shweal992j;p99p100;share;Net personal wealth. Share Adults. equal-split adults;Net personal wealth share held by a given percentile group. Net personal wealth is  the total value of non-financial and financial assets (housing, land, deposits, bonds, equities, etc.) held by households, minus their debts. . The personal or household sector - in the national accounts sense - includes all households and private individuals (including those living in institutions), as well as unincorporated enterprises whose accounts are not separated from those of the households who own them. The population is comprised of individuals over age 20. The base unit is the individual (rather than the household) but resources are split equally within couples.;[Net personal wealth]=[Personal non-financial assets]+[Personal financial assets]-[Personal debt];;
AL;Algeria;shweal992j;p90p100;share;Net personal wealth. Share Adults. equal-split adults;Net personal wealth share held by a given percentile group. Net personal wealth is  the total value of non-financial and financial assets (housing, land, deposits, bonds, equities, etc.) held by households, minus their debts. . The personal or household sector - in the national accounts sense - includes all households and private individuals (including those living in institutions), as well as unincorporated enterprises whose accounts are not separated from those of the households who own them. The population is comprised of individuals over age 20. The base unit is the individual (rather than the household) but resources are split equally within couples.;[Net personal wealth]=[Personal non-financial assets]+[Personal financial assets]-[Personal debt];;
AL;Algeria;sfiinc992t;p90p100;share;Fiscal income. Share Adults. tax unit;Fiscal income share held by a given percentile group. Fiscal income is defined as the sum of all income items reported on income tax returns, before any deduction. It includes labour income, capital income and mixed income. The concept of fiscal income varies with national tax legislations, so in order to make international comparisons it is preferable to use the concept of national income. The population is comprised of individuals over age 20. The base unit is the tax unit defined by national fiscal administrations to measure personal income taxes.;[Fiscal income ]=[Fiscal labour income ]+[Fiscal capital income ];;
AL;Algeria;sfiinc992j;p50p90;share;Fiscal income. Share Adults. equal-split adults;Fiscal income share held by a given percentile group. Fiscal income is defined as the sum of all income items reported on income tax returns, before any deduction. It includes labour income, capital income and mixed income. The concept of fiscal income varies with national tax legislations, so in order to make international comparisons it is preferable to use the concept of national income. The population is comprised of individuals over age 20. The base unit is the individual (rather than the household) but resources are split equally within couples.;[Fiscal income ]=[Fiscal labour income ]+[Fiscal capital income ];;
AL;Algeria;shweal992j;p50p90;share;Net personal wealth. Share Adults. equal-split adults;Net personal wealth share held by a given percentile group. Net personal wealth is  the total value of non-financial and financial assets (housing, land, deposits, bonds, equities, etc.) held by households, minus their debts. . The personal or household sector - in the national accounts sense - includes all households and private individuals (including those living in institutions), as well as unincorporated enterprises whose accounts are not separated from those of the households who own them. The population is comprised of individuals over age 20. The base unit is the individual (rather than the household) but resources are split equally within couples.;[Net personal wealth]=[Personal non-financial assets]+[Personal financial assets]-[Personal debt];;
AL;Algeria;anninc992i;pall;"ALL; Albanian lek";National income. Average Adults. individuals;Average National income. National income aims to measure the total income available to the residents of a given country. It is equal to the gross domestic product (the total value of goods and services produced on the territory of a given country during a given year), minus fixed capital used in production processes (e.g. replacement of obsolete machines or maintenance of roads) plus the net foreign income earned by residents in the rest of the world.// National income has many limitations. However it is the only income concept that has an internationally agreed definition (established by the United Nations System of National Accounts, see SNA 2008). So we use it as our reference concept (with tax havens correction). To be improved.The national economy - in the national accounts sense - includes all domestic sectors, i.e. all entities that are resident of a given country (in the sense of their economic activity), whether they belong to the private sector, the corporate sector, the governement sector. The population is comprised of individuals over age 20.;[National income]=[Net domestic product]+[Net foreign income];We assumed zero net foreign income: from 1870 to 1979.;"WID.world computations using: [URL][URL_LINK]http://data.imf.org/BOP[/URL_LINK][URL_TEXT]IMF Balance of Payments Statistics[/URL_TEXT][/URL]; [URL][URL_LINK]http://econ.worldbank.org/WBSITE/EXTERNAL/EXTDEC/EXTDECPROSPECTS/0,,contentMDK:22855732~menuPK:6080253~pagePK:64165401~piPK:64165026~theSitePK:476883,00.html[/URL_LINK][URL_TEXT]World Bank[/URL_TEXT][/URL]; [URL][URL_LINK]http://unstats.un.org/unsd/snaama/Introduction.asp[/URL_LINK][URL_TEXT]United Nations National Accounts Main Aggregates Database[/URL_TEXT][/URL]; [URL][URL_LINK]http://www.ggdc.net/maddison/other_books/Contours_World_Economy.pdf[/URL_LINK][URL_TEXT]Maddison, Angus (2007). Contours of the World Economy 1-2030 AD.[/URL_TEXT][/URL]"
AL;Algeria;sfiinc992i;p90p100;share;Fiscal income. Share Adults. individuals;Fiscal income share held by a given percentile group. Fiscal income is defined as the sum of all income items reported on income tax returns, before any deduction. It includes labour income, capital income and mixed income. The concept of fiscal income varies with national tax legislations, so in order to make international comparisons it is preferable to use the concept of national income. The population is comprised of individuals over age 20. The base unit is the individual (rather than the household). This is equivalent to assuming no sharing of resources within couples.;[Fiscal income ]=[Fiscal labour income ]+[Fiscal capital income ];;
AL;Algeria;sfiinc992j;p90p100;share;Fiscal income. Share Adults. equal-split adults;Fiscal income share held by a given percentile group. Fiscal income is defined as the sum of all income items reported on income tax returns, before any deduction. It includes labour income, capital income and mixed income. The concept of fiscal income varies with national tax legislations, so in order to make international comparisons it is preferable to use the concept of national income. The population is comprised of individuals over age 20. The base unit is the individual (rather than the household) but resources are split equally within couples.;[Fiscal income ]=[Fiscal labour income ]+[Fiscal capital income ];;
AL;Algeria;sfiinc992j;p0p50;share;Fiscal income. Share Adults. equal-split adults;Fiscal income share held by a given percentile group. Fiscal income is defined as the sum of all income items reported on income tax returns, before any deduction. It includes labour income, capital income and mixed income. The concept of fiscal income varies with national tax legislations, so in order to make international comparisons it is preferable to use the concept of national income. The population is comprised of individuals over age 20. The base unit is the individual (rather than the household) but resources are split equally within couples.;[Fiscal income ]=[Fiscal labour income ]+[Fiscal capital income ];;
AL;Algeria;sfiinc992t;p99p100;share;Fiscal income. Share Adults. tax unit;Fiscal income share held by a given percentile group. Fiscal income is defined as the sum of all income items reported on income tax returns, before any deduction. It includes labour income, capital income and mixed income. The concept of fiscal income varies with national tax legislations, so in order to make international comparisons it is preferable to use the concept of national income. The population is comprised of individuals over age 20. The base unit is the tax unit defined by national fiscal administrations to measure personal income taxes.;[Fiscal income ]=[Fiscal labour income ]+[Fiscal capital income ];;
AO;American Samoa;shweal992j;p90p100;share;Net personal wealth. Share Adults. equal-split adults;Net personal wealth share held by a given percentile group. Net personal wealth is  the total value of non-financial and financial assets (housing, land, deposits, bonds, equities, etc.) held by households, minus their debts. . The personal or household sector - in the national accounts sense - includes all households and private individuals (including those living in institutions), as well as unincorporated enterprises whose accounts are not separated from those of the households who own them. The population is comprised of individuals over age 20. The base unit is the individual (rather than the household) but resources are split equally within couples.;[Net personal wealth]=[Personal non-financial assets]+[Personal financial assets]-[Personal debt];;
AO;American Samoa;shweal992i;p90p100;share;Net personal wealth. Share Adults. individuals;Net personal wealth share held by a given percentile group. Net personal wealth is  the total value of non-financial and financial assets (housing, land, deposits, bonds, equities, etc.) held by households, minus their debts. . The personal or household sector - in the national accounts sense - includes all households and private individuals (including those living in institutions), as well as unincorporated enterprises whose accounts are not separated from those of the households who own them. The population is comprised of individuals over age 20. The base unit is the individual (rather than the household). This is equivalent to assuming no sharing of resources within couples.;[Net personal wealth]=[Personal non-financial assets]+[Personal financial assets]-[Personal debt];;
AO;American Samoa;agdpro992i;pall;"AOA; Angolan kwanza";Gross domestic product. Average Adults. individuals;Average Gross domestic product. Gross domestic product is the total value of goods and services produced by the national economy.The national economy - in the national accounts sense - includes all domestic sectors, i.e. all entities that are resident of a given country (in the sense of their economic activity), whether they belong to the private sector, the corporate sector, the governement sector. The population is comprised of individuals over age 20.;;GDP level in 2014 from the UN SNA main tables. Until 1969, we use the GDP growth rates from Maddison (2007). Between 1970 and 2013, we use the GDP growth rates from the UN SNA main tables.  After 2014, we use the GDP growth rates from the IMF World Economic Outlook (forecast).;"WID.world computations using: [URL][URL_LINK]http://unstats.un.org/unsd/snaama/Introduction.asp[/URL_LINK][URL_TEXT]United Nations National Accounts Main Aggregates Database[/URL_TEXT][/URL]; [URL][URL_LINK]http://www.ggdc.net/maddison/other_books/Contours_World_Economy.pdf[/URL_LINK][URL_TEXT]Maddison, Angus (2007). Contours of the World Economy 1-2030 AD.[/URL_TEXT][/URL]; [URL][URL_LINK]http://www.imf.org/external/pubs/ft/weo/2016/01/[/URL_LINK][URL_TEXT]IMF World Economic Outlook (04/2016)[/URL_TEXT][/URL]"
AO;American Samoa;anninc992i;pall;"AOA; Angolan kwanza";National income. Average Adults. individuals;Average National income. National income aims to measure the total income available to the residents of a given country. It is equal to the gross domestic product (the total value of goods and services produced on the territory of a given country during a given year), minus fixed capital used in production processes (e.g. replacement of obsolete machines or maintenance of roads) plus the net foreign income earned by residents in the rest of the world.// National income has many limitations. However it is the only income concept that has an internationally agreed definition (established by the United Nations System of National Accounts, see SNA 2008). So we use it as our reference concept (with tax havens correction). To be improved.The national economy - in the national accounts sense - includes all domestic sectors, i.e. all entities that are resident of a given country (in the sense of their economic activity), whether they belong to the private sector, the corporate sector, the governement sector. The population is comprised of individuals over age 20.;[National income]=[Net domestic product]+[Net foreign income];We assumed zero net foreign income: from 1950 to 1984, in 2015.;"WID.world computations using: [URL][URL_LINK]http://data.imf.org/BOP[/URL_LINK][URL_TEXT]IMF Balance of Payments Statistics[/URL_TEXT][/URL]; [URL][URL_LINK]http://unstats.un.org/unsd/nationalaccount/madt.asp[/URL_LINK][URL_TEXT]UN SNA detailed tables[/URL_TEXT][/URL]; [URL][URL_LINK]http://unstats.un.org/unsd/snaama/Introduction.asp[/URL_LINK][URL_TEXT]United Nations National Accounts Main Aggregates Database[/URL_TEXT][/URL]; [URL][URL_LINK]http://www.ggdc.net/maddison/other_books/Contours_World_Economy.pdf[/URL_LINK][URL_TEXT]Maddison, Angus (2007). Contours of the World Economy 1-2030 AD.[/URL_TEXT][/URL]; [URL][URL_LINK]http://www.imf.org/external/pubs/ft/weo/2016/01/[/URL_LINK][URL_TEXT]IMF World Economic Outlook (04/2016)[/URL_TEXT][/URL]"
AO;American Samoa;anweal992i;pall;"AOA; Angolan kwanza";Market-value national wealth. Average Adults. individuals;Average Market-value national wealth . Net national wealth is the total value of assets (cash, housing, bonds, equities, etc.) owned by the national economy, minus its debts. The national economy - in the national accounts sense - includes all domestic sectors, i.e. all entities that are resident of a given country (in the sense of their economic activity), whether they belong to the private sector, the corporate sector, the governement sector. The population is comprised of individuals over age 20.;[Market-value national wealth ]=[National non-financial assets (market value)]+[Net foreign assets];;
AO;American Samoa;shweal992j;p0p50;share;Net personal wealth. Share Adults. equal-split adults;Net personal wealth share held by a given percentile group. Net personal wealth is  the total value of non-financial and financial assets (housing, land, deposits, bonds, equities, etc.) held by households, minus their debts. . The personal or household sector - in the national accounts sense - includes all households and private individuals (including those living in institutions), as well as unincorporated enterprises whose accounts are not separated from those of the households who own them. The population is comprised of individuals over age 20. The base unit is the individual (rather than the household) but resources are split equally within couples.;[Net personal wealth]=[Personal non-financial assets]+[Personal financial assets]-[Personal debt];;
AO;American Samoa;sfiinc992i;p99p100;share;Fiscal income. Share Adults. individuals;Fiscal income share held by a given percentile group. Fiscal income is defined as the sum of all income items reported on income tax returns, before any deduction. It includes labour income, capital income and mixed income. The concept of fiscal income varies with national tax legislations, so in order to make international comparisons it is preferable to use the concept of national income. The population is comprised of individuals over age 20. The base unit is the individual (rather than the household). This is equivalent to assuming no sharing of resources within couples.;[Fiscal income ]=[Fiscal labour income ]+[Fiscal capital income ];;
AO;American Samoa;sfiinc992j;p90p100;share;Fiscal income. Share Adults. equal-split adults;Fiscal income share held by a given percentile group. Fiscal income is defined as the sum of all income items reported on income tax returns, before any deduction. It includes labour income, capital income and mixed income. The concept of fiscal income varies with national tax legislations, so in order to make international comparisons it is preferable to use the concept of national income. The population is comprised of individuals over age 20. The base unit is the individual (rather than the household) but resources are split equally within couples.;[Fiscal income ]=[Fiscal labour income ]+[Fiscal capital income ];;
AO;American Samoa;sfiinc992j;p99p100;share;Fiscal income. Share Adults. equal-split adults;Fiscal income share held by a given percentile group. Fiscal income is defined as the sum of all income items reported on income tax returns, before any deduction. It includes labour income, capital income and mixed income. The concept of fiscal income varies with national tax legislations, so in order to make international comparisons it is preferable to use the concept of national income. The population is comprised of individuals over age 20. The base unit is the individual (rather than the household) but resources are split equally within couples.;[Fiscal income ]=[Fiscal labour income ]+[Fiscal capital income ];;
AO;American Samoa;wwealn999i;pall;% of national income;Net national wealth to Net National Income Ratio. Wealth-income ratio All Ages. individuals;Wealth-Income Ratio is the division of national wealth by national income.; ;;
AO;American Samoa;shweal992j;p99p100;share;Net personal wealth. Share Adults. equal-split adults;Net personal wealth share held by a given percentile group. Net personal wealth is  the total value of non-financial and financial assets (housing, land, deposits, bonds, equities, etc.) held by households, minus their debts. . The personal or household sector - in the national accounts sense - includes all households and private individuals (including those living in institutions), as well as unincorporated enterprises whose accounts are not separated from those of the households who own them. The population is comprised of individuals over age 20. The base unit is the individual (rather than the household) but resources are split equally within couples.;[Net personal wealth]=[Personal non-financial assets]+[Personal financial assets]-[Personal debt];;
AO;American Samoa;sfiinc992j;p0p50;share;Fiscal income. Share Adults. equal-split adults;Fiscal income share held by a given percentile group. Fiscal income is defined as the sum of all income items reported on income tax returns, before any deduction. It includes labour income, capital income and mixed income. The concept of fiscal income varies with national tax legislations, so in order to make international comparisons it is preferable to use the concept of national income. The population is comprised of individuals over age 20. The base unit is the individual (rather than the household) but resources are split equally within couples.;[Fiscal income ]=[Fiscal labour income ]+[Fiscal capital income ];;
AO;American Samoa;sfiinc992j;p50p90;share;Fiscal income. Share Adults. equal-split adults;Fiscal income share held by a given percentile group. Fiscal income is defined as the sum of all income items reported on income tax returns, before any deduction. It includes labour income, capital income and mixed income. The concept of fiscal income varies with national tax legislations, so in order to make international comparisons it is preferable to use the concept of national income. The population is comprised of individuals over age 20. The base unit is the individual (rather than the household) but resources are split equally within couples.;[Fiscal income ]=[Fiscal labour income ]+[Fiscal capital income ];;
AO;American Samoa;sfiinc992t;p90p100;share;Fiscal income. Share Adults. tax unit;Fiscal income share held by a given percentile group. Fiscal income is defined as the sum of all income items reported on income tax returns, before any deduction. It includes labour income, capital income and mixed income. The concept of fiscal income varies with national tax legislations, so in order to make international comparisons it is preferable to use the concept of national income. The population is comprised of individuals over age 20. The base unit is the tax unit defined by national fiscal administrations to measure personal income taxes.;[Fiscal income ]=[Fiscal labour income ]+[Fiscal capital income ];;
AO;American Samoa;shweal992i;p99p100;share;Net personal wealth. Share Adults. individuals;Net personal wealth share held by a given percentile group. Net personal wealth is  the total value of non-financial and financial assets (housing, land, deposits, bonds, equities, etc.) held by households, minus their debts. . The personal or household sector - in the national accounts sense - includes all households and private individuals (including those living in institutions), as well as unincorporated enterprises whose accounts are not separated from those of the households who own them. The population is comprised of individuals over age 20. The base unit is the individual (rather than the household). This is equivalent to assuming no sharing of resources within couples.;[Net personal wealth]=[Personal non-financial assets]+[Personal financial assets]-[Personal debt];;
AO;American Samoa;sfiinc992i;p90p100;share;Fiscal income. Share Adults. individuals;Fiscal income share held by a given percentile group. Fiscal income is defined as the sum of all income items reported on income tax returns, before any deduction. It includes labour income, capital income and mixed income. The concept of fiscal income varies with national tax legislations, so in order to make international comparisons it is preferable to use the concept of national income. The population is comprised of individuals over age 20. The base unit is the individual (rather than the household). This is equivalent to assuming no sharing of resources within couples.;[Fiscal income ]=[Fiscal labour income ]+[Fiscal capital income ];;
AO;American Samoa;sfiinc992t;p99p100;share;Fiscal income. Share Adults. tax unit;Fiscal income share held by a given percentile group. Fiscal income is defined as the sum of all income items reported on income tax returns, before any deduction. It includes labour income, capital income and mixed income. The concept of fiscal income varies with national tax legislations, so in order to make international comparisons it is preferable to use the concept of national income. The population is comprised of individuals over age 20. The base unit is the tax unit defined by national fiscal administrations to measure personal income taxes.;[Fiscal income ]=[Fiscal labour income ]+[Fiscal capital income ];;
AO;American Samoa;shweal992j;p50p90;share;Net personal wealth. Share Adults. equal-split adults;Net personal wealth share held by a given percentile group. Net personal wealth is  the total value of non-financial and financial assets (housing, land, deposits, bonds, equities, etc.) held by households, minus their debts. . The personal or household sector - in the national accounts sense - includes all households and private individuals (including those living in institutions), as well as unincorporated enterprises whose accounts are not separated from those of the households who own them. The population is comprised of individuals over age 20. The base unit is the individual (rather than the household) but resources are split equally within couples.;[Net personal wealth]=[Personal non-financial assets]+[Personal financial assets]-[Personal debt];;
DZ;Andorra;shweal992j;p0p50;share;Net personal wealth. Share Adults. equal-split adults;Net personal wealth share held by a given percentile group. Net personal wealth is  the total value of non-financial and financial assets (housing, land, deposits, bonds, equities, etc.) held by households, minus their debts. . The personal or household sector - in the national accounts sense - includes all households and private individuals (including those living in institutions), as well as unincorporated enterprises whose accounts are not separated from those of the households who own them. The population is comprised of individuals over age 20. The base unit is the individual (rather than the household) but resources are split equally within couples.;[Net personal wealth]=[Personal non-financial assets]+[Personal financial assets]-[Personal debt];;
DZ;Andorra;shweal992i;p99p100;share;Net personal wealth. Share Adults. individuals;Net personal wealth share held by a given percentile group. Net personal wealth is  the total value of non-financial and financial assets (housing, land, deposits, bonds, equities, etc.) held by households, minus their debts. . The personal or household sector - in the national accounts sense - includes all households and private individuals (including those living in institutions), as well as unincorporated enterprises whose accounts are not separated from those of the households who own them. The population is comprised of individuals over age 20. The base unit is the individual (rather than the household). This is equivalent to assuming no sharing of resources within couples.;[Net personal wealth]=[Personal non-financial assets]+[Personal financial assets]-[Personal debt];;
DZ;Andorra;sfiinc992j;p0p50;share;Fiscal income. Share Adults. equal-split adults;Fiscal income share held by a given percentile group. Fiscal income is defined as the sum of all income items reported on income tax returns, before any deduction. It includes labour income, capital income and mixed income. The concept of fiscal income varies with national tax legislations, so in order to make international comparisons it is preferable to use the concept of national income. The population is comprised of individuals over age 20. The base unit is the individual (rather than the household) but resources are split equally within couples.;[Fiscal income ]=[Fiscal labour income ]+[Fiscal capital income ];;
DZ;Andorra;shweal992j;p90p100;share;Net personal wealth. Share Adults. equal-split adults;Net personal wealth share held by a given percentile group. Net personal wealth is  the total value of non-financial and financial assets (housing, land, deposits, bonds, equities, etc.) held by households, minus their debts. . The personal or household sector - in the national accounts sense - includes all households and private individuals (including those living in institutions), as well as unincorporated enterprises whose accounts are not separated from those of the households who own them. The population is comprised of individuals over age 20. The base unit is the individual (rather than the household) but resources are split equally within couples.;[Net personal wealth]=[Personal non-financial assets]+[Personal financial assets]-[Personal debt];;
DZ;Andorra;shweal992i;p90p100;share;Net personal wealth. Share Adults. individuals;Net personal wealth share held by a given percentile group. Net personal wealth is  the total value of non-financial and financial assets (housing, land, deposits, bonds, equities, etc.) held by households, minus their debts. . The personal or household sector - in the national accounts sense - includes all households and private individuals (including those living in institutions), as well as unincorporated enterprises whose accounts are not separated from those of the households who own them. The population is comprised of individuals over age 20. The base unit is the individual (rather than the household). This is equivalent to assuming no sharing of resources within couples.;[Net personal wealth]=[Personal non-financial assets]+[Personal financial assets]-[Personal debt];;
DZ;Andorra;sfiinc992t;p99p100;share;Fiscal income. Share Adults. tax unit;Fiscal income share held by a given percentile group. Fiscal income is defined as the sum of all income items reported on income tax returns, before any deduction. It includes labour income, capital income and mixed income. The concept of fiscal income varies with national tax legislations, so in order to make international comparisons it is preferable to use the concept of national income. The population is comprised of individuals over age 20. The base unit is the tax unit defined by national fiscal administrations to measure personal income taxes.;[Fiscal income ]=[Fiscal labour income ]+[Fiscal capital income ];;
DZ;Andorra;sfiinc992i;p99p100;share;Fiscal income. Share Adults. individuals;Fiscal income share held by a given percentile group. Fiscal income is defined as the sum of all income items reported on income tax returns, before any deduction. It includes labour income, capital income and mixed income. The concept of fiscal income varies with national tax legislations, so in order to make international comparisons it is preferable to use the concept of national income. The population is comprised of individuals over age 20. The base unit is the individual (rather than the household). This is equivalent to assuming no sharing of resources within couples.;[Fiscal income ]=[Fiscal labour income ]+[Fiscal capital income ];;
DZ;Andorra;sfiinc992j;p99p100;share;Fiscal income. Share Adults. equal-split adults;Fiscal income share held by a given percentile group. Fiscal income is defined as the sum of all income items reported on income tax returns, before any deduction. It includes labour income, capital income and mixed income. The concept of fiscal income varies with national tax legislations, so in order to make international comparisons it is preferable to use the concept of national income. The population is comprised of individuals over age 20. The base unit is the individual (rather than the household) but resources are split equally within couples.;[Fiscal income ]=[Fiscal labour income ]+[Fiscal capital income ];;
DZ;Andorra;sfiinc992j;p50p90;share;Fiscal income. Share Adults. equal-split adults;Fiscal income share held by a given percentile group. Fiscal income is defined as the sum of all income items reported on income tax returns, before any deduction. It includes labour income, capital income and mixed income. The concept of fiscal income varies with national tax legislations, so in order to make international comparisons it is preferable to use the concept of national income. The population is comprised of individuals over age 20. The base unit is the individual (rather than the household) but resources are split equally within couples.;[Fiscal income ]=[Fiscal labour income ]+[Fiscal capital income ];;
DZ;Andorra;sfiinc992i;p90p100;share;Fiscal income. Share Adults. individuals;Fiscal income share held by a given percentile group. Fiscal income is defined as the sum of all income items reported on income tax returns, before any deduction. It includes labour income, capital income and mixed income. The concept of fiscal income varies with national tax legislations, so in order to make international comparisons it is preferable to use the concept of national income. The population is comprised of individuals over age 20. The base unit is the individual (rather than the household). This is equivalent to assuming no sharing of resources within couples.;[Fiscal income ]=[Fiscal labour income ]+[Fiscal capital income ];;
DZ;Andorra;sfiinc992j;p90p100;share;Fiscal income. Share Adults. equal-split adults;Fiscal income share held by a given percentile group. Fiscal income is defined as the sum of all income items reported on income tax returns, before any deduction. It includes labour income, capital income and mixed income. The concept of fiscal income varies with national tax legislations, so in order to make international comparisons it is preferable to use the concept of national income. The population is comprised of individuals over age 20. The base unit is the individual (rather than the household) but resources are split equally within couples.;[Fiscal income ]=[Fiscal labour income ]+[Fiscal capital income ];;
DZ;Andorra;sfiinc992t;p90p100;share;Fiscal income. Share Adults. tax unit;Fiscal income share held by a given percentile group. Fiscal income is defined as the sum of all income items reported on income tax returns, before any deduction. It includes labour income, capital income and mixed income. The concept of fiscal income varies with national tax legislations, so in order to make international comparisons it is preferable to use the concept of national income. The population is comprised of individuals over age 20. The base unit is the tax unit defined by national fiscal administrations to measure personal income taxes.;[Fiscal income ]=[Fiscal labour income ]+[Fiscal capital income ];;
DZ;Andorra;wwealn999i;pall;% of national income;Net national wealth to Net National Income Ratio. Wealth-income ratio All Ages. individuals;Wealth-Income Ratio is the division of national wealth by national income.; ;;
DZ;Andorra;anweal992i;pall;"DZD; Algerian dinar";Market-value national wealth. Average Adults. individuals;Average Market-value national wealth . Net national wealth is the total value of assets (cash, housing, bonds, equities, etc.) owned by the national economy, minus its debts. The national economy - in the national accounts sense - includes all domestic sectors, i.e. all entities that are resident of a given country (in the sense of their economic activity), whether they belong to the private sector, the corporate sector, the governement sector. The population is comprised of individuals over age 20.;[Market-value national wealth ]=[National non-financial assets (market value)]+[Net foreign assets];;
DZ;Andorra;agdpro992i;pall;"DZD; Algerian dinar";Gross domestic product. Average Adults. individuals;Average Gross domestic product. Gross domestic product is the total value of goods and services produced by the national economy.The national economy - in the national accounts sense - includes all domestic sectors, i.e. all entities that are resident of a given country (in the sense of their economic activity), whether they belong to the private sector, the corporate sector, the governement sector. The population is comprised of individuals over age 20.;;GDP level in 2014 from the UN SNA main tables. Until 1959, we use the GDP growth rates from Maddison (2007). Between 1960 and 1969, we use the GDP growth rates from the World Bank. Between 1970 and 2013, we use the GDP growth rates from the UN SNA main tables.  After 2014, we use the GDP growth rates from the IMF World Economic Outlook (forecast).;"WID.world computations using: [URL][URL_LINK]http://data.worldbank.org/[/URL_LINK][URL_TEXT]World Bank[/URL_TEXT][/URL]; [URL][URL_LINK]http://unstats.un.org/unsd/snaama/Introduction.asp[/URL_LINK][URL_TEXT]United Nations National Accounts Main Aggregates Database[/URL_TEXT][/URL]; [URL][URL_LINK]http://www.ggdc.net/maddison/other_books/Contours_World_Economy.pdf[/URL_LINK][URL_TEXT]Maddison, Angus (2007). Contours of the World Economy 1-2030 AD.[/URL_TEXT][/URL]; [URL][URL_LINK]http://www.imf.org/external/pubs/ft/weo/2016/01/[/URL_LINK][URL_TEXT]IMF World Economic Outlook (04/2016)[/URL_TEXT][/URL]"
DZ;Andorra;anninc992i;pall;"DZD; Algerian dinar";National income. Average Adults. individuals;Average National income. National income aims to measure the total income available to the residents of a given country. It is equal to the gross domestic product (the total value of goods and services produced on the territory of a given country during a given year), minus fixed capital used in production processes (e.g. replacement of obsolete machines or maintenance of roads) plus the net foreign income earned by residents in the rest of the world.// National income has many limitations. However it is the only income concept that has an internationally agreed definition (established by the United Nations System of National Accounts, see SNA 2008). So we use it as our reference concept (with tax havens correction). To be improved.The national economy - in the national accounts sense - includes all domestic sectors, i.e. all entities that are resident of a given country (in the sense of their economic activity), whether they belong to the private sector, the corporate sector, the governement sector. The population is comprised of individuals over age 20.;[National income]=[Net domestic product]+[Net foreign income];We assumed zero net foreign income: from 1820 to 1976, from 1992 to 2004.;"WID.world computations using: [URL][URL_LINK]http://data.imf.org/BOP[/URL_LINK][URL_TEXT]IMF Balance of Payments Statistics[/URL_TEXT][/URL]; [URL][URL_LINK]http://data.worldbank.org/[/URL_LINK][URL_TEXT]World Bank[/URL_TEXT][/URL]; [URL][URL_LINK]http://unstats.un.org/unsd/snaama/Introduction.asp[/URL_LINK][URL_TEXT]United Nations National Accounts Main Aggregates Database[/URL_TEXT][/URL]; [URL][URL_LINK]http://www.ggdc.net/maddison/other_books/Contours_World_Economy.pdf[/URL_LINK][URL_TEXT]Maddison, Angus (2007). Contours of the World Economy 1-2030 AD.[/URL_TEXT][/URL]; [URL][URL_LINK]http://www.imf.org/external/pubs/ft/weo/2016/01/[/URL_LINK][URL_TEXT]IMF World Economic Outlook (04/2016)[/URL_TEXT][/URL]"
DZ;Andorra;shweal992j;p50p90;share;Net personal wealth. Share Adults. equal-split adults;Net personal wealth share held by a given percentile group. Net personal wealth is  the total value of non-financial and financial assets (housing, land, deposits, bonds, equities, etc.) held by households, minus their debts. . The personal or household sector - in the national accounts sense - includes all households and private individuals (including those living in institutions), as well as unincorporated enterprises whose accounts are not separated from those of the households who own them. The population is comprised of individuals over age 20. The base unit is the individual (rather than the household) but resources are split equally within couples.;[Net personal wealth]=[Personal non-financial assets]+[Personal financial assets]-[Personal debt];;
DZ;Andorra;shweal992j;p99p100;share;Net personal wealth. Share Adults. equal-split adults;Net personal wealth share held by a given percentile group. Net personal wealth is  the total value of non-financial and financial assets (housing, land, deposits, bonds, equities, etc.) held by households, minus their debts. . The personal or household sector - in the national accounts sense - includes all households and private individuals (including those living in institutions), as well as unincorporated enterprises whose accounts are not separated from those of the households who own them. The population is comprised of individuals over age 20. The base unit is the individual (rather than the household) but resources are split equally within couples.;[Net personal wealth]=[Personal non-financial assets]+[Personal financial assets]-[Personal debt];;
