Frame Rate:,25.0000000000
Frame Number,Timecode,content_val,delta_hue,delta_lum,delta_sat
21,00:00:00.840,0.0355540499849443,0.0531616982836495,0.006639566395663957,0.046860885275519425
22,00:00:00.880,12.391297801866907,14.859620596205962,7.987917795844625,14.326355013550135
23,00:00:00.920,2.5874360132490213,4.040221318879856,0.9075880758807588,2.81449864498645
24,00:00:00.960,8.680766335441133,12.664792231255646,4.028997289972899,9.348509485094851
25,00:00:01.000,12.582926829268294,15.995596205962059,7.706571815718157,14.046612466124662
26,00:00:01.040,4.175963565191207,6.755149051490515,1.3970641373080397,4.375677506775068
27,00:00:01.080,11.894610057211684,14.611743450767841,7.149074074074074,13.923012646793135
28,00:00:01.120,0.29506172839506173,0.5351400180668473,0.05589430894308943,0.29415085817524844
29,00:00:01.160,11.492186088527552,16.203681120144534,5.40609756097561,12.866779584462511
30,00:00:01.200,10.75420054200542,15.407904245709124,5.009598012646793,11.845099367660342
31,00:00:01.240,4.509650707618188,7.188753387533875,1.6332655826558267,4.70693315266486
32,00:00:01.280,11.769113218909967,14.88552393857272,7.141553748870822,13.280261969286359
33,00:00:01.320,0.4899503161698284,0.8651084010840109,0.0860207768744354,0.5187217705510389
34,00:00:01.360,8.20688798554652,10.917931345980126,4.110388437217705,9.592344173441735
35,00:00:01.400,8.552800361336947,11.658852755194218,4.223644986449864,9.775903342366757
36,00:00:01.440,2.058325805480277,3.3789972899729,0.5468834688346883,2.249096657633243
37,00:00:01.480,9.728839205058717,13.795505871725384,4.588504968383017,10.802506775067751
38,00:00:01.520,4.4437443541102075,7.327326106594399,1.5931345980126468,4.410772357723578
39,00:00:01.560,8.807753688647997,12.625767841011744,4.327597109304427,9.469896115627822
40,00:00:01.600,7.931218006624511,11.557407407407407,3.9263550135501357,8.30989159891599
41,00:00:01.640,1.1020325203252033,2.031210478771454,0.22486449864498645,1.050022583559169
42,00:00:01.680,8.735471243601324,13.126016260162602,4.159981933152665,8.920415537488708
43,00:00:01.720,5.046537187594098,7.801106594399277,1.824683830171635,5.513821138211382
44,00:00:01.760,10.753214393255044,14.953748870822041,5.387172538392051,11.91872177055104
45,00:00:01.800,12.52536886479976,16.829494128274614,7.03906955736224,13.70754290876242
46,00:00:01.840,5.569369165913881,8.700700090334237,2.184598012646793,5.822809394760614
47,00:00:01.880,8.909304426377597,12.45146793134598,4.430623306233063,9.845822041553749
48,00:00:01.920,3.2437970490816017,4.7823622402890695,1.2023035230352304,3.7467253839205057
49,00:00:01.960,10.609274314965374,15.364092140921409,4.5079945799458,11.955736224028907
50,00:00:02.000,9.08450015055706,13.27962962962963,4.161156278229449,9.812714543812104
51,00:00:02.040,5.737262872628726,8.469444444444445,2.3987579042457092,6.343586269196026
52,00:00:02.080,11.604155374887084,16.710772357723577,5.637443541102078,12.464250225835592
53,00:00:02.120,4.553959650707618,6.184688346883469,2.241576332429991,5.235614272809395
54,00:00:02.160,17.494323998795544,23.440379403794037,13.152168021680216,15.890424570912376
55,00:00:02.200,37.8533950617284,29.634168925022582,56.143766937669376,27.782249322493225
56,00:00:02.240,3.031903041252635,2.9364272809394762,1.9975383920505871,4.161743450767841
57,00:00:02.280,43.601821740439625,34.98626919602529,67.87396115627823,27.94523486901536
58,00:00:02.320,5.6934658235471245,8.043744354110208,2.883378500451671,6.153274616079494
59,00:00:02.360,19.09004817825956,25.266440831074977,16.441237579042458,15.562466124661247
60,00:00:02.400,11.223547124360133,15.112940379403794,6.592163504968383,11.96553748870822
61,00:00:02.440,5.946823246010237,8.864972899728997,2.4003613369467027,6.575135501355014
62,00:00:02.480,13.193849744052995,20.146680216802167,5.385591689250226,14.049277326106594
63,00:00:02.520,6.9363218909966875,10.723057813911472,2.972289972899729,7.1136178861788615
64,00:00:02.560,12.501377597109304,17.68279132791328,6.945460704607046,12.875880758807588
65,00:00:02.600,12.685343270099366,17.659598012646793,7.069647696476965,13.326784101174345
66,00:00:02.640,7.947658837699488,11.098803071364047,3.8815040650406503,8.862669376693766
67,00:00:02.680,10.808596808190304,15.050135501355014,5.831684733514002,11.543970189701897
68,00:00:02.720,5.6210102378801565,8.02563233965673,2.732000903342367,6.105397470641373
69,00:00:02.760,10.967524841915086,15.736924119241193,5.542570009033423,11.623080397470641
70,00:00:02.800,10.283032219211082,15.14875790424571,4.860907859078591,10.839430894308943
71,00:00:02.840,7.2388813610358325,11.130194218608853,3.2643179765130985,7.322131887985546
72,00:00:02.880,10.516388136103583,15.798622402890695,4.526016260162602,11.224525745257452
73,00:00:02.920,7.199774164408311,11.513595302619693,2.7506775067750677,7.335049683830172
74,00:00:02.960,9.86592140921409,14.233739837398375,5.233107497741644,10.130916892502258
75,00:00:03.000,7.955495332731105,12.29686088527552,3.591034327009937,7.978590785907859
76,00:00:03.040,5.529802770249925,8.170280036133695,2.6257452574525746,5.793383017163505
77,00:00:03.080,12.585794941282748,17.024819331526647,7.200722673893406,13.531842818428185
78,00:00:03.120,8.077913279132792,12.578816621499548,3.379742547425474,8.275180668473352
79,00:00:03.160,13.629396266184884,19.004290876242095,7.827619692863595,14.056278229448962
80,00:00:03.200,8.494572417946403,11.172560975609755,3.8501129177958444,10.461043360433605
81,00:00:03.240,5.657557964468534,8.093383017163505,2.279223125564589,6.600067750677507
82,00:00:03.280,9.053989762119844,13.118428184281843,3.7107046070460705,10.332836495031618
83,00:00:03.320,5.883468834688347,8.727935862691961,2.468383017163505,6.454087624209575
84,00:00:03.360,9.13166967780789,12.694557362240289,4.141734417344173,10.558717253839205
85,00:00:03.400,8.65212285456188,13.075542005420054,3.3339656729900633,9.54686088527552
86,00:00:03.440,4.797944896115628,7.806165311653117,1.571680216802168,5.015989159891599
87,00:00:03.480,7.932128876844324,11.628252032520326,3.4672312556458897,8.700903342366757
88,00:00:03.520,3.700933453778983,5.44643179765131,1.4923441734417344,4.1640243902439025
89,00:00:03.560,13.924947305028605,20.01492773261066,5.930058717253839,15.82985546522132
90,00:00:03.600,10.815537488708221,15.371296296296297,4.84916440831075,12.226151761517615
91,00:00:03.640,6.284974405299607,9.3493450767841,2.239476061427281,7.266102077687443
92,00:00:03.680,11.452401385124963,15.376106594399277,6.017524841915086,12.963572719060524
93,00:00:03.720,0.632324601023788,0.852710027100271,0.2166892502258356,0.8275745257452575
94,00:00:03.760,12.344158386028306,16.161269196025295,6.985907859078591,13.88529810298103
95,00:00:03.800,12.466764528756398,17.18340108401084,6.486449864498645,13.730442637759712
96,00:00:03.840,0.560817524841915,0.9142050587172539,0.11522131887985547,0.653026196928636
97,00:00:03.880,12.568631436314362,17.66093044263776,6.339792231255646,13.705171635049684
98,00:00:03.920,4.145965070761819,6.372041553748871,1.264159891598916,4.801693766937669
99,00:00:03.960,11.200557061126167,16.113753387533876,4.439453477868112,13.048464317976514
100,00:00:04.000,7.910471243601324,12.209259259259259,2.6718383017163503,8.850316169828364
101,00:00:04.040,0.7829117735621801,1.3049909665763324,0.21357271906052394,0.8301716350496838
102,00:00:04.080,8.59936766034327,12.280600722673894,3.546612466124661,9.970889792231256
103,00:00:04.120,3.838286660644384,6.354358626919603,0.9855013550135502,4.175
104,00:00:04.160,7.8872929840409505,11.809394760614273,2.95986901535682,8.892615176151761
105,00:00:04.200,10.812985546522134,15.89494128274616,4.3976738934056,12.146341463414634
106,00:00:04.240,3.8161623005118934,5.9100271002710025,1.2236675700090334,4.3147922312556455
107,00:00:04.280,8.564107196627521,13.015176151761517,3.6932023486901535,8.983943089430895
108,00:00:04.320,0.28487654320987654,0.5444444444444444,0.0706639566395664,0.2395212285456188
109,00:00:04.360,8.049698885877747,12.560614272809394,3.1112691960252934,8.477213188798554
110,00:00:04.400,8.20204004817826,12.653635953026196,3.3473351400180666,8.605149051490516
111,00:00:04.440,5.4873306233062324,9.357633242999096,1.6163956639566395,5.487962962962963
112,00:00:04.480,9.088045769346582,13.645234869015356,3.8316621499548327,9.787240289069558
113,00:00:04.520,0.6896115627822944,1.1709123757904245,0.1373757904245709,0.760546522131888
114,00:00:04.560,8.67545167118338,13.109191508581752,3.4911020776874437,9.42606142728094
115,00:00:04.600,6.884838903944595,10.32481933152665,2.9805103884372177,7.349186991869919
116,00:00:04.640,3.5882113821138213,6.012737127371274,1.0443315266485997,3.70756549232159
117,00:00:04.680,7.186856368563685,11.423780487804878,2.747922312556459,7.38886630532972
118,00:00:04.720,3.1737654320987656,5.120686540198736,0.869896115627823,3.530713640469738
119,00:00:04.760,7.8044564890093335,11.303839205058717,3.4257000903342365,8.68383017163505
120,00:00:04.800,8.507934357121348,12.012646793134598,3.6850722673893404,9.826084010840109
121,00:00:04.840,1.4652965974104184,2.4462511291779583,0.3385049683830172,1.6111336946702801
122,00:00:04.880,7.751716350496838,11.419421860885276,3.045212285456188,8.79051490514905
123,00:00:04.920,3.2801716350496837,5.142931345980126,0.9373757904245709,3.7602077687443543
124,00:00:04.960,6.58486901535682,10.089205058717253,2.3477868112014453,7.317615176151762
125,00:00:05.000,8.64893857271906,12.566553748870822,3.242750677506775,10.137511291779585
126,00:00:05.040,2.9354637157482686,4.567682926829268,0.8523938572719061,3.3863143631436317
127,00:00:05.080,5.593593797049081,7.763595302619692,2.2934733514001806,6.7237127371273715
128,00:00:05.120,13.129750075278531,19.634214092140923,4.6422538392050585,15.112782294489612
129,00:00:05.160,6.943066847335139,10.334914182475158,2.96239837398374,7.531887985546522
130,00:00:05.200,9.812872628726288,14.562827461607949,3.5097560975609756,11.366034327009936
131,00:00:05.240,4.442991568804577,6.639566395663957,1.6526648599819331,5.036743450767841
132,00:00:05.280,8.328462812405903,12.129494128274617,3.4764227642276424,9.379471544715447
133,00:00:05.320,2.1404396266184884,3.579900632339657,0.5931797651309847,2.248238482384824
134,00:00:05.360,9.15946251129178,13.517163504968384,4.211111111111111,9.750112917795844
135,00:00:05.400,7.623765432098765,11.415650406504065,3.372018970189702,8.08362691960253
136,00:00:05.440,4.825745257452575,8.335614272809394,1.527122854561879,4.61449864498645
137,00:00:05.480,8.72669376693767,13.030352303523035,3.720528455284553,9.42920054200542
138,00:00:05.520,4.32330623306233,6.887420957542909,1.5115401987353208,4.570957542908762
139,00:00:05.560,6.923155676001205,10.178477868112015,2.9770551038843722,7.613934056007227
140,00:00:05.600,9.369813309244204,13.794489611562783,4.55776874435411,9.757181571815718
141,00:00:05.640,4.282429990966577,6.640492321589883,1.62920054200542,4.577597109304427
142,00:00:05.680,7.9007452574525745,12.46111111111111,3.2684959349593496,7.972628726287263
143,00:00:05.720,5.8898976211984335,9.075722673893406,2.2525293586269197,6.341440831074977
144,00:00:05.760,10.230856669677808,14.917886178861789,4.426942186088527,11.347741644083108
145,00:00:05.800,8.108498946100573,11.948509485094851,3.4947831978319783,8.882204155374888
146,00:00:05.840,4.170024089129781,6.203861788617886,1.6817073170731707,4.624503161698284
147,00:00:05.880,8.786118638964167,12.586517615176152,4.310072267389341,9.46176603432701
148,00:00:05.920,6.052454080096356,9.278003613369467,2.379516711833785,6.499841915085818
149,00:00:05.960,11.25538241493526,15.578410117434508,5.546160794941283,12.641576332429992
150,00:00:06.000,9.984327009936765,13.19853206865402,5.470031616982837,11.284417344173441
151,00:00:06.040,6.1799382716049385,9.481458897922312,2.5920957542908765,6.466260162601626
152,00:00:06.080,7.712932851550739,10.704494128274616,4.059101174345077,8.37520325203252
153,00:00:06.120,5.532520325203252,8.221070460704608,2.4366079494128274,5.939882565492321
154,00:00:06.160,8.622771755495332,12.511991869918699,4.249254742547426,9.107068654019873
155,00:00:06.200,8.761939174947306,13.351987353206866,3.7402439024390244,9.193586269196025
156,00:00:06.240,5.612654320987654,8.33760162601626,2.3823848238482386,6.117976513098465
157,00:00:06.280,7.380096356519121,10.628003613369467,3.5832881662149956,7.9289972899729
158,00:00:06.320,4.908657031014754,7.250722673893406,2.2402439024390244,5.235004516711834
159,00:00:06.360,6.287270400481781,9.181165311653116,2.6778229448961155,7.002822944896115
160,00:00:06.400,7.8487127371273715,10.94537037037037,3.6546747967479676,8.946093044263776
161,00:00:06.440,4.401836796145739,5.994625112917796,2.172244805781391,5.038640469738031
162,00:00:06.480,9.07997591087022,12.398599819331526,4.667908762420957,10.173419150858175
163,00:00:06.520,5.4370671484492625,7.688256549232159,2.6505420054200544,5.972402890695574
164,00:00:06.560,9.127393857271905,12.846341463414634,4.586833785004517,9.949006323396567
165,00:00:06.600,8.220814513700693,11.746883468834689,4.271680216802168,8.64387985546522
166,00:00:06.640,4.5600045167118335,6.2510614272809395,2.402077687443541,5.02687443541102
167,00:00:06.680,9.54333032219211,12.822018970189703,5.708807588075881,10.09916440831075
168,00:00:06.720,5.524405299608552,7.616147244805782,2.6912149954832882,6.265853658536585
169,00:00:06.760,11.45956790123457,15.458130081300814,6.963888888888889,11.956684733514003
170,00:00:06.800,8.84610809996989,12.260682023486902,4.585478771454381,9.692163504968383
171,00:00:06.840,6.58181270701596,9.802619692863596,2.8310749774164408,7.111743450767841
172,00:00:06.880,8.792554953327311,12.177800361336947,4.276603432700994,9.923261065943993
173,00:00:06.920,4.44951068955134,5.5920957542908765,2.3402213188798555,5.416214995483288
174,00:00:06.960,10.514069557362241,14.18570460704607,5.900225835591689,11.45627822944896
175,00:00:07.000,10.751355013550134,15.469218608852755,4.64096657633243,12.14387985546522
176,00:00:07.040,6.483137609153869,9.527190605239385,2.162624209575429,7.759598012646793
177,00:00:07.080,8.744060523938572,11.708785004516711,3.9960027100271,10.527393857271907
178,00:00:07.120,4.639152363745859,6.392411924119241,2.220889792231256,5.304155374887082
179,00:00:07.160,11.775745257452575,13.935230352303524,6.93696928635953,14.455036133694671
180,00:00:07.200,9.962157482685939,13.681865401987354,4.8444670280036135,11.360140018066847
181,00:00:07.240,1.2275293586269196,1.983446251129178,0.3852077687443541,1.3139340560072268
182,00:00:07.280,8.673238482384823,12.726196928635954,3.986630532971996,9.306887985546522
183,00:00:07.320,5.306835290575127,7.619557362240289,2.206955736224029,6.093992773261066
184,00:00:07.360,8.172222222222222,10.840672990063235,3.316531165311653,10.35946251129178
185,00:00:07.400,8.10362842517314,10.657678410117434,3.314995483288166,10.33821138211382
186,00:00:07.440,5.244933754893104,7.196138211382114,2.084643179765131,6.454019873532069
187,00:00:07.480,6.194361638060825,8.168450767841012,2.9857271906052394,7.428906955736224
188,00:00:07.520,6.142615176151762,9.06912827461608,2.4208897922312556,6.93782746160795
189,00:00:07.560,8.738008130081301,11.967276422764227,4.008288166214996,10.23845980126468
190,00:00:07.600,8.154358626919603,11.623351400180669,3.5808943089430896,9.258830171635049
191,00:00:07.640,4.407956940680518,6.023035230352304,1.8698509485094852,5.330984643179765
192,00:00:07.680,7.520039144835894,10.822199638663053,3.20356820234869,8.534349593495936
193,00:00:07.720,4.630578139114725,6.484914182475158,1.8125564588979224,5.594263775971093
194,00:00:07.760,7.891260162601626,10.982881662149955,3.6100948509485096,9.080803974706413
195,00:00:07.800,8.092140921409213,11.25040650406504,3.8598012646793136,9.166214995483289
196,00:00:07.840,1.0038166214995483,1.7399954832881661,0.27335140018066845,0.9981029810298103
197,00:00:07.880,10.621996386630533,13.396589882565491,6.031436314363144,12.437962962962963
198,00:00:07.920,4.867645287563987,6.791463414634146,2.030691056910569,5.7807813911472445
199,00:00:07.960,11.102175549533271,14.878410117434507,5.918608852755194,12.509507678410117
200,00:00:08.000,10.73976211984342,14.133446251129177,4.682926829268292,13.402913279132791
201,00:00:08.040,5.511991869918699,7.994896115627823,2.1214543812104787,6.419625112917796
202,00:00:08.080,10.38553899427883,13.897335140018066,5.310885275519422,11.948396567299007
203,00:00:08.120,0.09949563384522735,0.15176151761517614,0.018586269196025292,0.12813911472448059
204,00:00:08.160,12.742457091237581,16.944896115627824,6.540989159891599,14.741485998193316
205,00:00:08.200,10.506368563685637,14.230691056910569,5.070754290876242,12.217660343270099
206,00:00:08.240,3.331263173742849,4.698870822041553,1.251219512195122,4.04369918699187
207,00:00:08.280,8.178455284552845,10.637217705510388,4.275542005420054,9.622606142728094
208,00:00:08.320,0.053854260764829874,0.08873080397470641,0.018021680216802168,0.05481029810298103
209,00:00:08.360,11.281172839506171,15.414859981933153,5.372831978319783,13.055826558265583
210,00:00:08.400,8.457934357121347,11.57644534778681,4.317818428184282,9.479539295392954
211,00:00:08.440,0.7062104787714544,1.1453929539295393,0.19986449864498645,0.7733739837398373
212,00:00:08.480,10.643134598012645,15.13823396567299,4.386562782294489,12.40460704607046
213,00:00:08.520,4.535689551339957,6.3208672086720865,1.9461382113821137,5.340063233965673
214,00:00:08.560,9.814995483288167,13.69137308039747,4.385275519421861,11.368337850045167
215,00:00:08.600,8.351068955133995,11.370415537488709,4.236720867208672,9.446070460704608
216,00:00:08.640,3.557881662149955,4.646047877145438,1.986720867208672,4.040876242095754
217,00:00:08.680,11.19339054501656,14.148035230352303,6.231842818428184,13.200293586269195
218,00:00:08.720,6.3904396266184875,8.924096657633243,2.881865401987353,7.365356820234869
219,00:00:08.760,8.788264077085216,11.265898825654924,4.478093947606142,10.62079945799458
220,00:00:08.800,10.61916591388136,13.90817524841915,5.920822041553749,12.028500451671183
221,00:00:08.840,6.252544414333033,9.09771906052394,2.970754290876242,6.689159891598916
222,00:00:08.880,9.077311050888285,11.27646793134598,5.6852981029810294,10.27016711833785
223,00:00:08.920,4.242118337850045,5.596951219512195,2.4140469738030714,4.715356820234869
224,00:00:08.960,9.453455284552845,12.878387533875339,5.218563685636856,10.263414634146342
225,00:00:09.000,10.415055706112616,15.796815718157182,4.257791327913279,11.19056007226739
226,00:00:09.040,7.722545919903642,11.83988256549232,3.4658536585365853,7.861901535682024
227,00:00:09.080,10.58739837398374,15.115695573622403,6.032158988256549,10.614340560072268
228,00:00:09.120,5.134590484793737,7.701219512195122,2.515718157181572,5.1868337850045165
229,00:00:09.160,9.270016561276725,13.79514453477868,4.848803071364047,9.166102077687443
230,00:00:09.200,8.599337548931045,12.23949864498645,5.115379403794038,8.443134598012646
231,00:00:09.240,4.9166892502258355,6.843247515808492,2.6248870822041552,5.28193315266486
232,00:00:09.280,9.552755194218609,14.09539295392954,5.144150858175248,9.41872177055104
233,00:00:09.320,6.730969587473653,9.729584462511292,3.3637308039747063,7.099593495934959
234,00:00:09.360,12.456105088828666,18.08550135501355,6.669399277326106,12.613414634146341
235,00:00:09.400,11.31927130382415,17.47495483288166,5.146883468834688,11.335975609756098
236,00:00:09.440,6.207128876844323,9.614385727190605,2.640921409214092,6.366079494128274
237,00:00:09.480,8.631609454983439,11.833017163504968,5.076196928635953,8.985614272809395
238,00:00:09.520,6.520980126467932,9.066892502258355,3.4603432700993677,7.03570460704607
239,00:00:09.560,10.059500150557062,12.203658536585365,6.360975609756098,11.61386630532972
240,00:00:09.600,9.65353056308341,12.682904245709123,5.585569105691057,10.692118337850046
241,00:00:09.640,5.993398072869618,8.27416440831075,3.036449864498645,6.669579945799458
242,00:00:09.680,10.15797199638663,12.908965672990064,5.537804878048781,12.027145438121048
243,00:00:09.720,4.924465522433001,6.690808491418247,2.444489611562782,5.638098464317976
244,00:00:09.760,10.474932249322494,15.06341463414634,4.9970641373080396,11.364317976513098
245,00:00:09.800,10.420392953929541,15.403952122854562,4.535252935862692,11.321973803071364
246,00:00:09.840,4.2356293285155076,6.282249322493225,1.6981707317073171,4.72646793134598
247,00:00:09.880,15.03546371574827,19.249209575429088,8.484778681120144,17.372402890695575
248,00:00:09.920,13.293857271906054,15.491305329719964,9.818224932249322,14.572041553748871
249,00:00:09.960,58.15774616079494,45.27913279132791,75.95962059620597,53.234485094850946
250,00:00:10.000,16.50776874435411,15.663595302619694,17.343812104787716,16.515898825654922
251,00:00:10.040,10.380352303523035,10.502687443541102,8.554539295392955,12.08383017163505
252,00:00:10.080,11.693217404396266,11.198012646793135,9.979290876242096,13.902348690153568
253,00:00:10.120,11.393285155073771,12.022402890695574,8.88782746160795,13.269625112917796
254,00:00:10.160,10.309575429087625,10.277800361336947,9.329087624209576,11.321838301716351
255,00:00:10.200,11.95054953327311,11.76154019873532,9.616757000903343,14.473351400180668
256,00:00:10.240,13.945769346582354,14.391056910569105,10.960207768744354,16.486043360433605
257,00:00:10.280,12.244286359530262,12.99094399277326,10.808062330623306,12.933852755194218
258,00:00:10.320,12.323230954531768,13.580487804878048,10.427235772357724,12.96196928635953
259,00:00:10.360,12.95587172538392,14.563730803974707,11.079787714543812,13.224096657633243
260,00:00:10.400,13.739092140921409,14.9636630532972,11.58611111111111,14.667502258355917
261,00:00:10.440,12.481353507979522,13.712443541102077,10.657204155374886,13.074412827461607
262,00:00:10.480,13.406714844926228,15.197380307136404,11.155555555555555,13.86720867208672
263,00:00:10.520,12.217291478470342,13.666056910569106,10.884936766034327,12.100880758807588
264,00:00:10.560,13.661449864498644,15.614950316169828,11.660817524841915,13.708581752484191
265,00:00:10.600,14.369738030713641,16.39473803071364,10.702913279132792,16.01156278229449
266,00:00:10.640,15.510742246311352,17.986088527551942,11.785094850948509,16.761043360433604
267,00:00:10.680,14.036028304727493,17.23845980126468,10.951196928635953,13.918428184281844
268,00:00:10.720,14.072500752785304,17.362511291779583,11.569783197831978,13.285207768744353
269,00:00:10.760,14.498637458596809,18.269354110207768,12.047109304426378,13.179448961156279
270,00:00:10.800,16.170852152965974,21.441260162601626,12.169783197831979,14.901513098464317
271,00:00:10.840,13.73005871725384,17.19354110207769,11.539882565492322,12.456752484191508
272,00:00:10.880,14.3814438422162,17.95483288166215,12.330984643179765,12.858514001806684
273,00:00:10.920,13.57603884372177,16.591418247515808,11.693383017163505,12.443315266485998
274,00:00:10.960,14.278635953026196,17.806707317073172,11.904990966576332,13.124209575429088
275,00:00:11.000,14.863196326407708,19.74196025293586,11.633288166214996,13.214340560072268
276,00:00:11.040,13.879328515507376,18.57856820234869,10.90420054200542,12.155216802168022
277,00:00:11.080,15.632023486901536,20.62378048780488,12.354674796747968,13.917615176151761
278,00:00:11.120,2.18437970490816,3.711811201445348,0.8242547425474255,2.0170731707317073
279,00:00:11.160,7.488467329117736,11.603139114724481,3.945189701897019,6.917073170731707
280,00:00:11.200,7.638753387533876,12.113279132791329,3.789159891598916,7.013821138211382
281,00:00:11.240,6.187187594098162,9.821747967479675,3.2715447154471544,5.46827009936766
282,00:00:11.280,10.35238632941885,16.383468834688347,5.240469738030714,9.43322041553749
283,00:00:11.320,5.7877220716651605,9.320460704607045,2.9295844625112917,5.113121047877145
284,00:00:11.360,9.171454381210479,15.151761517615176,4.032520325203252,8.330081300813008
285,00:00:11.400,7.8168096958747375,12.872967479674797,3.103906955736224,7.473554652213188
286,00:00:11.440,4.617803372478169,6.66680216802168,2.733739837398374,4.452868112014453
287,00:00:11.480,7.762639265281542,11.769150858175248,4.232542908762421,7.286224028906956
288,00:00:11.520,5.557971996386631,8.814385727190606,2.879742547425474,4.9797877145438125
289,00:00:11.560,8.242487202649803,12.95612014453478,3.9749096657633243,7.79643179765131
290,00:00:11.600,7.239302920806986,11.711788617886178,3.3384598012646793,6.667660343270099
291,00:00:11.640,6.02540650406504,9.812827461607949,2.84390243902439,5.419489611562782
292,00:00:11.680,9.378545618789522,13.51639566395664,5.164408310749774,9.45483288166215
293,00:00:11.720,5.267908762420958,7.959643179765131,2.6800135501355014,5.16406955736224
294,00:00:11.760,6.779283348389039,9.73570460704607,3.938256549232159,6.663888888888889
295,00:00:11.800,6.87640770852153,9.616056910569105,3.799977416440831,7.213188798554652
296,00:00:11.840,4.211803673592292,5.656255645889792,2.3790424570912374,4.600112917795845
297,00:00:11.880,6.922500752785305,9.192502258355917,3.8279132791327912,7.747086720867209
298,00:00:11.920,1.814573923517013,3.2562104787714543,0.5663504968383017,1.6211607949412827
299,00:00:11.960,6.988783498946101,9.824141824751582,3.7871273712737126,7.3550813008130085
300,00:00:12.000,7.998208370972599,10.228274616079494,5.160117434507678,8.606233062330624
301,00:00:12.040,4.756473953628425,6.357610659439928,2.75230352303523,5.159507678410117
302,00:00:12.080,12.591644083107496,16.035207768744353,6.973757904245709,14.76596657633243
303,00:00:12.120,4.789114724480578,8.225067750677507,1.9998870822041555,4.142389340560072
304,00:00:12.160,21.492404396266185,21.478048780487804,20.084101174345076,22.91506323396567
305,00:00:12.200,21.673426678711234,26.78965672990063,16.696115627822945,21.53450767841012
306,00:00:12.240,1.0895663956639565,2.0214543812104786,0.33778229448961156,0.9094625112917796
307,00:00:12.280,10.01539445950015,14.034823848238482,4.998238482384824,11.013121047877146
308,00:00:12.320,3.464634146341463,5.117953929539295,1.4773261065943992,3.7986224028906954
309,00:00:12.360,10.44963113520024,11.17436766034327,6.684756097560975,13.489769647696477
310,00:00:12.400,7.9974179464016855,9.76260162601626,4.38864046973803,9.841011743450768
311,00:00:12.440,0.815770852152966,1.2214092140921409,0.30040650406504066,0.9254968383017164
312,00:00:12.480,8.116109605540501,10.216531165311654,4.770980126467931,9.360817524841915
313,00:00:12.520,3.942968985245409,5.381616982836495,1.7976738934056007,4.649616079494129
314,00:00:12.560,7.595731707317072,8.68358175248419,5.210049683830172,8.893563685636856
315,00:00:12.600,10.53498946100572,11.897109304426378,7.124006323396567,12.583852755194219
316,00:00:12.640,2.8142426979825355,3.5969286359530264,1.3217931345980127,3.5240063233965673
317,00:00:12.680,7.014957844022884,8.366124661246612,3.7973577235772358,8.881391147244805
318,00:00:12.720,1.403297199638663,2.0058717253839204,0.5467028003613369,1.6573170731707316
319,00:00:12.760,5.9232911773562185,7.8115853658536585,3.0765808491418247,6.881707317073171
320,00:00:12.800,8.76388888888889,11.02922312556459,5.715740740740741,9.546702800361336
321,00:00:12.840,3.6290725685034624,4.823170731707317,1.7444218608852755,4.319625112917796
322,00:00:12.880,5.867366757000904,7.44223125564589,3.075925925925926,7.083943089430894
323,00:00:12.920,4.022357723577236,5.710140018066848,1.9068654019873532,4.450067750677507
324,00:00:12.960,6.448501957241795,8.457678410117435,3.1789972899728998,7.70883017163505
325,00:00:13.000,6.946529659741041,9.528748870822042,3.5367660343270098,7.774074074074074
326,00:00:13.040,1.651927130382415,2.8471093044263776,0.5050135501355013,1.603658536585366
327,00:00:13.080,8.45115928937067,11.445076784101174,4.185343270099367,9.723057813911472
328,00:00:13.120,4.182663354411322,6.609417344173441,1.5988482384823848,4.339724480578139
329,00:00:13.160,8.266071966275218,11.631029810298102,4.265650406504065,8.901535682023487
330,00:00:13.200,7.483468834688346,10.654878048780487,3.6636630532971997,8.131865401987353
331,00:00:13.240,4.8779358626919604,7.048261065943993,2.35923667570009,5.226309846431798
332,00:00:13.280,6.690499849442939,9.065605239385727,3.713821138211382,7.292073170731707
333,00:00:13.320,5.31798404095152,8.317457091237578,2.275248419150858,5.361246612466124
334,00:00:13.360,8.010087323095453,10.909394760614273,4.444376693766937,8.676490514905149
335,00:00:13.400,7.216930141523638,10.234168925022583,3.692728093947606,7.723893405600722
336,00:00:13.440,4.113136103583257,6.624277326106594,1.644015356820235,4.071115627822945
337,00:00:13.480,9.637323095453176,14.10356820234869,5.151648599819332,9.656752484191509
338,00:00:13.520,5.212722071665161,8.602619692863595,1.8489611562782295,5.1865853658536585
339,00:00:13.560,10.091403191809695,13.628906955736223,4.813911472448058,11.831391147244807
340,00:00:13.600,6.959146341463414,9.263663053297199,2.658446251129178,8.955329719963867
341,00:00:13.640,1.0137834989461005,1.4336495031616983,0.2860885275519422,1.3216124661246613
342,00:00:13.680,7.480284552845529,9.79223125564589,3.9787940379403794,8.669828364950316
343,00:00:13.720,3.2196853357422466,4.0156278229448965,1.4821364046973804,4.161291779584462
344,00:00:13.760,7.834311954230653,9.70379403794038,3.7137082204155374,10.085433604336043
345,00:00:13.800,7.398983739837398,9.4619918699187,3.8375112917795846,8.89744805781391
346,00:00:13.840,1.7514754591990365,2.4401987353206867,0.6343044263775971,2.1799232158988255
347,00:00:13.880,5.9416365552544415,7.503590785907859,3.336720867208672,6.984598012646793
348,00:00:13.920,3.7492472146943694,5.168450767841012,1.7531616982836495,4.326129177958446
349,00:00:13.960,6.712006925624812,8.569783197831978,3.7975158084914185,7.768721770551039
350,00:00:14.000,8.849601023788017,12.115898825654924,4.572538392050587,9.860365853658537
351,00:00:14.040,1.9023336344474557,2.6039972899728996,0.7598915989159891,2.343112014453478
352,00:00:14.080,6.04628876844324,8.234101174345076,3.241282746160795,6.6634823848238485
353,00:00:14.120,2.8405149051490515,4.004652213188798,1.1508130081300814,3.366079494128275
354,00:00:14.160,6.431616982836495,8.37917795844625,3.584914182475158,7.330758807588076
355,00:00:14.200,4.666102077687444,5.929516711833785,2.368608852755194,5.700180668473352
356,00:00:14.240,0.4430593194820837,0.5689476061427281,0.18046522131887985,0.5797651309846432
357,00:00:14.280,8.565349292381812,11.399954832881662,5.272854561878952,9.023238482384825
358,00:00:14.320,3.1330849141824757,5.1289747064137305,1.2399051490514905,3.0303748870822043
359,00:00:14.360,5.611939174947305,7.814430894308943,3.1269421860885274,5.894444444444445
360,00:00:14.400,8.552160493827161,11.167140921409214,5.103545618789521,9.385794941282747
361,00:00:14.440,2.715672990063234,4.017682926829268,1.2227868112014453,2.906549232158988
362,00:00:14.480,6.792570009033423,9.099322493224932,3.7907859078590787,7.48760162601626
363,00:00:14.520,0.35007527853056314,0.489453477868112,0.12107046070460704,0.43970189701897017
364,00:00:14.560,5.824819331526648,7.980600722673893,3.288550135501355,6.205307136404698
365,00:00:14.600,7.0466802168021685,11.19875790424571,3.2019647696476965,6.739317976513099
366,00:00:14.640,3.0625489310448657,5.015514905149051,1.0995483288166215,3.0725835591689252
367,00:00:14.680,5.655676001204456,8.875022583559169,2.486427280939476,5.605578139114725
368,00:00:14.720,1.176859379704908,1.6588075880758808,0.505126467931346,1.3666440831074977
369,00:00:14.760,6.430141523637459,8.70948509485095,3.50230352303523,7.078635953026197
370,00:00:14.800,7.866501053899427,11.251174345076784,3.9859756097560974,8.362353206865402
371,00:00:14.840,3.005758807588076,4.6710027100271,1.2413956639566395,3.104878048780488
372,00:00:14.880,7.4138060825052685,10.683062330623306,4.1138211382113825,7.4445347786811205
373,00:00:14.920,1.4257000903342367,2.3007226738934055,0.5338301716350496,1.4425474254742547
374,00:00:14.960,9.780066245106896,13.105645889792232,6.191305329719964,10.043247515808492
375,00:00:15.000,6.320054200542006,8.562714543812104,3.0886856368563684,7.308762420957543
376,00:00:15.040,2.3430141523637458,3.3754290876242097,1.0098012646793135,2.6438121047877146
377,00:00:15.080,4.634853959650708,5.945505871725384,2.2625790424570913,5.696476964769648
378,00:00:15.120,2.4767916290274012,3.8071364046973803,0.872877145438121,2.750361336946703
379,00:00:15.160,6.873246010237881,9.74347335140018,3.390943992773261,7.485320686540199
380,00:00:15.200,8.201181872929839,12.432520325203251,3.709643179765131,8.461382113821138
381,00:00:15.240,3.4193541102077685,5.4684281842818425,1.2323396567299005,3.5572944896115626
382,00:00:15.280,7.052326106594399,10.836291779584462,3.131639566395664,7.189046973803071
383,00:00:15.320,0.4917570009033423,0.9021228545618789,0.1258130081300813,0.44733514001806685
384,00:00:15.360,13.39771906052394,18.47540650406504,6.20210027100271,15.515650406504065
385,00:00:15.400,7.969692863595302,10.44514453477868,4.537895212285457,8.92603884372177
386,00:00:15.440,4.269075579644685,6.834168925022584,1.4841915085817525,4.4888663053297195
387,00:00:15.480,5.862955435109907,8.55670731707317,2.914814814814815,6.117344173441734
388,00:00:15.520,0.7333182776272208,1.1639340560072267,0.21829268292682927,0.8177280939476061
389,00:00:15.560,6.8547726588377,10.203093947606142,3.1315040650406503,7.229719963866305
390,00:00:15.600,8.027235772357724,11.270754290876242,4.041350496838302,8.769602529358627
391,00:00:15.640,3.717163504968383,5.685388437217705,1.471951219512195,3.9941508581752485
392,00:00:15.680,7.115153568202348,9.861607949412827,3.619263775971093,7.864588979223125
393,00:00:15.720,1.8038542607648298,3.0697380307136406,0.5169150858175249,1.8249096657633244
394,00:00:15.760,8.444361638060826,12.342299006323396,4.036788617886179,8.9539972899729
395,00:00:15.800,5.910426076482987,8.318315266485998,2.884394760614273,6.52856820234869
396,00:00:15.840,0.9378349894610057,1.4762420957542908,0.2691282746160795,1.0681345980126469
397,00:00:15.880,6.651114122252334,8.831413730803975,3.3692411924119243,7.752687443541102
398,00:00:15.920,3.6393179765130985,5.522560975609756,1.3788392050587173,4.016553748870822
399,00:00:15.960,7.35679012345679,9.744083107497742,4.161630532971996,8.164656729900633
400,00:00:16.000,7.105299608551642,11.607181571815719,3.219196025293586,6.489521228545619
401,00:00:16.040,0.41232309545317675,0.5691282746160795,0.14399277326106594,0.5238482384823848
402,00:00:16.080,6.904313459801265,10.172131887985547,3.3666440831074977,7.17416440831075
403,00:00:16.120,2.9230653417645285,4.627077687443541,1.000903342366757,3.141214995483288
404,00:00:16.160,7.80503613369467,10.773261065943993,4.171567299006323,8.470280036133694
405,00:00:16.200,9.101053899427884,13.394354110207768,5.637714543812105,8.271093044263775
406,00:00:16.240,1.8008882866606444,3.421612466124661,0.5761065943992774,1.4049457994579946
407,00:00:16.280,9.469256248118036,15.21996386630533,5.0788166214995485,8.108988256549232
408,00:00:16.320,4.489031918096958,7.91806684733514,1.6998644986449865,3.8491644083107497
409,00:00:16.360,10.89965371875941,16.266485998193314,5.218744354110208,11.213730803974707
410,00:00:16.400,7.925925925925925,11.651106594399277,3.403003613369467,8.723667570009033
411,00:00:16.440,0.27912526347485694,0.4132791327913279,0.07443541102077687,0.3496612466124661
412,00:00:16.480,6.528681120144536,9.042953929539296,3.345844625112918,7.197244805781391
413,00:00:16.520,4.601919602529359,7.2768292682926825,1.7215672990063233,4.80736224028907
414,00:00:16.560,7.036773562180066,9.83590785907859,3.4925700090334235,7.781842818428184
415,00:00:16.600,6.967366757000903,10.068879855465221,3.814972899728997,7.018247515808492
416,00:00:16.640,2.5999171936163807,4.63193315266486,0.9104787714543812,2.2573396567299007
417,00:00:16.680,6.664965371875941,9.104019873532069,3.587420957542909,7.303455284552846
418,00:00:16.720,3.7401460403492925,5.86239837398374,1.452981029810298,3.9050587172538394
419,00:00:16.760,6.755947003914483,9.452371273712737,4.00273261065944,6.812737127371274
420,00:00:16.800,8.573118036735924,11.518247515808492,4.687737127371274,9.513369467028003
421,00:00:16.840,3.681662149954833,5.879945799457994,1.384327009936766,3.780713640469738
422,00:00:16.880,8.459966877446552,12.092118337850046,4.135004516711834,9.152777777777779
423,00:00:16.920,2.553831677205661,3.796386630532972,1.0619918699186992,2.8031165311653115
424,00:00:16.960,8.682783800060223,13.32059620596206,3.9247967479674797,8.802958446251129
425,00:00:17.000,9.054870520927432,13.216960252935863,4.884598012646793,9.06305329719964
426,00:00:17.040,0.5940680517916289,0.8404019873532068,0.199096657633243,0.7427055103884372
427,00:00:17.080,8.152198133092442,12.624503161698284,4.320189701897019,7.511901535682023
428,00:00:17.120,4.155706112616682,7.5424796747967475,1.4501355013550135,3.4745031616982835
429,00:00:17.160,8.649781692261369,12.72037037037037,4.877777777777778,8.351196928635954
430,00:00:17.200,9.678989762119842,13.792818428184281,4.944579945799458,10.29957091237579
431,00:00:17.240,0.8234191508581753,1.508130081300813,0.23891147244805783,0.723215898825655
432,00:00:17.280,8.852115326708823,13.817660343270099,4.040379403794038,8.69830623306233
433,00:00:17.320,2.74019120746763,4.716779584462511,0.9084914182475158,2.5953026196928635
434,00:00:17.360,7.475971093044264,10.915469738030714,3.8510840108401085,7.6613595302619695
435,00:00:17.400,9.915070761818727,15.52728093947606,5.267479674796748,8.950451671183378
436,00:00:17.440,2.7429990966576336,4.251738934056007,0.942773261065944,3.0344850948509485
437,00:00:17.480,8.971386630532972,14.234620596205962,4.193721770551039,8.485817524841915
438,00:00:17.520,4.017125865703101,5.947944896115628,1.4310749774164409,4.672357723577235
439,00:00:17.560,9.924051490514906,14.083017163504968,6.374525745257452,9.314611562782295
440,00:00:17.600,7.967396868413128,10.769196025293587,4.403635953026197,8.729358626919602
441,00:00:17.640,1.4950617283950616,2.5214995483288165,0.2926603432700994,1.6710252935862693
442,00:00:17.680,9.413068352905752,12.350316169828364,5.443608852755194,10.445280036133695
443,00:00:17.720,3.7037262872628722,5.885975609756097,1.323757904245709,3.901445347786811
444,00:00:17.760,10.56892502258356,14.007633242999097,5.667841011743451,12.03130081300813
445,00:00:17.800,7.244399277326107,10.737940379403794,3.425971093044264,7.569286359530262
446,00:00:17.840,1.9435109906654622,3.1909439927732612,0.4971544715447154,2.14243450767841
447,00:00:17.880,7.949059018367962,11.834620596205962,3.4228545618789523,8.589701897018971
448,00:00:17.920,3.581263173742849,5.477348690153568,1.3354561878952123,3.930984643179765
449,00:00:17.960,7.725120445648901,11.065447154471546,3.653545618789521,8.456368563685636
450,00:00:18.000,10.565928937067149,15.597425474254743,5.949932249322493,10.15042908762421
451,00:00:18.040,4.0990213791026795,6.9037037037037035,1.4727868112014453,3.9205736224028906
452,00:00:18.080,7.583739837398373,11.79349593495935,3.444467028003613,7.513256549232159
453,00:00:18.120,0.8655751279735019,1.1657407407407407,0.26034327009936764,1.1706413730803975
454,00:00:18.160,8.668014152363746,13.607610659439928,4.224593495934959,8.17183830171635
455,00:00:18.200,9.45277024992472,13.159552845528456,4.848351400180668,10.35040650406504
456,00:00:18.240,4.454539295392954,6.9296747967479675,1.6104336043360434,4.823509485094851
457,00:00:18.280,7.938520024089129,12.276603432700993,3.6901987353206867,7.848757904245709
458,00:00:18.320,1.9172914784703403,2.7896567299006323,0.7157859078590786,2.2464317976513097
459,00:00:18.360,11.399804275820536,16.582859078590786,7.044873532068654,10.571680216802168
460,00:00:18.400,12.218157181571817,18.528342366757002,6.854719963866305,11.271409214092142
461,00:00:18.440,1.719143330322192,2.8584688346883467,0.482226738934056,1.8167344173441735
462,00:00:18.480,8.049059018367961,11.264634146341463,3.832294489611563,9.050248419150858
463,00:00:18.520,3.2165311653116526,5.387850045167118,1.1608852755194219,3.100858175248419
464,00:00:18.560,7.804757603131587,11.059846431797652,3.6842140921409214,8.670212285456188
465,00:00:18.600,9.597365251430292,14.260140018066847,4.485094850948509,10.04686088527552
466,00:00:18.640,3.120980126467931,5.351648599819332,1.0535456187895211,2.957746160794941
467,00:00:18.680,6.834071062932851,9.908672086720868,3.299728997289973,7.2938121047877145
468,00:00:18.720,5.131534176452876,8.306368563685638,1.7865853658536586,5.301648599819331
469,00:00:18.760,6.81380608250527,10.190718157181571,2.9814588979223124,7.269241192411924
470,00:00:18.800,8.188504968383016,12.454945799457995,3.761224028906956,8.3493450767841
471,00:00:18.840,3.7469361638060827,5.955600722673894,1.4380758807588077,3.8471318879855465
472,00:00:18.880,7.890823547124359,11.903658536585366,3.5456413730803975,8.223170731707317
473,00:00:18.920,4.0584236675700085,6.677235772357723,1.4511065943992774,4.0469286359530265
474,00:00:18.960,7.829238181270701,11.229900632339657,3.6239385727190605,8.633875338753388
475,00:00:19.000,7.554358626919602,10.922357723577235,3.578252032520325,8.162466124661247
476,00:00:19.040,0.29077085215296594,0.47434507678410115,0.06526648599819332,0.33270099367660344
477,00:00:19.080,8.064686841312858,11.365040650406504,4.273170731707317,8.555849141824751
478,00:00:19.120,4.056910569105692,6.76406955736224,1.470483288166215,3.9361788617886178
479,00:00:19.160,7.3720791930141525,10.889453477868113,3.8255194218608852,7.40126467931346
480,00:00:19.200,7.843812104787715,11.97962962962963,3.7014227642276425,7.850383920505871
481,00:00:19.240,0.9609379704908161,1.4865401987353206,0.21917344173441736,1.17710027100271
482,00:00:19.280,10.321672688949112,15.288572719060523,5.357181571815718,10.319263775971093
483,00:00:19.320,3.3827988557663353,5.714543812104788,1.186449864498645,3.2474028906955734
484,00:00:19.360,6.295776874435411,8.508265582655827,3.2085591689250226,7.170505871725384
485,00:00:19.400,8.827860584161398,11.694467028003613,4.850767841011743,9.938346883468835
486,00:00:19.440,2.73017916290274,4.188301716350497,1.068044263775971,2.9341915085817525
487,00:00:19.480,5.887488708220416,8.098577235772357,2.9697831978319784,6.59410569105691
488,00:00:19.520,0.5187292984040951,0.7733062330623306,0.1607497741644083,0.6221318879855465
489,00:00:19.560,6.004847937368264,7.702642276422765,3.120663956639566,7.191237579042457
490,00:00:19.600,8.812676904546823,11.824390243902439,5.721183378500451,8.89245709123758
491,00:00:19.640,3.968623908461307,6.082655826558265,1.4389340560072268,4.384281842818428
492,00:00:19.680,7.848690153568203,12.910975609756097,3.296476964769648,7.338617886178862
493,00:00:19.720,0.6693465823547124,0.9382791327913279,0.19618337850045167,0.8735772357723577
494,00:00:19.760,7.720408009635652,10.99347335140018,3.565108401084011,8.602642276422765
495,00:00:19.800,6.236999397771755,7.882497741644083,3.299345076784101,7.5291553748870825
496,00:00:19.840,4.108280638361939,5.822425474254742,1.6936991869918698,4.808717253839205
497,00:00:19.880,7.881029810298103,10.630058717253839,4.240356820234869,8.772673893405601
498,00:00:19.920,1.7887985546522132,2.75189701897019,0.6410343270099368,1.973464317976513
499,00:00:19.960,11.972485697079193,17.718992773261068,4.961495031616983,13.23696928635953
500,00:00:20.000,9.87128876844324,14.328545618789521,5.007000903342367,10.278319783197832
