{"BCM": [{"dest": "rhodes", "type": "SC", "airline": "Aegean Airlines"}, {"dest": "bergamo", "type": "N", "airline": "Blue Air"}, {"dest": "bologna", "type": "N", "airline": "Blue Air"}, {"dest": "brussels", "type": "N", "airline": "Blue Air"}, {"dest": "dublin", "type": "N", "airline": "Blue Air"}, {"dest": "liverpool", "type": "N", "airline": "Blue Air"}, {"dest": "london-luton", "type": "N", "airline": "Blue Air"}, {"dest": "madrid", "type": "N", "airline": "Blue Air"}, {"dest": "rome-fiumicino", "type": "N", "airline": "Blue Air"}, {"dest": "beauvais", "type": "S", "airline": "Blue Air"}, {"dest": "antalya", "type": "SC", "airline": "Blue Air"}], "CLJ": [{"dest": "heraklion", "type": "SC", "airline": "Aegean Airlines"}, {"dest": "rhodes", "type": "N", "airline": "Aegean Airlines"}, {"dest": "antalya", "type": "SC", "airline": "Air Bucharest"}, {"dest": "antalya", "type": "SC", "airline": "AtlasGlobal"}, {"dest": "birmingham", "type": "N", "airline": "Blue Air"}, {"dest": "bucharest", "type": "N", "airline": "Blue Air"}, {"dest": "dublin", "type": "N", "airline": "Blue Air"}, {"dest": "hamburg", "type": "N", "airline": "Blue Air"}, {"dest": "ia\u0219i", "type": "N", "airline": "Blue Air"}, {"dest": "larnaca", "type": "N", "airline": "Blue Air"}, {"dest": "liverpool", "type": "N", "airline": "Blue Air"}, {"dest": "london-luton", "type": "N", "airline": "Blue Air"}, {"dest": "nice", "type": "N", "airline": "Blue Air"}, {"dest": "antalya", "type": "SC", "airline": "Blue Air"}, {"dest": "bodrum", "type": "N", "airline": "Blue Air"}, {"dest": "corfu", "type": "N", "airline": "Blue Air"}, {"dest": "heraklion", "type": "N", "airline": "Blue Air"}, {"dest": "zakynthos", "type": "N", "airline": "Blue Air"}, {"dest": "antalya", "type": "SC", "airline": "Corendon Airlines"}, {"dest": "thessaloniki", "type": "S", "airline": "Ellinair"}, {"dest": "antalya", "type": "SC", "airline": "Freebird Airlines"}, {"dest": "warsaw-chopin", "type": "N", "airline": "LOT Polish Airlines"}, {"dest": "munich", "type": "N", "airline": "Lufthansa Regional operated by Air Dolomiti"}, {"dest": "antalya", "type": "SC", "airline": "Pegasus Airlines"}, {"dest": "bucharest", "type": "N", "airline": "TAROM"}, {"dest": "chania", "type": "SC", "airline": "TAROM"}, {"dest": "santorini", "type": "N", "airline": "TAROM"}, {"dest": "skiathos", "type": "N", "airline": "TAROM"}, {"dest": "zakynthos", "type": "N", "airline": "TAROM"}, {"dest": "istanbul-atat\u00fcrk", "type": "N", "airline": "Turkish Airlines"}, {"dest": "barcelona", "type": "S", "airline": "Vueling"}, {"dest": "alicante", "type": "N", "airline": "Wizz Air"}, {"dest": "barcelona", "type": "N", "airline": "Wizz Air"}, {"dest": "bari", "type": "N", "airline": "Wizz Air"}, {"dest": "basel/mulhouse", "type": "N", "airline": "Wizz Air"}, {"dest": "beauvais", "type": "N", "airline": "Wizz Air"}, {"dest": "bergamo", "type": "N", "airline": "Wizz Air"}, {"dest": "berlin-sch\u00f6nefeld", "type": "N", "airline": "Wizz Air"}, {"dest": "billund", "type": "N", "airline": "Wizz Air"}, {"dest": "bologna", "type": "N", "airline": "Wizz Air"}, {"dest": "bratislava", "type": "N", "airline": "Wizz Air"}, {"dest": "bucharest", "type": "N", "airline": "Wizz Air"}, {"dest": "budapest", "type": "N", "airline": "Wizz Air"}, {"dest": "charleroi", "type": "N", "airline": "Wizz Air"}, {"dest": "cologne/bonn", "type": "N", "airline": "Wizz Air"}, {"dest": "doncaster/sheffield", "type": "N", "airline": "Wizz Air"}, {"dest": "dortmund", "type": "N", "airline": "Wizz Air"}, {"dest": "dubai-almaktoum", "type": "N", "airline": "Wizz Air"}, {"dest": "eindhoven", "type": "N", "airline": "Wizz Air"}, {"dest": "hahn", "type": "N", "airline": "Wizz Air"}, {"dest": "karlsruhe/baden-baden", "type": "N", "airline": "Wizz Air"}, {"dest": "larnaca", "type": "N", "airline": "Wizz Air"}, {"dest": "london-luton", "type": "N", "airline": "Wizz Air"}, {"dest": "malta", "type": "N", "airline": "Wizz Air"}, {"dest": "madrid", "type": "N", "airline": "Wizz Air"}, {"dest": "m\u00e1laga", "type": "N", "airline": "Wizz Air"}, {"dest": "malm\u00f6", "type": "N", "airline": "Wizz Air"}, {"dest": "memmingen", "type": "N", "airline": "Wizz Air"}, {"dest": "nuremberg", "type": "N", "airline": "Wizz Air"}, {"dest": "rome-ciampino", "type": "N", "airline": "Wizz Air"}, {"dest": "stockholm-skavsta", "type": "N", "airline": "Wizz Air"}, {"dest": "telaviv-bengurion", "type": "N", "airline": "Wizz Air"}, {"dest": "treviso", "type": "N", "airline": "Wizz Air"}, {"dest": "valencia", "type": "N", "airline": "Wizz Air"}, {"dest": "palmademallorca", "type": "S", "airline": "Wizz Air"}], "ARW": [{"dest": "antalya", "type": "SC", "airline": "AtlasGlobal"}], "SBZ": [{"dest": "antalya", "type": "SC", "airline": "Air Bucharest"}, {"dest": "vienna", "type": "N", "airline": "Austrian Airlines"}, {"dest": "stuttgart", "type": "N", "airline": "Blue Air"}, {"dest": "munich", "type": "N", "airline": "Lufthansa operated by Lufthansa CityLine"}, {"dest": "munich", "type": "N", "airline": "TAROM"}, {"dest": "dortmund", "type": "N", "airline": "Wizz Air"}, {"dest": "london-luton", "type": "N", "airline": "Wizz Air"}, {"dest": "madrid", "type": "N", "airline": "Wizz Air"}, {"dest": "memmingen", "type": "N", "airline": "Wizz Air"}, {"dest": "milan-malpensa", "type": "N", "airline": "Wizz Air"}, {"dest": "nuremberg", "type": "N", "airline": "Wizz Air"}], "SUJ": [{"dest": "bucharest", "type": "N", "airline": "TAROM"}], "BAY": [{"dest": "bucharest", "type": "N", "airline": "TAROM"}], "OMR": [{"dest": "bucharest", "type": "N", "airline": "Blue Air"}, {"dest": "ia\u0219i", "type": "N", "airline": "Blue Air"}, {"dest": "antalya", "type": "SC", "airline": "Blue Air"}, {"dest": "bergamo", "type": "N", "airline": "Ryanair"}, {"dest": "eindhoven", "type": "N", "airline": "Ryanair"}, {"dest": "girona", "type": "N", "airline": "Ryanair"}, {"dest": "london-stansted", "type": "N", "airline": "Ryanair"}, {"dest": "bucharest", "type": "N", "airline": "TAROM"}], "CND": [{"dest": "beauvais", "type": "N", "airline": "Blue Air"}, {"dest": "bergamo", "type": "S", "airline": "Blue Air"}, {"dest": "brussels", "type": "N", "airline": "Blue Air"}, {"dest": "cluj-napoca", "type": "N", "airline": "Blue Air"}, {"dest": "ia\u0219i", "type": "N", "airline": "Blue Air"}, {"dest": "oradea", "type": "N", "airline": "Blue Air"}, {"dest": "timi\u0219oara", "type": "N", "airline": "Blue Air"}, {"dest": "istanbul-atat\u00fcrk", "type": "N", "airline": "Turkish Airlines"}, {"dest": "london-luton", "type": "N", "airline": "Wizz Air"}], "CRA": [{"dest": "valencia", "type": "N", "airline": "Ryanair"}, {"dest": "barcelona", "type": "N", "airline": "Wizz Air"}, {"dest": "beauvais", "type": "N", "airline": "Wizz Air"}, {"dest": "bergamo", "type": "N", "airline": "Wizz Air"}, {"dest": "bologna", "type": "N", "airline": "Wizz Air"}, {"dest": "cologne/bonn", "type": "N", "airline": "Wizz Air"}, {"dest": "liverpool", "type": "N", "airline": "Wizz Air"}, {"dest": "london-luton", "type": "N", "airline": "Wizz Air"}, {"dest": "rome-ciampino", "type": "N", "airline": "Wizz Air"}, {"dest": "madrid", "type": "N", "airline": "Wizz Air"}, {"dest": "treviso", "type": "N", "airline": "Wizz Air"}], "OTP": [{"dest": "chania", "type": "SC", "airline": "Aegean Airlines"}, {"dest": "corfu", "type": "N", "airline": "Aegean Airlines"}, {"dest": "heraklion", "type": "N", "airline": "Aegean Airlines"}, {"dest": "kos", "type": "N", "airline": "Aegean Airlines"}, {"dest": "mykonos", "type": "N", "airline": "Aegean Airlines"}, {"dest": "rhodes", "type": "N", "airline": "Aegean Airlines"}, {"dest": "santorini", "type": "N", "airline": "Aegean Airlines"}, {"dest": "zakynthos", "type": "N", "airline": "Aegean Airlines"}, {"dest": "moscow-sheremetyevo", "type": "N", "airline": "Aeroflot"}, {"dest": "antalya", "type": "SC", "airline": "Air Bucharest"}, {"dest": "bodrum", "type": "N", "airline": "Air Bucharest"}, {"dest": "corfu", "type": "N", "airline": "Air Bucharest"}, {"dest": "heraklion", "type": "N", "airline": "Air Bucharest"}, {"dest": "hurghada", "type": "N", "airline": "Air Bucharest"}, {"dest": "kos", "type": "N", "airline": "Air Bucharest"}, {"dest": "palmademallorca", "type": "N", "airline": "Air Bucharest"}, {"dest": "rhodes", "type": "N", "airline": "Air Bucharest"}, {"dest": "paris-charlesdegaulle", "type": "N", "airline": "Air France"}, {"dest": "malta", "type": "S", "airline": "Air Malta"}, {"dest": "chi\u0219in\u0103u", "type": "N", "airline": "Air Moldova"}, {"dest": "belgrade", "type": "N", "airline": "Air Serbia"}, {"dest": "thessaloniki", "type": "N", "airline": "Astra Airlines"}, {"dest": "vienna", "type": "N", "airline": "Austrian Airlines"}, {"dest": "barcelona", "type": "N", "airline": "Blue Air"}, {"dest": "beauvais", "type": "N", "airline": "Blue Air"}, {"dest": "bergamo", "type": "N", "airline": "Blue Air"}, {"dest": "birmingham", "type": "N", "airline": "Blue Air"}, {"dest": "bologna", "type": "N", "airline": "Blue Air"}, {"dest": "bordeaux", "type": "N", "airline": "Blue Air"}, {"dest": "bristol", "type": "N", "airline": "Blue Air"}, {"dest": "brussels", "type": "N", "airline": "Blue Air"}, {"dest": "castellon", "type": "N", "airline": "Blue Air"}, {"dest": "catania", "type": "N", "airline": "Blue Air"}, {"dest": "cluj-napoca", "type": "N", "airline": "Blue Air"}, {"dest": "cologne/bonn", "type": "N", "airline": "Blue Air"}, {"dest": "copenhagen", "type": "N", "airline": "Blue Air"}, {"dest": "dublin", "type": "N", "airline": "Blue Air"}, {"dest": "florence", "type": "N", "airline": "Blue Air"}, {"dest": "glasgow", "type": "N", "airline": "Blue Air"}, {"dest": "helsinki", "type": "N", "airline": "Blue Air"}, {"dest": "hamburg", "type": "N", "airline": "Blue Air"}, {"dest": "ia\u0219i", "type": "N", "airline": "Blue Air"}, {"dest": "larnaca", "type": "N", "airline": "Blue Air"}, {"dest": "lisbon", "type": "N", "airline": "Blue Air"}, {"dest": "liverpool", "type": "N", "airline": "Blue Air"}, {"dest": "london-luton", "type": "N", "airline": "Blue Air"}, {"dest": "lyon", "type": "N", "airline": "Blue Air"}, {"dest": "madrid", "type": "N", "airline": "Blue Air"}, {"dest": "m\u00e1laga", "type": "N", "airline": "Blue Air"}, {"dest": "milan-linate", "type": "N", "airline": "Blue Air"}, {"dest": "naples", "type": "N", "airline": "Blue Air"}, {"dest": "nice", "type": "N", "airline": "Blue Air"}, {"dest": "oradea", "type": "N", "airline": "Blue Air"}, {"dest": "oslo-gardermoen", "type": "N", "airline": "Blue Air"}, {"dest": "rome-fiumicino", "type": "N", "airline": "Blue Air"}, {"dest": "stockholm-arlanda", "type": "N", "airline": "Blue Air"}, {"dest": "stuttgart", "type": "N", "airline": "Blue Air"}, {"dest": "telaviv-bengurion", "type": "N", "airline": "Blue Air"}, {"dest": "turin", "type": "N", "airline": "Blue Air"}, {"dest": "antalya", "type": "S", "airline": "Blue Air"}, {"dest": "bodrum", "type": "N", "airline": "Blue Air"}, {"dest": "corfu", "type": "N", "airline": "Blue Air"}, {"dest": "preveza", "type": "N", "airline": "Blue Air"}, {"dest": "zakynthos", "type": "N", "airline": "Blue Air"}, {"dest": "london-heathrow", "type": "N", "airline": "British Airways"}, {"dest": "zagreb", "type": "S", "airline": "Croatia Airlines"}, {"dest": "prague", "type": "N", "airline": "Czech Airlines"}, {"dest": "kiev-boryspil", "type": "N", "airline": "Dniproavia"}, {"dest": "telaviv-bengurion", "type": "N", "airline": "El Al"}, {"dest": "heraklion", "type": "S", "airline": "Ellinair"}, {"dest": "thessaloniki", "type": "N", "airline": "Ellinair"}, {"dest": "d\u00fcsseldorf", "type": "N", "airline": "Eurowings"}, {"dest": "dubai-international", "type": "N", "airline": "flydubai"}, {"dest": "madrid", "type": "S", "airline": "Iberia Express"}, {"dest": "telaviv-bengurion", "type": "S", "airline": "Israir Airlines"}, {"dest": "amsterdam", "type": "N", "airline": "KLM"}, {"dest": "warsaw-chopin", "type": "N", "airline": "LOT Polish Airlines"}, {"dest": "frankfurt", "type": "N", "airline": "Lufthansa"}, {"dest": "munich", "type": "N", "airline": "Lufthansa"}, {"dest": "frankfurt", "type": "N", "airline": "Lufthansa Regional operated by Lufthansa CityLine"}, {"dest": "munich", "type": "N", "airline": "Lufthansa Regional operated by Lufthansa CityLine"}, {"dest": "tunis", "type": "SC", "airline": "Nouvelair"}, {"dest": "istanbul-sabihag\u00f6k\u00e7en", "type": "N", "airline": "Pegasus Airlines"}, {"dest": "doha", "type": "N", "airline": "Qatar Airways"}, {"dest": "athens", "type": "N", "airline": "Ryanair"}, {"dest": "bergamo", "type": "N", "airline": "Ryanair"}, {"dest": "berlin-sch\u00f6nefeld", "type": "N", "airline": "Ryanair"}, {"dest": "bologna", "type": "N", "airline": "Ryanair"}, {"dest": "bristol", "type": "N", "airline": "Ryanair"}, {"dest": "charleroi", "type": "N", "airline": "Ryanair"}, {"dest": "dublin", "type": "N", "airline": "Ryanair"}, {"dest": "london-stansted", "type": "N", "airline": "Ryanair"}, {"dest": "madrid", "type": "N", "airline": "Ryanair"}, {"dest": "milan-malpensa", "type": "N", "airline": "Ryanair"}, {"dest": "palermo", "type": "N", "airline": "Ryanair"}, {"dest": "rome-ciampino", "type": "N", "airline": "Ryanair"}, {"dest": "timi\u0219oara", "type": "N", "airline": "Ryanair"}, {"dest": "copenhagen", "type": "N", "airline": "Scandinavian Airlines"}, {"dest": "z\u00fcrich", "type": "N", "airline": "Swiss International Air Lines"}, {"dest": "lisbon", "type": "N", "airline": "TAP Portugal"}, {"dest": "amsterdam", "type": "N", "airline": "TAROM"}, {"dest": "athens", "type": "N", "airline": "TAROM"}, {"dest": "baiamare", "type": "N", "airline": "TAROM"}, {"dest": "barcelona", "type": "N", "airline": "TAROM"}, {"dest": "beirut", "type": "N", "airline": "TAROM"}, {"dest": "belgrade", "type": "N", "airline": "TAROM"}, {"dest": "brussels", "type": "N", "airline": "TAROM"}, {"dest": "budapest", "type": "N", "airline": "TAROM"}, {"dest": "chi\u0219in\u0103u", "type": "N", "airline": "TAROM"}, {"dest": "cluj-napoca", "type": "N", "airline": "TAROM"}, {"dest": "frankfurt", "type": "N", "airline": "TAROM"}, {"dest": "hamburg", "type": "N", "airline": "TAROM"}, {"dest": "ia\u0219i", "type": "N", "airline": "TAROM"}, {"dest": "istanbul-atat\u00fcrk", "type": "N", "airline": "TAROM"}, {"dest": "larnaca", "type": "N", "airline": "TAROM"}, {"dest": "london-heathrow", "type": "N", "airline": "TAROM"}, {"dest": "madrid", "type": "N", "airline": "TAROM"}, {"dest": "munich", "type": "N", "airline": "TAROM"}, {"dest": "oradea", "type": "N", "airline": "TAROM"}, {"dest": "paris-charlesdegaulle", "type": "N", "airline": "TAROM"}, {"dest": "prague", "type": "N", "airline": "TAROM"}, {"dest": "rome-fiumicino", "type": "N", "airline": "TAROM"}, {"dest": "satumare", "type": "N", "airline": "TAROM"}, {"dest": "sofia", "type": "N", "airline": "TAROM"}, {"dest": "stockholm-arlanda", "type": "N", "airline": "TAROM"}, {"dest": "suceava", "type": "N", "airline": "TAROM"}, {"dest": "telaviv-bengurion", "type": "N", "airline": "TAROM"}, {"dest": "thessaloniki", "type": "N", "airline": "TAROM"}, {"dest": "timi\u0219oara", "type": "N", "airline": "TAROM"}, {"dest": "valencia", "type": "N", "airline": "TAROM"}, {"dest": "alicante", "type": "S", "airline": "TAROM"}, {"dest": "amman-queenalia", "type": "N", "airline": "TAROM"}, {"dest": "geneva", "type": "N", "airline": "TAROM"}, {"dest": "antalya", "type": "SC", "airline": "TAROM"}, {"dest": "bodrum", "type": "N", "airline": "TAROM"}, {"dest": "corfu", "type": "N", "airline": "TAROM"}, {"dest": "heraklion", "type": "N", "airline": "TAROM"}, {"dest": "hurghada", "type": "N", "airline": "TAROM"}, {"dest": "kos", "type": "N", "airline": "TAROM"}, {"dest": "mykonos", "type": "N", "airline": "TAROM"}, {"dest": "palmademallorca", "type": "N", "airline": "TAROM"}, {"dest": "preveza", "type": "N", "airline": "TAROM"}, {"dest": "rhodes", "type": "N", "airline": "TAROM"}, {"dest": "santorini", "type": "N", "airline": "TAROM"}, {"dest": "sharmel-sheikh", "type": "N", "airline": "TAROM"}, {"dest": "skiathos", "type": "N", "airline": "TAROM"}, {"dest": "tenerife-south", "type": "N", "airline": "TAROM"}, {"dest": "tunis", "type": "SC", "airline": "Tunisair"}, {"dest": "istanbul-atat\u00fcrk", "type": "N", "airline": "Turkish Airlines"}, {"dest": "barcelona", "type": "S", "airline": "Vueling"}, {"dest": "bilbao", "type": "N", "airline": "Vueling"}, {"dest": "madrid", "type": "N", "airline": "Vueling"}, {"dest": "alghero", "type": "N", "airline": "Wizz Air"}, {"dest": "alicante", "type": "N", "airline": "Wizz Air"}, {"dest": "barcelona", "type": "N", "airline": "Wizz Air"}, {"dest": "bari", "type": "N", "airline": "Wizz Air"}, {"dest": "basel/mulhouse", "type": "N", "airline": "Wizz Air"}, {"dest": "beauvais", "type": "N", "airline": "Wizz Air"}, {"dest": "bergamo", "type": "N", "airline": "Wizz Air"}, {"dest": "billund", "type": "N", "airline": "Wizz Air"}, {"dest": "birmingham", "type": "N", "airline": "Wizz Air"}, {"dest": "bologna", "type": "N", "airline": "Wizz Air"}, {"dest": "budapest", "type": "N", "airline": "Wizz Air"}, {"dest": "catania", "type": "N", "airline": "Wizz Air"}, {"dest": "charleroi", "type": "N", "airline": "Wizz Air"}, {"dest": "cluj-napoca", "type": "N", "airline": "Wizz Air"}, {"dest": "doncaster/sheffield", "type": "N", "airline": "Wizz Air"}, {"dest": "dortmund", "type": "N", "airline": "Wizz Air"}, {"dest": "dubai-almaktoum", "type": "N", "airline": "Wizz Air"}, {"dest": "eindhoven", "type": "N", "airline": "Wizz Air"}, {"dest": "geneva", "type": "N", "airline": "Wizz Air"}, {"dest": "glasgow", "type": "N", "airline": "Wizz Air"}, {"dest": "hannover", "type": "N", "airline": "Wizz Air"}, {"dest": "lameziaterme", "type": "N", "airline": "Wizz Air"}, {"dest": "larnaca", "type": "N", "airline": "Wizz Air"}, {"dest": "lisbon", "type": "N", "airline": "Wizz Air"}, {"dest": "london-gatwick", "type": "N", "airline": "Wizz Air"}, {"dest": "london-luton", "type": "N", "airline": "Wizz Air"}, {"dest": "madrid", "type": "N", "airline": "Wizz Air"}, {"dest": "m\u00e1laga", "type": "N", "airline": "Wizz Air"}, {"dest": "malm\u00f6", "type": "N", "airline": "Wizz Air"}, {"dest": "malta", "type": "N", "airline": "Wizz Air"}, {"dest": "naples", "type": "N", "airline": "Wizz Air"}, {"dest": "nuremberg", "type": "N", "airline": "Wizz Air"}, {"dest": "perugia", "type": "N", "airline": "Wizz Air"}, {"dest": "pescara", "type": "N", "airline": "Wizz Air"}, {"dest": "pisa", "type": "N", "airline": "Wizz Air"}, {"dest": "rome-ciampino", "type": "N", "airline": "Wizz Air"}, {"dest": "sandefjord", "type": "N", "airline": "Wizz Air"}, {"dest": "stockholm-skavsta", "type": "N", "airline": "Wizz Air"}, {"dest": "telaviv-bengurion", "type": "N", "airline": "Wizz Air"}, {"dest": "tenerife-south", "type": "N", "airline": "Wizz Air"}, {"dest": "treviso", "type": "N", "airline": "Wizz Air"}, {"dest": "turin", "type": "N", "airline": "Wizz Air"}, {"dest": "valencia", "type": "N", "airline": "Wizz Air"}, {"dest": "verona", "type": "N", "airline": "Wizz Air"}, {"dest": "zaragoza", "type": "N", "airline": "Wizz Air"}, {"dest": "warsaw-chopin", "type": "N", "airline": "Wizz Air"}], "SCV": [{"dest": "antalya", "type": "SC", "airline": "Air Bucharest"}, {"dest": "zakynthos", "type": "N", "airline": "Air Bucharest"}, {"dest": "antalya", "type": "SC", "airline": "AtlasGlobal"}, {"dest": "bucharest", "type": "N", "airline": "TAROM"}, {"dest": "bergamo", "type": "N", "airline": "Wizz Air"}, {"dest": "bologna", "type": "N", "airline": "Wizz Air"}, {"dest": "london-luton", "type": "N", "airline": "Wizz Air"}, {"dest": "rome-ciampino", "type": "N", "airline": "Wizz Air"}, {"dest": "treviso", "type": "N", "airline": "Wizz Air"}], "TSR": [{"dest": "antalya", "type": "SC", "airline": "Air Bucharest"}, {"dest": "cluj-napoca", "type": "N", "airline": "Blue Air"}, {"dest": "antalya", "type": "SC", "airline": "Blue Air"}, {"dest": "heraklion", "type": "N", "airline": "Blue Air"}, {"dest": "palmademallorca", "type": "N", "airline": "Blue Air"}, {"dest": "rhodes", "type": "N", "airline": "Blue Air"}, {"dest": "zakynthos", "type": "N", "airline": "Blue Air"}, {"dest": "munich", "type": "N", "airline": "Lufthansa Regional operated by Lufthansa CityLine"}, {"dest": "bergamo", "type": "N", "airline": "Ryanair"}, {"dest": "berlin-sch\u00f6nefeld", "type": "N", "airline": "Ryanair"}, {"dest": "bucharest", "type": "N", "airline": "Ryanair"}, {"dest": "charleroi", "type": "N", "airline": "Ryanair"}, {"dest": "hahn", "type": "N", "airline": "Ryanair"}, {"dest": "london-stansted", "type": "N", "airline": "Ryanair"}, {"dest": "weeze", "type": "N", "airline": "Ryanair"}, {"dest": "santorini", "type": "SC", "airline": "TAROM"}, {"dest": "barcelona", "type": "N", "airline": "Wizz Air"}, {"dest": "bari", "type": "N", "airline": "Wizz Air"}, {"dest": "beauvais", "type": "N", "airline": "Wizz Air"}, {"dest": "bergamo", "type": "N", "airline": "Wizz Air"}, {"dest": "bologna", "type": "N", "airline": "Wizz Air"}, {"dest": "charleroi", "type": "N", "airline": "Wizz Air"}, {"dest": "dortmund", "type": "N", "airline": "Wizz Air"}, {"dest": "eindhoven", "type": "N", "airline": "Wizz Air"}, {"dest": "hahn", "type": "N", "airline": "Wizz Air"}, {"dest": "london-luton", "type": "N", "airline": "Wizz Air"}, {"dest": "madrid", "type": "N", "airline": "Wizz Air"}, {"dest": "memmingen", "type": "N", "airline": "Wizz Air"}, {"dest": "rome-ciampino", "type": "N", "airline": "Wizz Air"}, {"dest": "treviso", "type": "N", "airline": "Wizz Air"}, {"dest": "valencia", "type": "N", "airline": "Wizz Air"}], "IAS": [{"dest": "heraklion", "type": "SC", "airline": "Aegean Airlines"}, {"dest": "antalya", "type": "SC", "airline": "Air Bucharest"}, {"dest": "vienna", "type": "N", "airline": "Austrian Airlines"}, {"dest": "barcelona", "type": "N", "airline": "Blue Air"}, {"dest": "beauvais", "type": "N", "airline": "Blue Air"}, {"dest": "bergamo", "type": "N", "airline": "Blue Air"}, {"dest": "berlin-tegel", "type": "N", "airline": "Blue Air"}, {"dest": "brussels", "type": "N", "airline": "Blue Air"}, {"dest": "bucharest", "type": "N", "airline": "Blue Air"}, {"dest": "cluj-napoca", "type": "N", "airline": "Blue Air"}, {"dest": "cologne/bonn", "type": "N", "airline": "Blue Air"}, {"dest": "florence", "type": "N", "airline": "Blue Air"}, {"dest": "glasgow", "type": "N", "airline": "Blue Air"}, {"dest": "london-luton", "type": "N", "airline": "Blue Air"}, {"dest": "oradea", "type": "N", "airline": "Blue Air"}, {"dest": "rome-fiumicino", "type": "N", "airline": "Blue Air"}, {"dest": "timi\u0219oara", "type": "N", "airline": "Blue Air"}, {"dest": "turin", "type": "N", "airline": "Blue Air"}, {"dest": "antalya", "type": "SC", "airline": "Blue Air"}, {"dest": "zakynthos", "type": "N", "airline": "Blue Air"}, {"dest": "bologna", "type": "N", "airline": "TAROM"}, {"dest": "bucharest", "type": "N", "airline": "TAROM"}, {"dest": "london-luton", "type": "N", "airline": "TAROM"}, {"dest": "madrid", "type": "N", "airline": "TAROM"}, {"dest": "munich", "type": "N", "airline": "TAROM"}, {"dest": "rome-fiumicino", "type": "N", "airline": "TAROM"}, {"dest": "antalya", "type": "SC", "airline": "TAROM"}, {"dest": "rhodes", "type": "N", "airline": "TAROM"}, {"dest": "bergamo", "type": "N", "airline": "Wizz Air"}, {"dest": "bologna", "type": "N", "airline": "Wizz Air"}, {"dest": "catania", "type": "N", "airline": "Wizz Air"}, {"dest": "larnaca", "type": "N", "airline": "Wizz Air"}, {"dest": "london-luton", "type": "N", "airline": "Wizz Air"}, {"dest": "rome-ciampino", "type": "N", "airline": "Wizz Air"}, {"dest": "telaviv-bengurion", "type": "N", "airline": "Wizz Air"}, {"dest": "treviso", "type": "N", "airline": "Wizz Air"}], "TGM": [{"dest": "beauvais", "type": "N", "airline": "Wizz Air"}, {"dest": "budapest", "type": "N", "airline": "Wizz Air"}, {"dest": "dortmund", "type": "N", "airline": "Wizz Air"}, {"dest": "hahn", "type": "N", "airline": "Wizz Air"}, {"dest": "karlsruhe/baden-baden", "type": "N", "airline": "Wizz Air"}, {"dest": "london-luton", "type": "N", "airline": "Wizz Air"}, {"dest": "madrid", "type": "N", "airline": "Wizz Air"}, {"dest": "memmingen", "type": "N", "airline": "Wizz Air"}, {"dest": "rome-ciampino", "type": "N", "airline": "Wizz Air"}]}