{"DEB": [{"dest": "dresden", "type": "S", "airline": "Germania"}, {"dest": "erfurt/weimar", "type": "N", "airline": "Germania"}, {"dest": "leipzig/halle", "type": "N", "airline": "Germania"}, {"dest": "munich", "type": "N", "airline": "Lufthansa Regional operated by Lufthansa CityLine"}, {"dest": "antalya", "type": "SC", "airline": "Travel Service Hungary"}, {"dest": "beauvais", "type": "N", "airline": "Wizz Air"}, {"dest": "bergamo", "type": "N", "airline": "Wizz Air"}, {"dest": "eindhoven", "type": "N", "airline": "Wizz Air"}, {"dest": "london-luton", "type": "N", "airline": "Wizz Air"}, {"dest": "malm\u00f6", "type": "N", "airline": "Wizz Air"}, {"dest": "telaviv-bengurion", "type": "N", "airline": "Wizz Air"}], "SOB": [{"dest": "antalya", "type": "SC", "airline": "Freebird Airlines"}, {"dest": "dresden", "type": "S", "airline": "Germania"}, {"dest": "erfurt/weimar", "type": "N", "airline": "Germania"}, {"dest": "moscow-vnukovo", "type": "S", "airline": "UTair Aviation"}], "BUD": [{"dest": "athens", "type": "N", "airline": "Aegean Airlines"}, {"dest": "dublin", "type": "N", "airline": "Aer Lingus"}, {"dest": "moscow-sheremetyevo", "type": "N", "airline": "Aeroflot"}, {"dest": "algiers", "type": "N", "airline": "Air Algerie"}, {"dest": "riga", "type": "N", "airline": "airBaltic"}, {"dest": "berlin-tegel", "type": "N", "airline": "Air Berlin"}, {"dest": "toronto-pearson", "type": "S", "airline": "Air Canada Rouge"}, {"dest": "beijing-capital", "type": "N", "airline": "Air China1"}, {"dest": "paris-charlesdegaulle", "type": "N", "airline": "Air France"}, {"dest": "rome-fiumicino", "type": "N", "airline": "Alitalia"}, {"dest": "vienna", "type": "N", "airline": "Austrian Airlines"}, {"dest": "belgrade", "type": "N", "airline": "Belavia"}, {"dest": "minsk", "type": "N", "airline": "Belavia"}, {"dest": "london-heathrow", "type": "N", "airline": "British Airways"}, {"dest": "brussels", "type": "N", "airline": "Brussels Airlines"}, {"dest": "prague", "type": "N", "airline": "Czech Airlines"}, {"dest": "amsterdam", "type": "N", "airline": "easyJet"}, {"dest": "berlin-sch\u00f6nefeld", "type": "N", "airline": "easyJet"}, {"dest": "london-gatwick", "type": "N", "airline": "easyJet"}, {"dest": "lyon", "type": "N", "airline": "easyJet"}, {"dest": "paris-charlesdegaulle", "type": "N", "airline": "easyJet"}, {"dest": "venice", "type": "N", "airline": "easyJet"}, {"dest": "basel/mulhouse", "type": "N", "airline": "easyJet Switzerland"}, {"dest": "geneva", "type": "N", "airline": "easyJet Switzerland"}, {"dest": "cairo", "type": "N", "airline": "EgyptAir operated by EgyptAir Express"}, {"dest": "dubai-international", "type": "N", "airline": "Emirates"}, {"dest": "d\u00fcsseldorf", "type": "N", "airline": "Eurowings"}, {"dest": "cologne/bonn", "type": "N", "airline": "Eurowings operated by Germanwings"}, {"dest": "hamburg", "type": "N", "airline": "Eurowings operated by Germanwings"}, {"dest": "stuttgart", "type": "N", "airline": "Eurowings operated by Germanwings"}, {"dest": "london-southend", "type": "N", "airline": "Flybe operated by Stobart Air"}, {"dest": "helsinki", "type": "N", "airline": "Finnair"}, {"dest": "madrid", "type": "S", "airline": "Iberia"}, {"dest": "eastmidlands", "type": "N", "airline": "Jet2.com"}, {"dest": "edinburgh", "type": "N", "airline": "Jet2.com"}, {"dest": "leeds/bradford", "type": "N", "airline": "Jet2.com"}, {"dest": "manchester", "type": "N", "airline": "Jet2.com"}, {"dest": "amsterdam", "type": "N", "airline": "KLM"}, {"dest": "warsaw-chopin", "type": "N", "airline": "LOT Polish Airlines"}, {"dest": "frankfurt", "type": "N", "airline": "Lufthansa"}, {"dest": "munich", "type": "N", "airline": "Lufthansa"}, {"dest": "frankfurt", "type": "N", "airline": "Lufthansa Regional operated by Lufthansa CityLine"}, {"dest": "munich", "type": "N", "airline": "Lufthansa Regional operated by Lufthansa CityLine"}, {"dest": "copenhagen", "type": "N", "airline": "Norwegian Air Shuttle"}, {"dest": "helsinki", "type": "N", "airline": "Norwegian Air Shuttle"}, {"dest": "london-gatwick", "type": "N", "airline": "Norwegian Air Shuttle"}, {"dest": "oslo-gardermoen", "type": "N", "airline": "Norwegian Air Shuttle"}, {"dest": "stockholm-arlanda", "type": "N", "airline": "Norwegian Air Shuttle"}, {"dest": "istanbul-sabihag\u00f6kcen", "type": "N", "airline": "Pegasus Airlines"}, {"dest": "doha", "type": "N", "airline": "Qatar Airways"}, {"dest": "athens", "type": "N", "airline": "Ryanair"}, {"dest": "barcelona", "type": "N", "airline": "Ryanair"}, {"dest": "beauvais", "type": "N", "airline": "Ryanair"}, {"dest": "bergamo", "type": "N", "airline": "Ryanair"}, {"dest": "berlin-sch\u00f6nefeld", "type": "N", "airline": "Ryanair"}, {"dest": "billund", "type": "N", "airline": "Ryanair"}, {"dest": "bristol", "type": "N", "airline": "Ryanair"}, {"dest": "charleroi", "type": "N", "airline": "Ryanair"}, {"dest": "copenhagen", "type": "N", "airline": "Ryanair"}, {"dest": "dublin", "type": "N", "airline": "Ryanair"}, {"dest": "eastmidlands", "type": "N", "airline": "Ryanair"}, {"dest": "edinburgh", "type": "N", "airline": "Ryanair"}, {"dest": "grancanaria", "type": "N", "airline": "Ryanair"}, {"dest": "london-stansted", "type": "N", "airline": "Ryanair"}, {"dest": "madrid", "type": "N", "airline": "Ryanair"}, {"dest": "m\u00e1laga", "type": "N", "airline": "Ryanair"}, {"dest": "malta", "type": "N", "airline": "Ryanair"}, {"dest": "manchester", "type": "N", "airline": "Ryanair"}, {"dest": "marrakesh", "type": "N", "airline": "Ryanair"}, {"dest": "naples", "type": "N", "airline": "Ryanair"}, {"dest": "nuremberg", "type": "N", "airline": "Ryanair"}, {"dest": "pisa", "type": "N", "airline": "Ryanair"}, {"dest": "prague", "type": "N", "airline": "Ryanair"}, {"dest": "rome-ciampino", "type": "N", "airline": "Ryanair"}, {"dest": "treviso", "type": "N", "airline": "Ryanair"}, {"dest": "corfu", "type": "S", "airline": "Ryanair"}, {"dest": "eilat-ovda", "type": "N", "airline": "Ryanair"}, {"dest": "tampere", "type": "N", "airline": "Ryanair"}, {"dest": "z\u00fcrich", "type": "N", "airline": "Swiss International Air Lines"}, {"dest": "z\u00fcrich", "type": "N", "airline": "Swiss International Air Lines operated by Swiss Global Air Lines"}, {"dest": "lisbon", "type": "N", "airline": "TAP Portugal"}, {"dest": "bucharest", "type": "N", "airline": "TAROM"}, {"dest": "rotterdam", "type": "N", "airline": "Transavia"}, {"dest": "paris-orly", "type": "N", "airline": "Transavia France"}, {"dest": "istanbul-atat\u00fcrk", "type": "N", "airline": "Turkish Airlines"}, {"dest": "kiev-boryspil", "type": "N", "airline": "Ukraine International Airlines"}, {"dest": "telaviv-bengurion", "type": "N", "airline": "Up operated by El Al"}, {"dest": "barcelona", "type": "S", "airline": "Vueling"}, {"dest": "alicante", "type": "N", "airline": "Wizz Air"}, {"dest": "baku", "type": "N", "airline": "Wizz Air"}, {"dest": "barcelona", "type": "N", "airline": "Wizz Air"}, {"dest": "bari", "type": "N", "airline": "Wizz Air"}, {"dest": "bergen", "type": "N", "airline": "Wizz Air"}, {"dest": "birmingham", "type": "N", "airline": "Wizz Air"}, {"dest": "bologna", "type": "N", "airline": "Wizz Air"}, {"dest": "bucharest", "type": "N", "airline": "Wizz Air"}, {"dest": "bordeaux", "type": "N", "airline": "Wizz Air"}, {"dest": "catania", "type": "N", "airline": "Wizz Air"}, {"dest": "charleroi", "type": "N", "airline": "Wizz Air"}, {"dest": "cluj-napoca", "type": "N", "airline": "Wizz Air"}, {"dest": "dortmund", "type": "N", "airline": "Wizz Air"}, {"dest": "dubai-almaktoum", "type": "N", "airline": "Wizz Air"}, {"dest": "eindhoven", "type": "N", "airline": "Wizz Air"}, {"dest": "frankfurt", "type": "N", "airline": "Wizz Air"}, {"dest": "fuerteventura", "type": "N", "airline": "Wizz Air"}, {"dest": "glasgow", "type": "N", "airline": "Wizz Air"}, {"dest": "gothenburg", "type": "N", "airline": "Wizz Air"}, {"dest": "hahn", "type": "N", "airline": "Wizz Air"}, {"dest": "hannover", "type": "N", "airline": "Wizz Air"}, {"dest": "karlsruhe/baden-baden", "type": "N", "airline": "Wizz Air"}, {"dest": "kiev-zhulyany", "type": "N", "airline": "Wizz Air"}, {"dest": "kutaisi", "type": "N", "airline": "Wizz Air"}, {"dest": "lameziaterme", "type": "N", "airline": "Wizz Air"}, {"dest": "lanzarote", "type": "N", "airline": "Wizz Air"}, {"dest": "larnaca", "type": "N", "airline": "Wizz Air"}, {"dest": "lisbon", "type": "N", "airline": "Wizz Air"}, {"dest": "liverpool", "type": "N", "airline": "Wizz Air"}, {"dest": "london-luton", "type": "N", "airline": "Wizz Air"}, {"dest": "madrid", "type": "N", "airline": "Wizz Air"}, {"dest": "m\u00e1laga", "type": "N", "airline": "Wizz Air"}, {"dest": "malm\u00f6", "type": "N", "airline": "Wizz Air"}, {"dest": "malta", "type": "N", "airline": "Wizz Air"}, {"dest": "milan-malpensa", "type": "N", "airline": "Wizz Air"}, {"dest": "moscow-vnukovo", "type": "N", "airline": "Wizz Air"}, {"dest": "naples", "type": "N", "airline": "Wizz Air"}, {"dest": "nice", "type": "N", "airline": "Wizz Air"}, {"dest": "podgorica", "type": "N", "airline": "Wizz Air"}, {"dest": "porto", "type": "N", "airline": "Wizz Air"}, {"dest": "pristina", "type": "N", "airline": "Wizz Air"}, {"dest": "reykjav\u00edk-keflav\u00edk", "type": "N", "airline": "Wizz Air"}, {"dest": "rome-fiumicino", "type": "N", "airline": "Wizz Air"}, {"dest": "sarajevo", "type": "N", "airline": "Wizz Air"}, {"dest": "skopje", "type": "N", "airline": "Wizz Air"}, {"dest": "sofia", "type": "N", "airline": "Wizz Air"}, {"dest": "stockholm-skavsta", "type": "N", "airline": "Wizz Air"}, {"dest": "t\u00e2rgumure\u0219", "type": "N", "airline": "Wizz Air"}, {"dest": "telaviv-bengurion", "type": "N", "airline": "Wizz Air"}, {"dest": "tenerife-south", "type": "N", "airline": "Wizz Air"}, {"dest": "thessaloniki", "type": "N", "airline": "Wizz Air"}, {"dest": "tirana", "type": "N", "airline": "Wizz Air"}, {"dest": "alghero", "type": "S", "airline": "Wizz Air"}, {"dest": "burgas", "type": "N", "airline": "Wizz Air"}, {"dest": "corfu", "type": "N", "airline": "Wizz Air"}, {"dest": "faro", "type": "N", "airline": "Wizz Air"}, {"dest": "heraklion", "type": "N", "airline": "Wizz Air"}, {"dest": "ibiza", "type": "N", "airline": "Wizz Air"}, {"dest": "palmademallorca", "type": "N", "airline": "Wizz Air"}, {"dest": "rhodes", "type": "N", "airline": "Wizz Air"}, {"dest": "zakynthos", "type": "N", "airline": "Wizz Air"}], "QGY": [{"dest": "charter:ingolstadt-manching", "type": "N", "airline": "Private Wings"}]}