{"Brussels": {"country": "Belgium", "coords": [50.8503463, 4.3517211]}, "Lyon": {"country": "France", "coords": [45.764043, 4.835659]}, "Sofia": {"country": "Bulgaria", "coords": [42.6977082, 23.3218675]}, "Kiev": {"country": "Ukraine", "coords": [50.4501, 30.5234]}, "Istanbul": {"country": "Turkey", "coords": [41.0082376, 28.9783589]}, "Paris": {"country": "France", "coords": [48.856614, 2.3522219]}, "Oslo": {"country": "Norway", "coords": [59.9138688, 10.7522454]}, "Stuttgart": {"country": "Germany", "coords": [48.7758459, 9.1829321]}, "Riga": {"country": "Latvia", "coords": [56.9496487, 24.1051864]}, "Basel": {"country": "Switzerland", "coords": [47.5595986, 7.5885761]}, "Athens": {"country": "Greece", "coords": [37.9838096, 23.7275388]}, "Luxembourg": {"country": "Luxembourg", "coords": [49.815273, 6.129582999999999]}, "Alicante": {"country": "Spain", "coords": [38.3459963, -0.4906855]}, "Gothenburg": {"country": "Sweden", "coords": [57.70887, 11.97456]}, "Nurnberg": {"country": "Germany", "coords": [49.4254092, 11.0796553]}, "Lanzarote": {"country": "Spain", "coords": [29.0468535, -13.5899733]}, "Rotterdam": {"country": "Netherlands", "coords": [51.9244201, 4.4777325]}, "Birmingham": {"country": "United Kingdom", "coords": [52.48624299999999, -1.890401]}, "Glasgow": {"country": "United Kingdom", "coords": [55.864237, -4.251806]}, "Vienna": {"country": "Austria", "coords": [48.2081743, 16.3738189]}, "Cluj-Napoca": {"country": "Romania", "coords": [46.7712101, 23.6236353]}, "Edinburgh": {"country": "United Kingdom", "coords": [55.953252, -3.188267]}, "St. Petersburg": {"country": "Russia", "coords": [59.9342802, 30.3350986]}, "Liverpool": {"country": "United Kingdom", "coords": [53.4083714, -2.9915726]}, "Geneva": {"country": "Switzerland", "coords": [46.2043907, 6.1431577]}, "Larnaca": {"country": "Cyprus", "coords": [34.9002535, 33.6231723]}, "Moscow": {"country": "Russia", "coords": [55.755826, 37.6173]}, "Thessaloniki": {"country": "Greece", "coords": [40.6400629, 22.9444191]}, "Munich": {"country": "Germany", "coords": [48.1351253, 11.5819806]}, "Malmo": {"country": "Sweden", "coords": [55.604981, 13.003822]}, "Kutaisi": {"country": "Georgia", "coords": [42.2662428, 42.7180019]}, "Berlin": {"country": "Germany", "coords": [52.52000659999999, 13.404954]}, "Cairo": {"country": "Egypt", "coords": [30.0444196, 31.2357116]}, "Leeds": {"country": "United Kingdom", "coords": [53.8007554, -1.5490774]}, "Dortmund": {"country": "Germany", "coords": [51.5135872, 7.465298100000001]}, "Catania": {"country": "Italy", "coords": [37.5078772, 15.0830304]}, "London": {"country": "United Kingdom", "coords": [51.5073509, -0.1277583]}, "Nice": {"country": "France", "coords": [43.7101728, 7.261953200000001]}, "Stockholm": {"country": "Sweden", "coords": [59.32932349999999, 18.0685808]}, "Eilat": {"country": "Israel", "coords": [29.557669, 34.951925]}, "Porto": {"country": "Portugal", "coords": [41.1579438, -8.629105299999999]}, "Dubai": {"country": "United Arab Emirates", "coords": [25.2048493, 55.2707828]}, "Eindhoven": {"country": "Netherlands", "coords": [51.44164199999999, 5.4697225]}, "Malaga": {"country": "Spain", "coords": [36.7212737, -4.4213988]}, "Helsinki": {"country": "Finland", "coords": [60.16985569999999, 24.938379]}, "Naples": {"country": "Italy", "coords": [40.8517746, 14.2681244]}, "East Midlands": {"country": "United Kingdom", "coords": [52.82937399999999, -1.332134]}, "Hamburg": {"country": "Germany", "coords": [53.5510846, 9.9936818]}, "Dublin": {"country": "Ireland", "coords": [53.3498053, -6.2603097]}, "Dusseldorf": {"country": "Germany", "coords": [51.2277411, 6.7734556]}, "Barcelona": {"country": "Spain", "coords": [41.3850639, 2.1734035]}, "Pisa": {"country": "Italy", "coords": [43.7228386, 10.4016888]}, "Billund": {"country": "Denmark", "coords": [55.728449, 9.112366000000002]}, "Rome": {"country": "Italy", "coords": [41.9027835, 12.4963655]}, "Bologna": {"country": "Italy", "coords": [44.494887, 11.3426163]}, "Tenerife": {"country": "Spain", "coords": [28.2915637, -16.6291304]}, "Bristol": {"country": "United Kingdom", "coords": [51.454513, -2.58791]}, "Treviso": {"country": "Italy", "coords": [45.6668893, 12.2430437]}, "Tel Aviv": {"country": "Israel", "coords": [32.0852999, 34.78176759999999]}, "Venice": {"country": "Italy", "coords": [45.4408474, 12.3155151]}, "Frankfurt": {"country": "Germany", "coords": [50.1109221, 8.6821267]}, "Las Palmas": {"country": "Spain", "coords": [28.1235459, -15.4362574]}, "Bucharest": {"country": "Romania", "coords": [44.4267674, 26.1025384]}, "Beijing": {"country": "China", "coords": [39.904211, 116.407395]}, "Reykjavik": {"country": "Iceland", "coords": [64.12652059999999, -21.8174393]}, "Doha": {"country": "Qatar", "coords": [25.2854473, 51.53103979999999]}, "Belgrade": {"country": "Serbia", "coords": [44.786568, 20.4489216]}, "Zurich": {"country": "Switzerland", "coords": [47.3768866, 8.541694]}, "Madrid": {"country": "Spain", "coords": [40.4167754, -3.7037902]}, "Prague": {"country": "Czechia", "coords": [50.0755381, 14.4378005]}, "Baku": {"country": "Azerbaijan", "coords": [40.40926169999999, 49.8670924]}, "Algiers": {"country": "Algeria", "coords": [36.753768, 3.0587561]}, "Cologne": {"country": "Germany", "coords": [50.937531, 6.9602786]}, "Luqa": {"country": "Malta", "coords": [35.8582865, 14.4868883]}, "Milan": {"country": "Italy", "coords": [45.4654219, 9.1859243]}, "Minsk": {"country": "Belarus", "coords": [53.90453979999999, 27.5615244]}, "Manchester": {"country": "United Kingdom", "coords": [53.4807593, -2.2426305]}, "Fuerteventura": {"country": "Spain", "coords": [28.3587436, -14.053676]}, "Lisbon": {"country": "Portugal", "coords": [38.7222524, -9.1393366]}, "Karlsruhe/Baden-Baden": {"country": "Germany", "coords": [48.786504, 8.1011832]}, "Amsterdam": {"country": "Netherlands", "coords": [52.3702157, 4.895167900000001]}, "Copenhagen": {"country": "Denmark", "coords": [55.6760968, 12.5683371]}, "Hurghada": {"country": "Egypt", "coords": [27.2578957, 33.8116067]}, "Bari": {"country": "Italy", "coords": [41.1171432, 16.8718715]}, "Warsaw": {"country": "Poland", "coords": [52.2296756, 21.0122287]}}