{"Kiev": {"country": "Ukraine", "coords": [50.4501, 30.5234]}, "Paris": {"country": "France", "coords": [48.856614, 2.3522219]}, "Oslo": {"country": "Norway", "coords": [59.9138688, 10.7522454]}, "Basel": {"country": "Switzerland", "coords": [47.5595986, 7.5885761]}, "Beirut": {"country": "Lebanon", "coords": [33.8937913, 35.5017767]}, "Zaragoza": {"country": "Spain", "coords": [41.6488226, -0.8890853]}, "Liverpool": {"country": "United Kingdom", "coords": [53.4083714, -2.9915726]}, "Verona": {"country": "Italy", "coords": [45.43838419999999, 10.9916215]}, "Abu Dhabi": {"country": "United Arab Emirates", "coords": [24.453884, 54.3773438]}, "Malmo": {"country": "Sweden", "coords": [55.604981, 13.003822]}, "Castellon de la Plana": {"country": "Spain", "coords": [39.9863563, -0.0513246]}, "Bologna": {"country": "Italy", "coords": [44.494887, 11.3426163]}, "Catania": {"country": "Italy", "coords": [37.5078772, 15.0830304]}, "Treviso": {"country": "Italy", "coords": [45.6668893, 12.2430437]}, "Brussels": {"country": "Belgium", "coords": [50.8503463, 4.3517211]}, "Bucharest": {"country": "Romania", "coords": [44.4267674, 26.1025384]}, "Dubai": {"country": "United Arab Emirates", "coords": [25.2048493, 55.2707828]}, "Dublin": {"country": "Ireland", "coords": [53.3498053, -6.2603097]}, "Rome": {"country": "Italy", "coords": [41.9027835, 12.4963655]}, "Varna": {"country": "Bulgaria", "coords": [43.2140504, 27.9147333]}, "Luqa": {"country": "Malta", "coords": [35.8582865, 14.4868883]}, "Pescara": {"country": "Italy", "coords": [42.4617902, 14.2160898]}, "Cologne": {"country": "Germany", "coords": [50.937531, 6.9602786]}, "Milan": {"country": "Italy", "coords": [45.4654219, 9.1859243]}, "London": {"country": "United Kingdom", "coords": [51.5073509, -0.1277583]}, "Karlsruhe/Baden-Baden": {"country": "Germany", "coords": [48.786504, 8.1011832]}, "Hambantota": {"country": "Sri Lanka", "coords": [6.1428829, 81.12123079999999]}, "Strasbourg": {"country": "France", "coords": [48.5734053, 7.752111299999999]}, "Dortmund": {"country": "Germany", "coords": [51.5135872, 7.465298100000001]}, "Cluj-Napoca": {"country": "Romania", "coords": [46.7712101, 23.6236353]}, "Nurnberg": {"country": "Germany", "coords": [49.4254092, 11.0796553]}, "Amman": {"country": "Jordan", "coords": [31.9453666, 35.9283716]}, "Chisinau": {"country": "Moldova", "coords": [47.0104529, 28.8638103]}, "Vienna": {"country": "Austria", "coords": [48.2081743, 16.3738189]}, "Moscow": {"country": "Russia", "coords": [55.755826, 37.6173]}, "Bratislava": {"country": "Slovakia", "coords": [48.1485965, 17.1077477]}, "Berlin": {"country": "Germany", "coords": [52.52000659999999, 13.404954]}, "Weeze": {"country": "Germany", "coords": [51.6266679, 6.1968442]}, "Eindhoven": {"country": "Netherlands", "coords": [51.44164199999999, 5.4697225]}, "Stuttgart": {"country": "Germany", "coords": [48.7758459, 9.1829321]}, "Alicante": {"country": "Spain", "coords": [38.3459963, -0.4906855]}, "Tenerife": {"country": "Spain", "coords": [28.2915637, -16.6291304]}, "Frankfurt": {"country": "Germany", "coords": [50.1109221, 8.6821267]}, "Thessaloniki": {"country": "Greece", "coords": [40.6400629, 22.9444191]}, "Zurich": {"country": "Switzerland", "coords": [47.3768866, 8.541694]}, "Perugia": {"country": "Italy", "coords": [43.1107168, 12.3908279]}, "Madrid": {"country": "Spain", "coords": [40.4167754, -3.7037902]}, "Bari": {"country": "Italy", "coords": [41.1171432, 16.8718715]}, "Doncaster": {"country": "United Kingdom", "coords": [53.52282, -1.128462]}, "Lyon": {"country": "France", "coords": [45.764043, 4.835659]}, "Istanbul": {"country": "Turkey", "coords": [41.0082376, 28.9783589]}, "Pisa": {"country": "Italy", "coords": [43.7228386, 10.4016888]}, "Bacau": {"country": "Romania", "coords": [46.5670437, 26.9145748]}, "Turin": {"country": "Italy", "coords": [45.070312, 7.686856499999999]}, "Nice": {"country": "France", "coords": [43.7101728, 7.261953200000001]}, "Pune": {"country": "India", "coords": [18.5204303, 73.8567437]}, "Larnaca": {"country": "Cyprus", "coords": [34.9002535, 33.6231723]}, "Memmingen": {"country": "Germany", "coords": [47.9837999, 10.1801883]}, "Hannover": {"country": "Germany", "coords": [52.3758916, 9.732010400000002]}, "Malaga": {"country": "Spain", "coords": [36.7212737, -4.4213988]}, "Hamburg": {"country": "Germany", "coords": [53.5510846, 9.9936818]}, "Stockholm": {"country": "Sweden", "coords": [59.32932349999999, 18.0685808]}, "Tel Aviv": {"country": "Israel", "coords": [32.0852999, 34.78176759999999]}, "Timisoara": {"country": "Romania", "coords": [45.7488716, 21.2086793]}, "Doha": {"country": "Qatar", "coords": [25.2854473, 51.53103979999999]}, "Maastricht": {"country": "Netherlands", "coords": [50.8513682, 5.6909725]}, "Birmingham": {"country": "United Kingdom", "coords": [52.48624299999999, -1.890401]}, "Funchal": {"country": "Portugal", "coords": [32.6669328, -16.9240554]}, "Florence": {"country": "Italy", "coords": [43.7695604, 11.2558136]}, "Athens": {"country": "Greece", "coords": [37.9838096, 23.7275388]}, "Satu Mare": {"country": "Romania", "coords": [47.8016702, 22.8575926]}, "Oradea": {"country": "Romania", "coords": [47.04650050000001, 21.9189438]}, "Valencia": {"country": "Spain", "coords": [39.4699075, -0.3762881]}, "Naples": {"country": "Italy", "coords": [40.8517746, 14.2681244]}, "Geneva": {"country": "Switzerland", "coords": [46.2043907, 6.1431577]}, "Sibiu": {"country": "Romania", "coords": [45.7983273, 24.1255826]}, "Munich": {"country": "Germany", "coords": [48.1351253, 11.5819806]}, "Glasgow": {"country": "United Kingdom", "coords": [55.864237, -4.251806]}, "Alghero": {"country": "Italy", "coords": [40.5579517, 8.319294900000001]}, "Budapest": {"country": "Hungary", "coords": [47.497912, 19.040235]}, "Dusseldorf": {"country": "Germany", "coords": [51.2277411, 6.7734556]}, "Barcelona": {"country": "Spain", "coords": [41.3850639, 2.1734035]}, "Billund": {"country": "Denmark", "coords": [55.728449, 9.112366000000002]}, "Bristol": {"country": "United Kingdom", "coords": [51.454513, -2.58791]}, "Antalya": {"country": "Turkey", "coords": [36.8968908, 30.7133233]}, "Iasi": {"country": "Romania", "coords": [47.1584549, 27.6014418]}, "Belgrade": {"country": "Serbia", "coords": [44.786568, 20.4489216]}, "Prague": {"country": "Czechia", "coords": [50.0755381, 14.4378005]}, "Sofia": {"country": "Bulgaria", "coords": [42.6977082, 23.3218675]}, "Suceava": {"country": "Romania", "coords": [47.6634521, 26.2732302]}, "Lisbon": {"country": "Portugal", "coords": [38.7222524, -9.1393366]}, "Amsterdam": {"country": "Netherlands", "coords": [52.3702157, 4.895167900000001]}, "Copenhagen": {"country": "Denmark", "coords": [55.6760968, 12.5683371]}, "Warsaw": {"country": "Poland", "coords": [52.2296756, 21.0122287]}}