{"214": "Dominican Republic", "212": "Dominica", "762": "Tajikistan", "760": "Syria", "662": "Saint Lucia", "218": "Ecuador", "132": "Cape Verde", "578": "Norway", "498": "Moldova", "499": "Montenegro", "226": "Equatorial Guinea", "496": "Mongolia", "24": "Angola", "690": "Seychelles", "20": "Andorra", "694": "Sierra Leone", "28": "Antigua and Barbuda", "344": "Hong Kong", "288": "Ghana", "404": "Kenya", "340": "Honduras", "4": "Afghanistan", "400": "Jordan", "8": "Albania", "548": "Vanuatu", "348": "Hungary", "408": "North Korea", "678": "Sao Tome and Principe", "716": "Zimbabwe", "670": "Saint Vincent and the Grenadines", "710": "South Africa", "120": "Cameroon", "262": "Djibouti", "158": "Taiwan", "124": "Canada", "266": "Gabon", "268": "Georgia", "56": "Belgium", "51": "Armenia", "50": "Bangladesh", "52": "Barbados", "414": "Kuwait", "417": "Kyrgyzstan", "410": "South Korea", "296": "Kiribati", "372": "Ireland", "418": "Laos", "376": "Israel", "591": "Panama", "308": "Grenada", "704": "Vietnam", "598": "Papua New Guinea", "706": "Somalia", "196": "Cyprus", "191": "Croatia", "203": "Czech Republic", "702": "Singapore", "192": "Cuba", "270": "Gambia", "392": "Japan", "116": "Cambodia", "275": "Palestine", "276": "Germany", "112": "Belarus", "398": "Kazakhstan", "84": "Belize", "604": "Peru", "795": "Turkmenistan", "792": "Turkey", "834": "Tanzania", "524": "Nepal", "428": "Latvia", "368": "Iraq", "364": "Iran", "422": "Lebanon", "528": "Netherlands", "360": "Indonesia", "426": "Lesotho", "586": "Pakistan", "585": "Palau", "583": "Micronesia, Federated States of", "300": "Greece", "442": "Luxembourg", "440": "Lithuania", "380": "Italy", "108": "Burundi", "246": "Finland", "384": "Ivory Coast", "242": "Fiji", "388": "Jamaica", "100": "Bulgaria", "104": "Myanmar [Burma]", "784": "United Arab Emirates", "826": "United Kingdom", "780": "Trinidad and Tobago", "840": "United States", "32": "Argentina", "31": "Azerbaijan", "788": "Tunisia", "36": "Australia", "643": "Russia", "642": "Romania", "438": "Liechtenstein", "646": "Rwanda", "434": "Libya", "512": "Oman", "430": "Liberia", "516": "Namibia", "458": "Malaysia", "620": "Portugal", "626": "East Timor", "624": "Guinea-Bissau", "450": "Madagascar", "454": "Malawi", "332": "Haiti", "64": "Bhutan", "178": "Republic of the Congo", "68": "Bolivia", "250": "France", "174": "Comoros", "170": "Colombia", "854": "Burkina Faso", "818": "Egypt", "858": "Uruguay", "180": "Democratic Republic of the Congo", "508": "Mozambique", "705": "Slovenia", "504": "Morocco", "659": "Saint Kitts and Nevis", "752": "Sweden", "634": "Qatar", "756": "Switzerland", "562": "Niger", "466": "Mali", "566": "Nigeria", "462": "Maldives", "90": "Solomon Islands", "764": "Thailand", "703": "Slovakia", "222": "El Salvador", "96": "Brunei", "12": "Algeria", "860": "Uzbekistan", "862": "Venezuela", "724": "Spain", "728": "South Sudan", "729": "Sudan", "740": "Suriname", "882": "Samoa", "152": "Chile", "887": "Yemen", "558": "Nicaragua", "156": "China", "748": "Swaziland", "554": "New Zealand", "608": "Philippines", "231": "Ethiopia", "232": "Eritrea", "233": "Estonia", "600": "Paraguay", "48": "Bahrain", "44": "Bahamas", "188": "Costa Rica", "470": "Malta", "40": "Austria", "320": "Guatemala", "324": "Guinea", "328": "Guyana", "352": "Iceland", "144": "Sri Lanka", "776": "Tonga", "894": "Zambia", "204": "Benin", "140": "Central African Republic", "208": "Denmark", "616": "Poland", "u834": "Tanzania", "148": "Chad", "76": "Brazil", "72": "Botswana", "70": "Bosnia and Herzegovina", "484": "Mexico", "480": "Mauritius", "686": "Senegal", "-99": "Ter\u00fclet", "356": "India", "768": "Togo", "688": "Serbia", "682": "Saudi Arabia", "478": "Mauritania", "800": "Uganda", "807": "Macedonia", "804": "Ukraine"}