{"cities": {"Canada": {"count": 65, "kovaszna": {"count": 1, "country": "Canada", "coords": [0, 0]}, "segesvar": {"count": 12, "country": "Canada", "coords": [0, 0]}, "regen": {"count": 2, "country": "Canada", "coords": [0, 0]}, "szentgyorgy": {"count": 2, "country": "Canada", "coords": [0, 0]}, "parajd": {"count": 2, "country": "Canada", "coords": [0, 0]}, "gyergyo": {"count": 7, "country": "Canada", "coords": [0, 0]}, "csikszereda": {"count": 5, "country": "Canada", "coords": [0, 0]}, "keresztur": {"count": 3, "country": "Canada", "coords": [0, 0]}, "coords": [56.130366, -106.346771], "balan": {"count": 3, "country": "Canada", "coords": [0, 0]}, "toplita": {"count": 2, "country": "Canada", "coords": [0, 0]}, "vasarhely": {"count": 5, "country": "Canada", "coords": [0, 0]}, "vlahica": {"count": 3, "country": "Canada", "coords": [0, 0]}, "szovata": {"count": 8, "country": "Canada", "coords": [0, 0]}, "udvarhely": {"count": 5, "country": "Canada", "coords": [0, 0]}, "kezdi": {"count": 3, "country": "Canada", "coords": [0, 0]}, "barot": {"count": 2, "country": "Canada", "coords": [0, 0]}}, "Lithuania": {"count": 3, "coords": [55.169438, 23.881275], "kovaszna": {"count": 1, "country": "Lithuania", "coords": [0, 0]}, "szentgyorgy": {"count": 1, "country": "Lithuania", "coords": [0, 0]}, "barot": {"count": 1, "country": "Lithuania", "coords": [0, 0]}}, "Cambodia": {"count": 3, "coords": [12.565679, 104.990963], "szovata": {"count": 3, "country": "Cambodia", "coords": [0, 0]}}, "Argentina": {"count": 5, "segesvar": {"count": 2, "country": "Argentina", "coords": [0, 0]}, "coords": [-38.416097, -63.61667199999999], "vasarhely": {"count": 2, "country": "Argentina", "coords": [0, 0]}, "barot": {"count": 1, "country": "Argentina", "coords": [0, 0]}}, "Burkina Faso": {"count": 1, "vlahica": {"count": 1, "country": "Burkina Faso", "coords": [0, 0]}, "coords": [12.238333, -1.561593]}, "Saudi Arabia": {"count": 1, "coords": [23.885942, 45.079162], "barot": {"count": 1, "country": "Saudi Arabia", "coords": [0, 0]}}, "Guatemala": {"count": 1, "coords": [15.783471, -90.23075899999999], "vasarhely": {"count": 1, "country": "Guatemala", "coords": [0, 0]}}, "Spain": {"count": 284, "segesvar": {"count": 61, "country": "Spain", "coords": [0, 0]}, "regen": {"count": 43, "country": "Spain", "coords": [0, 0]}, "szentgyorgy": {"count": 4, "country": "Spain", "coords": [0, 0]}, "parajd": {"count": 1, "country": "Spain", "coords": [0, 0]}, "gyergyo": {"count": 3, "country": "Spain", "coords": [0, 0]}, "csikszereda": {"count": 4, "country": "Spain", "coords": [0, 0]}, "keresztur": {"count": 6, "country": "Spain", "coords": [0, 0]}, "coords": [40.46366700000001, -3.74922], "balan": {"count": 83, "country": "Spain", "coords": [0, 0]}, "toplita": {"count": 44, "country": "Spain", "coords": [0, 0]}, "vasarhely": {"count": 13, "country": "Spain", "coords": [0, 0]}, "vlahica": {"count": 1, "country": "Spain", "coords": [0, 0]}, "szovata": {"count": 6, "country": "Spain", "coords": [0, 0]}, "udvarhely": {"count": 4, "country": "Spain", "coords": [0, 0]}, "kezdi": {"count": 4, "country": "Spain", "coords": [0, 0]}, "kovaszna": {"count": 7, "country": "Spain", "coords": [0, 0]}}, "Maldives": {"count": 1, "coords": [1.977247, 73.5361034], "vasarhely": {"count": 1, "country": "Maldives", "coords": [0, 0]}}, "Tanzania": {"count": 1, "coords": [-6.369028, 34.888822], "vasarhely": {"count": 1, "country": "Tanzania", "coords": [0, 0]}}, "Greenland": {"count": 1, "coords": [71.706936, -42.604303], "vasarhely": {"count": 1, "country": "Greenland", "coords": [0, 0]}}, "Gabon": {"count": 1, "coords": [-0.803689, 11.609444], "balan": {"count": 1, "country": "Gabon", "coords": [0, 0]}}, "Finland": {"count": 7, "toplita": {"count": 1, "country": "Finland", "coords": [0, 0]}, "csikszereda": {"count": 1, "country": "Finland", "coords": [0, 0]}, "coords": [61.92410999999999, 25.748151], "kovaszna": {"count": 1, "country": "Finland", "coords": [0, 0]}, "szentgyorgy": {"count": 2, "country": "Finland", "coords": [0, 0]}, "vasarhely": {"count": 1, "country": "Finland", "coords": [0, 0]}, "kezdi": {"count": 1, "country": "Finland", "coords": [0, 0]}}, "Monaco": {"count": 1, "coords": [43.73841760000001, 7.424615799999999], "kovaszna": {"count": 1, "country": "Monaco", "coords": [0, 0]}}, "New Zealand": {"count": 2, "segesvar": {"count": 1, "country": "New Zealand", "coords": [0, 0]}, "coords": [-40.900557, 174.885971], "balan": {"count": 1, "country": "New Zealand", "coords": [0, 0]}}, "Jersey": {"count": 3, "udvarhely": {"count": 1, "country": "Jersey", "coords": [0, 0]}, "coords": [49.214439, -2.13125], "kezdi": {"count": 1, "country": "Jersey", "coords": [0, 0]}, "gyergyo": {"count": 1, "country": "Jersey", "coords": [0, 0]}}, "Pakistan": {"count": 2, "csikszereda": {"count": 1, "country": "Pakistan", "coords": [0, 0]}, "coords": [30.375321, 69.34511599999999], "gyergyo": {"count": 1, "country": "Pakistan", "coords": [0, 0]}}, "Albania": {"count": 1, "vlahica": {"count": 1, "country": "Albania", "coords": [0, 0]}, "coords": [41.153332, 20.168331]}, "null": {"count": 10, "segesvar": {"count": 2, "country": null, "coords": [0, 0]}, "regen": {"count": 1, "country": null, "coords": [0, 0]}, "coords": [0, 0], "balan": {"count": 1, "country": null, "coords": [0, 0]}, "toplita": {"count": 1, "country": null, "coords": [0, 0]}, "vasarhely": {"count": 2, "country": null, "coords": [0, 0]}, "kezdi": {"count": 2, "country": null, "coords": [0, 0]}, "kovaszna": {"count": 1, "country": null, "coords": [0, 0]}}, "United Arab Emirates": {"count": 17, "segesvar": {"count": 2, "country": "United Arab Emirates", "coords": [0, 0]}, "vasarhely": {"count": 3, "country": "United Arab Emirates", "coords": [0, 0]}, "csikszereda": {"count": 4, "country": "United Arab Emirates", "coords": [0, 0]}, "coords": [23.424076, 53.847818], "kovaszna": {"count": 2, "country": "United Arab Emirates", "coords": [0, 0]}, "regen": {"count": 1, "country": "United Arab Emirates", "coords": [0, 0]}, "udvarhely": {"count": 2, "country": "United Arab Emirates", "coords": [0, 0]}, "szovata": {"count": 3, "country": "United Arab Emirates", "coords": [0, 0]}}, "India": {"count": 33, "szentgyorgy": {"count": 1, "country": "India", "coords": [0, 0]}, "parajd": {"count": 6, "country": "India", "coords": [0, 0]}, "kovaszna": {"count": 1, "country": "India", "coords": [0, 0]}, "coords": [20.593684, 78.96288], "balan": {"count": 1, "country": "India", "coords": [0, 0]}, "toplita": {"count": 1, "country": "India", "coords": [0, 0]}, "vasarhely": {"count": 1, "country": "India", "coords": [0, 0]}, "szovata": {"count": 4, "country": "India", "coords": [0, 0]}, "barot": {"count": 18, "country": "India", "coords": [0, 0]}}, "Madagascar": {"count": 1, "coords": [-18.766947, 46.869107], "vasarhely": {"count": 1, "country": "Madagascar", "coords": [0, 0]}}, "Turkey": {"count": 13, "segesvar": {"count": 3, "country": "Turkey", "coords": [0, 0]}, "szentgyorgy": {"count": 1, "country": "Turkey", "coords": [0, 0]}, "coords": [38.963745, 35.243322], "balan": {"count": 2, "country": "Turkey", "coords": [0, 0]}, "toplita": {"count": 2, "country": "Turkey", "coords": [0, 0]}, "vasarhely": {"count": 2, "country": "Turkey", "coords": [0, 0]}, "szovata": {"count": 1, "country": "Turkey", "coords": [0, 0]}, "udvarhely": {"count": 1, "country": "Turkey", "coords": [0, 0]}, "kovaszna": {"count": 1, "country": "Turkey", "coords": [0, 0]}}, "Afghanistan": {"count": 1, "segesvar": {"count": 1, "country": "Afghanistan", "coords": [0, 0]}, "coords": [33.93911, 67.709953]}, "Czech Republic": {"count": 18, "segesvar": {"count": 2, "country": "Czech Republic", "coords": [0, 0]}, "regen": {"count": 1, "country": "Czech Republic", "coords": [0, 0]}, "parajd": {"count": 1, "country": "Czech Republic", "coords": [0, 0]}, "gyergyo": {"count": 2, "country": "Czech Republic", "coords": [0, 0]}, "csikszereda": {"count": 1, "country": "Czech Republic", "coords": [0, 0]}, "kovaszna": {"count": 2, "country": "Czech Republic", "coords": [0, 0]}, "coords": [49.81749199999999, 15.472962], "balan": {"count": 2, "country": "Czech Republic", "coords": [0, 0]}, "szentgyorgy": {"count": 3, "country": "Czech Republic", "coords": [0, 0]}, "vasarhely": {"count": 2, "country": "Czech Republic", "coords": [0, 0]}, "kezdi": {"count": 1, "country": "Czech Republic", "coords": [0, 0]}, "barot": {"count": 1, "country": "Czech Republic", "coords": [0, 0]}}, "French Polynesia": {"count": 1, "csikszereda": {"count": 1, "country": "French Polynesia", "coords": [0, 0]}, "coords": [-17.679742, -149.406843]}, "France": {"count": 110, "segesvar": {"count": 3, "country": "France", "coords": [0, 0]}, "regen": {"count": 9, "country": "France", "coords": [0, 0]}, "szentgyorgy": {"count": 6, "country": "France", "coords": [0, 0]}, "parajd": {"count": 2, "country": "France", "coords": [0, 0]}, "gyergyo": {"count": 19, "country": "France", "coords": [0, 0]}, "csikszereda": {"count": 6, "country": "France", "coords": [0, 0]}, "keresztur": {"count": 2, "country": "France", "coords": [0, 0]}, "coords": [46.227638, 2.213749], "balan": {"count": 25, "country": "France", "coords": [0, 0]}, "toplita": {"count": 10, "country": "France", "coords": [0, 0]}, "vasarhely": {"count": 8, "country": "France", "coords": [0, 0]}, "vlahica": {"count": 5, "country": "France", "coords": [0, 0]}, "szovata": {"count": 6, "country": "France", "coords": [0, 0]}, "udvarhely": {"count": 4, "country": "France", "coords": [0, 0]}, "kezdi": {"count": 1, "country": "France", "coords": [0, 0]}, "kovaszna": {"count": 4, "country": "France", "coords": [0, 0]}}, "Slovakia": {"count": 38, "kovaszna": {"count": 1, "country": "Slovakia", "coords": [0, 0]}, "szentgyorgy": {"count": 1, "country": "Slovakia", "coords": [0, 0]}, "parajd": {"count": 1, "country": "Slovakia", "coords": [0, 0]}, "gyergyo": {"count": 2, "country": "Slovakia", "coords": [0, 0]}, "csikszereda": {"count": 7, "country": "Slovakia", "coords": [0, 0]}, "keresztur": {"count": 7, "country": "Slovakia", "coords": [0, 0]}, "coords": [48.669026, 19.699024], "balan": {"count": 8, "country": "Slovakia", "coords": [0, 0]}, "toplita": {"count": 2, "country": "Slovakia", "coords": [0, 0]}, "vasarhely": {"count": 2, "country": "Slovakia", "coords": [0, 0]}, "udvarhely": {"count": 1, "country": "Slovakia", "coords": [0, 0]}, "kezdi": {"count": 1, "country": "Slovakia", "coords": [0, 0]}, "barot": {"count": 5, "country": "Slovakia", "coords": [0, 0]}}, "Peru": {"count": 2, "segesvar": {"count": 1, "country": "Peru", "coords": [0, 0]}, "csikszereda": {"count": 1, "country": "Peru", "coords": [0, 0]}, "coords": [-9.189967, -75.015152]}, "Laos": {"count": 3, "keresztur": {"count": 1, "country": "Laos", "coords": [0, 0]}, "coords": [19.85627, 102.495496], "vasarhely": {"count": 1, "country": "Laos", "coords": [0, 0]}, "udvarhely": {"count": 1, "country": "Laos", "coords": [0, 0]}}, "Norway": {"count": 41, "segesvar": {"count": 3, "country": "Norway", "coords": [0, 0]}, "regen": {"count": 2, "country": "Norway", "coords": [0, 0]}, "szentgyorgy": {"count": 2, "country": "Norway", "coords": [0, 0]}, "gyergyo": {"count": 4, "country": "Norway", "coords": [0, 0]}, "csikszereda": {"count": 2, "country": "Norway", "coords": [0, 0]}, "keresztur": {"count": 6, "country": "Norway", "coords": [0, 0]}, "coords": [60.47202399999999, 8.468945999999999], "balan": {"count": 1, "country": "Norway", "coords": [0, 0]}, "toplita": {"count": 3, "country": "Norway", "coords": [0, 0]}, "vasarhely": {"count": 5, "country": "Norway", "coords": [0, 0]}, "vlahica": {"count": 2, "country": "Norway", "coords": [0, 0]}, "szovata": {"count": 1, "country": "Norway", "coords": [0, 0]}, "udvarhely": {"count": 9, "country": "Norway", "coords": [0, 0]}, "kovaszna": {"count": 1, "country": "Norway", "coords": [0, 0]}}, "China": {"count": 3, "coords": [35.86166, 104.195397], "kovaszna": {"count": 2, "country": "China", "coords": [0, 0]}, "kezdi": {"count": 1, "country": "China", "coords": [0, 0]}}, "Ukraine": {"count": 2, "keresztur": {"count": 1, "country": "Ukraine", "coords": [0, 0]}, "coords": [48.379433, 31.16558], "vasarhely": {"count": 1, "country": "Ukraine", "coords": [0, 0]}}, "Cayman Islands": {"count": 1, "segesvar": {"count": 1, "country": "Cayman Islands", "coords": [0, 0]}, "coords": [19.3133, -81.2546]}, "Libya": {"count": 3, "keresztur": {"count": 1, "country": "Libya", "coords": [0, 0]}, "coords": [26.3351, 17.228331], "balan": {"count": 1, "country": "Libya", "coords": [0, 0]}, "toplita": {"count": 1, "country": "Libya", "coords": [0, 0]}}, "Indonesia": {"count": 6, "coords": [-0.789275, 113.921327], "balan": {"count": 6, "country": "Indonesia", "coords": [0, 0]}}, "United States": {"count": 233, "kovaszna": {"count": 14, "country": "United States", "coords": [0, 0]}, "segesvar": {"count": 15, "country": "United States", "coords": [0, 0]}, "regen": {"count": 12, "country": "United States", "coords": [0, 0]}, "szentgyorgy": {"count": 16, "country": "United States", "coords": [0, 0]}, "parajd": {"count": 1, "country": "United States", "coords": [0, 0]}, "gyergyo": {"count": 14, "country": "United States", "coords": [0, 0]}, "csikszereda": {"count": 30, "country": "United States", "coords": [0, 0]}, "keresztur": {"count": 11, "country": "United States", "coords": [0, 0]}, "coords": [37.09024, -95.712891], "balan": {"count": 17, "country": "United States", "coords": [0, 0]}, "toplita": {"count": 18, "country": "United States", "coords": [0, 0]}, "vasarhely": {"count": 34, "country": "United States", "coords": [0, 0]}, "vlahica": {"count": 8, "country": "United States", "coords": [0, 0]}, "szovata": {"count": 5, "country": "United States", "coords": [0, 0]}, "udvarhely": {"count": 14, "country": "United States", "coords": [0, 0]}, "kezdi": {"count": 16, "country": "United States", "coords": [0, 0]}, "barot": {"count": 8, "country": "United States", "coords": [0, 0]}}, "Sweden": {"count": 103, "kovaszna": {"count": 7, "country": "Sweden", "coords": [0, 0]}, "segesvar": {"count": 6, "country": "Sweden", "coords": [0, 0]}, "regen": {"count": 3, "country": "Sweden", "coords": [0, 0]}, "szentgyorgy": {"count": 4, "country": "Sweden", "coords": [0, 0]}, "parajd": {"count": 1, "country": "Sweden", "coords": [0, 0]}, "gyergyo": {"count": 7, "country": "Sweden", "coords": [0, 0]}, "csikszereda": {"count": 15, "country": "Sweden", "coords": [0, 0]}, "keresztur": {"count": 7, "country": "Sweden", "coords": [0, 0]}, "coords": [60.12816100000001, 18.643501], "balan": {"count": 8, "country": "Sweden", "coords": [0, 0]}, "toplita": {"count": 1, "country": "Sweden", "coords": [0, 0]}, "vasarhely": {"count": 4, "country": "Sweden", "coords": [0, 0]}, "vlahica": {"count": 9, "country": "Sweden", "coords": [0, 0]}, "szovata": {"count": 2, "country": "Sweden", "coords": [0, 0]}, "udvarhely": {"count": 10, "country": "Sweden", "coords": [0, 0]}, "kezdi": {"count": 10, "country": "Sweden", "coords": [0, 0]}, "barot": {"count": 9, "country": "Sweden", "coords": [0, 0]}}, "Vietnam": {"count": 3, "coords": [14.058324, 108.277199], "balan": {"count": 3, "country": "Vietnam", "coords": [0, 0]}}, "Mali": {"count": 1, "csikszereda": {"count": 1, "country": "Mali", "coords": [0, 0]}, "coords": [17.570692, -3.996166]}, "Russia": {"count": 5, "regen": {"count": 1, "country": "Russia", "coords": [0, 0]}, "coords": [61.52401, 105.318756], "kovaszna": {"count": 1, "country": "Russia", "coords": [0, 0]}, "toplita": {"count": 3, "country": "Russia", "coords": [0, 0]}}, "Bulgaria": {"count": 4, "segesvar": {"count": 1, "country": "Bulgaria", "coords": [0, 0]}, "csikszereda": {"count": 1, "country": "Bulgaria", "coords": [0, 0]}, "coords": [42.733883, 25.48583], "kovaszna": {"count": 1, "country": "Bulgaria", "coords": [0, 0]}, "szovata": {"count": 1, "country": "Bulgaria", "coords": [0, 0]}}, "Romania": {"count": 23421, "kovaszna": {"count": 1816, "country": "Romania", "coords": [0, 0]}, "segesvar": {"count": 1352, "country": "Romania", "coords": [0, 0]}, "regen": {"count": 1608, "country": "Romania", "coords": [0, 0]}, "szentgyorgy": {"count": 1669, "country": "Romania", "coords": [0, 0]}, "parajd": {"count": 882, "country": "Romania", "coords": [0, 0]}, "gyergyo": {"count": 1481, "country": "Romania", "coords": [0, 0]}, "csikszereda": {"count": 1488, "country": "Romania", "coords": [0, 0]}, "keresztur": {"count": 1530, "country": "Romania", "coords": [0, 0]}, "coords": [45.943161, 24.96676], "balan": {"count": 1145, "country": "Romania", "coords": [0, 0]}, "toplita": {"count": 1565, "country": "Romania", "coords": [0, 0]}, "vasarhely": {"count": 1732, "country": "Romania", "coords": [0, 0]}, "vlahica": {"count": 1323, "country": "Romania", "coords": [0, 0]}, "szovata": {"count": 1149, "country": "Romania", "coords": [0, 0]}, "udvarhely": {"count": 1552, "country": "Romania", "coords": [0, 0]}, "kezdi": {"count": 1629, "country": "Romania", "coords": [0, 0]}, "barot": {"count": 1500, "country": "Romania", "coords": [0, 0]}}, "Chad": {"count": 1, "csikszereda": {"count": 1, "country": "Chad", "coords": [0, 0]}, "coords": [15.454166, 18.732207]}, "South Africa": {"count": 4, "csikszereda": {"count": 1, "country": "South Africa", "coords": [0, 0]}, "keresztur": {"count": 1, "country": "South Africa", "coords": [0, 0]}, "coords": [-30.559482, 22.937506], "vlahica": {"count": 1, "country": "South Africa", "coords": [0, 0]}, "kezdi": {"count": 1, "country": "South Africa", "coords": [0, 0]}}, "Malaysia": {"count": 1, "coords": [4.210484, 101.975766], "kezdi": {"count": 1, "country": "Malaysia", "coords": [0, 0]}}, "Austria": {"count": 210, "kovaszna": {"count": 17, "country": "Austria", "coords": [0, 0]}, "segesvar": {"count": 15, "country": "Austria", "coords": [0, 0]}, "regen": {"count": 15, "country": "Austria", "coords": [0, 0]}, "szentgyorgy": {"count": 21, "country": "Austria", "coords": [0, 0]}, "parajd": {"count": 4, "country": "Austria", "coords": [0, 0]}, "gyergyo": {"count": 23, "country": "Austria", "coords": [0, 0]}, "csikszereda": {"count": 16, "country": "Austria", "coords": [0, 0]}, "keresztur": {"count": 12, "country": "Austria", "coords": [0, 0]}, "coords": [47.516231, 14.550072], "balan": {"count": 9, "country": "Austria", "coords": [0, 0]}, "toplita": {"count": 12, "country": "Austria", "coords": [0, 0]}, "vasarhely": {"count": 18, "country": "Austria", "coords": [0, 0]}, "vlahica": {"count": 7, "country": "Austria", "coords": [0, 0]}, "szovata": {"count": 3, "country": "Austria", "coords": [0, 0]}, "udvarhely": {"count": 13, "country": "Austria", "coords": [0, 0]}, "kezdi": {"count": 13, "country": "Austria", "coords": [0, 0]}, "barot": {"count": 12, "country": "Austria", "coords": [0, 0]}}, "Hungary": {"count": 2723, "kovaszna": {"count": 176, "country": "Hungary", "coords": [0, 0]}, "segesvar": {"count": 12, "country": "Hungary", "coords": [0, 0]}, "regen": {"count": 62, "country": "Hungary", "coords": [0, 0]}, "szentgyorgy": {"count": 242, "country": "Hungary", "coords": [0, 0]}, "parajd": {"count": 75, "country": "Hungary", "coords": [0, 0]}, "gyergyo": {"count": 302, "country": "Hungary", "coords": [0, 0]}, "csikszereda": {"count": 266, "country": "Hungary", "coords": [0, 0]}, "keresztur": {"count": 373, "country": "Hungary", "coords": [0, 0]}, "coords": [47.162494, 19.503304], "balan": {"count": 56, "country": "Hungary", "coords": [0, 0]}, "toplita": {"count": 59, "country": "Hungary", "coords": [0, 0]}, "vasarhely": {"count": 166, "country": "Hungary", "coords": [0, 0]}, "vlahica": {"count": 221, "country": "Hungary", "coords": [0, 0]}, "szovata": {"count": 51, "country": "Hungary", "coords": [0, 0]}, "udvarhely": {"count": 233, "country": "Hungary", "coords": [0, 0]}, "kezdi": {"count": 162, "country": "Hungary", "coords": [0, 0]}, "barot": {"count": 267, "country": "Hungary", "coords": [0, 0]}}, "Brazil": {"count": 7, "segesvar": {"count": 2, "country": "Brazil", "coords": [0, 0]}, "parajd": {"count": 1, "country": "Brazil", "coords": [0, 0]}, "keresztur": {"count": 1, "country": "Brazil", "coords": [0, 0]}, "coords": [-14.235004, -51.92528], "balan": {"count": 2, "country": "Brazil", "coords": [0, 0]}, "szovata": {"count": 1, "country": "Brazil", "coords": [0, 0]}}, "Panama": {"count": 1, "segesvar": {"count": 1, "country": "Panama", "coords": [0, 0]}, "coords": [8.537981, -80.782127]}, "Costa Rica": {"count": 2, "coords": [9.748916999999999, -83.753428], "balan": {"count": 1, "country": "Costa Rica", "coords": [0, 0]}, "vasarhely": {"count": 1, "country": "Costa Rica", "coords": [0, 0]}}, "Luxembourg": {"count": 4, "kezdi": {"count": 2, "country": "Luxembourg", "coords": [0, 0]}, "coords": [49.815273, 6.129582999999999], "regen": {"count": 1, "country": "Luxembourg", "coords": [0, 0]}, "szentgyorgy": {"count": 1, "country": "Luxembourg", "coords": [0, 0]}}, "Ireland": {"count": 40, "segesvar": {"count": 2, "country": "Ireland", "coords": [0, 0]}, "regen": {"count": 13, "country": "Ireland", "coords": [0, 0]}, "szentgyorgy": {"count": 4, "country": "Ireland", "coords": [0, 0]}, "gyergyo": {"count": 2, "country": "Ireland", "coords": [0, 0]}, "csikszereda": {"count": 1, "country": "Ireland", "coords": [0, 0]}, "coords": [53.41291, -8.24389], "balan": {"count": 4, "country": "Ireland", "coords": [0, 0]}, "toplita": {"count": 4, "country": "Ireland", "coords": [0, 0]}, "vasarhely": {"count": 6, "country": "Ireland", "coords": [0, 0]}, "udvarhely": {"count": 1, "country": "Ireland", "coords": [0, 0]}, "kovaszna": {"count": 3, "country": "Ireland", "coords": [0, 0]}}, "Nigeria": {"count": 2, "coords": [9.081999, 8.675277], "balan": {"count": 1, "country": "Nigeria", "coords": [0, 0]}, "toplita": {"count": 1, "country": "Nigeria", "coords": [0, 0]}}, "Bangladesh": {"count": 3, "coords": [23.684994, 90.356331], "szovata": {"count": 3, "country": "Bangladesh", "coords": [0, 0]}}, "Australia": {"count": 6, "szentgyorgy": {"count": 1, "country": "Australia", "coords": [0, 0]}, "keresztur": {"count": 1, "country": "Australia", "coords": [0, 0]}, "coords": [-25.274398, 133.775136], "balan": {"count": 1, "country": "Australia", "coords": [0, 0]}, "toplita": {"count": 1, "country": "Australia", "coords": [0, 0]}, "vlahica": {"count": 1, "country": "Australia", "coords": [0, 0]}, "udvarhely": {"count": 1, "country": "Australia", "coords": [0, 0]}}, "Algeria": {"count": 2, "coords": [28.033886, 1.659626], "balan": {"count": 1, "country": "Algeria", "coords": [0, 0]}, "toplita": {"count": 1, "country": "Algeria", "coords": [0, 0]}}, "Chile": {"count": 4, "segesvar": {"count": 4, "country": "Chile", "coords": [0, 0]}, "coords": [-35.675147, -71.542969]}, "Belgium": {"count": 61, "kovaszna": {"count": 5, "country": "Belgium", "coords": [0, 0]}, "segesvar": {"count": 5, "country": "Belgium", "coords": [0, 0]}, "regen": {"count": 6, "country": "Belgium", "coords": [0, 0]}, "szentgyorgy": {"count": 1, "country": "Belgium", "coords": [0, 0]}, "parajd": {"count": 1, "country": "Belgium", "coords": [0, 0]}, "gyergyo": {"count": 1, "country": "Belgium", "coords": [0, 0]}, "csikszereda": {"count": 5, "country": "Belgium", "coords": [0, 0]}, "keresztur": {"count": 1, "country": "Belgium", "coords": [0, 0]}, "coords": [50.503887, 4.469936], "balan": {"count": 12, "country": "Belgium", "coords": [0, 0]}, "toplita": {"count": 5, "country": "Belgium", "coords": [0, 0]}, "vasarhely": {"count": 7, "country": "Belgium", "coords": [0, 0]}, "vlahica": {"count": 3, "country": "Belgium", "coords": [0, 0]}, "szovata": {"count": 3, "country": "Belgium", "coords": [0, 0]}, "udvarhely": {"count": 2, "country": "Belgium", "coords": [0, 0]}, "kezdi": {"count": 3, "country": "Belgium", "coords": [0, 0]}, "barot": {"count": 1, "country": "Belgium", "coords": [0, 0]}}, "Thailand": {"count": 7, "toplita": {"count": 1, "country": "Thailand", "coords": [0, 0]}, "coords": [15.870032, 100.992541], "kovaszna": {"count": 1, "country": "Thailand", "coords": [0, 0]}, "szentgyorgy": {"count": 1, "country": "Thailand", "coords": [0, 0]}, "szovata": {"count": 4, "country": "Thailand", "coords": [0, 0]}}, "Haiti": {"count": 1, "coords": [18.971187, -72.285215], "balan": {"count": 1, "country": "Haiti", "coords": [0, 0]}}, "Iraq": {"count": 16, "gyergyo": {"count": 6, "country": "Iraq", "coords": [0, 0]}, "csikszereda": {"count": 2, "country": "Iraq", "coords": [0, 0]}, "coords": [33.223191, 43.679291], "balan": {"count": 6, "country": "Iraq", "coords": [0, 0]}, "vlahica": {"count": 1, "country": "Iraq", "coords": [0, 0]}, "udvarhely": {"count": 1, "country": "Iraq", "coords": [0, 0]}}, "Hong Kong": {"count": 2, "csikszereda": {"count": 1, "country": "Hong Kong", "coords": [0, 0]}, "coords": [22.396428, 114.109497], "vasarhely": {"count": 1, "country": "Hong Kong", "coords": [0, 0]}}, "Georgia": {"count": 1, "coords": [32.1656221, -82.9000751], "szovata": {"count": 1, "country": "Georgia", "coords": [0, 0]}}, "Denmark": {"count": 122, "segesvar": {"count": 4, "country": "Denmark", "coords": [0, 0]}, "regen": {"count": 4, "country": "Denmark", "coords": [0, 0]}, "szentgyorgy": {"count": 14, "country": "Denmark", "coords": [0, 0]}, "parajd": {"count": 3, "country": "Denmark", "coords": [0, 0]}, "gyergyo": {"count": 1, "country": "Denmark", "coords": [0, 0]}, "csikszereda": {"count": 9, "country": "Denmark", "coords": [0, 0]}, "keresztur": {"count": 10, "country": "Denmark", "coords": [0, 0]}, "coords": [56.26392, 9.501785], "balan": {"count": 2, "country": "Denmark", "coords": [0, 0]}, "toplita": {"count": 3, "country": "Denmark", "coords": [0, 0]}, "vasarhely": {"count": 13, "country": "Denmark", "coords": [0, 0]}, "vlahica": {"count": 2, "country": "Denmark", "coords": [0, 0]}, "szovata": {"count": 6, "country": "Denmark", "coords": [0, 0]}, "udvarhely": {"count": 17, "country": "Denmark", "coords": [0, 0]}, "kezdi": {"count": 15, "country": "Denmark", "coords": [0, 0]}, "kovaszna": {"count": 19, "country": "Denmark", "coords": [0, 0]}}, "Philippines": {"count": 3, "coords": [12.879721, 121.774017], "parajd": {"count": 1, "country": "Philippines", "coords": [0, 0]}, "toplita": {"count": 1, "country": "Philippines", "coords": [0, 0]}, "balan": {"count": 1, "country": "Philippines", "coords": [0, 0]}}, "Moldova": {"count": 3, "coords": [47.411631, 28.369885], "balan": {"count": 1, "country": "Moldova", "coords": [0, 0]}, "kovaszna": {"count": 2, "country": "Moldova", "coords": [0, 0]}}, "Morocco": {"count": 1, "csikszereda": {"count": 1, "country": "Morocco", "coords": [0, 0]}, "coords": [31.791702, -7.092619999999999]}, "Croatia": {"count": 1, "coords": [45.1, 15.2], "vasarhely": {"count": 1, "country": "Croatia", "coords": [0, 0]}}, "Switzerland": {"count": 140, "kovaszna": {"count": 16, "country": "Switzerland", "coords": [0, 0]}, "segesvar": {"count": 1, "country": "Switzerland", "coords": [0, 0]}, "regen": {"count": 4, "country": "Switzerland", "coords": [0, 0]}, "szentgyorgy": {"count": 7, "country": "Switzerland", "coords": [0, 0]}, "parajd": {"count": 1, "country": "Switzerland", "coords": [0, 0]}, "gyergyo": {"count": 49, "country": "Switzerland", "coords": [0, 0]}, "csikszereda": {"count": 27, "country": "Switzerland", "coords": [0, 0]}, "keresztur": {"count": 5, "country": "Switzerland", "coords": [0, 0]}, "coords": [46.818188, 8.227511999999999], "balan": {"count": 1, "country": "Switzerland", "coords": [0, 0]}, "toplita": {"count": 5, "country": "Switzerland", "coords": [0, 0]}, "vasarhely": {"count": 2, "country": "Switzerland", "coords": [0, 0]}, "vlahica": {"count": 4, "country": "Switzerland", "coords": [0, 0]}, "szovata": {"count": 3, "country": "Switzerland", "coords": [0, 0]}, "udvarhely": {"count": 8, "country": "Switzerland", "coords": [0, 0]}, "kezdi": {"count": 6, "country": "Switzerland", "coords": [0, 0]}, "barot": {"count": 1, "country": "Switzerland", "coords": [0, 0]}}, "Isle of Man": {"count": 6, "csikszereda": {"count": 2, "country": "Isle of Man", "coords": [0, 0]}, "coords": [54.236107, -4.548056], "balan": {"count": 1, "country": "Isle of Man", "coords": [0, 0]}, "vasarhely": {"count": 2, "country": "Isle of Man", "coords": [0, 0]}, "udvarhely": {"count": 1, "country": "Isle of Man", "coords": [0, 0]}}, "Portugal": {"count": 11, "segesvar": {"count": 1, "country": "Portugal", "coords": [0, 0]}, "regen": {"count": 1, "country": "Portugal", "coords": [0, 0]}, "gyergyo": {"count": 1, "country": "Portugal", "coords": [0, 0]}, "csikszereda": {"count": 1, "country": "Portugal", "coords": [0, 0]}, "coords": [39.39987199999999, -8.224454], "balan": {"count": 4, "country": "Portugal", "coords": [0, 0]}, "toplita": {"count": 1, "country": "Portugal", "coords": [0, 0]}, "vasarhely": {"count": 1, "country": "Portugal", "coords": [0, 0]}, "vlahica": {"count": 1, "country": "Portugal", "coords": [0, 0]}}, "Lebanon": {"count": 2, "coords": [33.854721, 35.862285], "barot": {"count": 2, "country": "Lebanon", "coords": [0, 0]}}, "Colombia": {"count": 6, "segesvar": {"count": 2, "country": "Colombia", "coords": [0, 0]}, "coords": [4.570868, -74.297333], "balan": {"count": 1, "country": "Colombia", "coords": [0, 0]}, "vasarhely": {"count": 3, "country": "Colombia", "coords": [0, 0]}}, "Taiwan": {"count": 1, "coords": [23.69781, 120.960515], "szovata": {"count": 1, "country": "Taiwan", "coords": [0, 0]}}, "Cyprus": {"count": 27, "segesvar": {"count": 2, "country": "Cyprus", "coords": [0, 0]}, "regen": {"count": 5, "country": "Cyprus", "coords": [0, 0]}, "szentgyorgy": {"count": 1, "country": "Cyprus", "coords": [0, 0]}, "gyergyo": {"count": 2, "country": "Cyprus", "coords": [0, 0]}, "csikszereda": {"count": 2, "country": "Cyprus", "coords": [0, 0]}, "keresztur": {"count": 1, "country": "Cyprus", "coords": [0, 0]}, "coords": [35.126413, 33.429859], "balan": {"count": 7, "country": "Cyprus", "coords": [0, 0]}, "toplita": {"count": 1, "country": "Cyprus", "coords": [0, 0]}, "vasarhely": {"count": 2, "country": "Cyprus", "coords": [0, 0]}, "udvarhely": {"count": 2, "country": "Cyprus", "coords": [0, 0]}, "kezdi": {"count": 1, "country": "Cyprus", "coords": [0, 0]}, "kovaszna": {"count": 1, "country": "Cyprus", "coords": [0, 0]}}, "Qatar": {"count": 2, "coords": [25.354826, 51.183884], "balan": {"count": 1, "country": "Qatar", "coords": [0, 0]}, "vasarhely": {"count": 1, "country": "Qatar", "coords": [0, 0]}}, "Italy": {"count": 612, "kovaszna": {"count": 21, "country": "Italy", "coords": [0, 0]}, "segesvar": {"count": 51, "country": "Italy", "coords": [0, 0]}, "regen": {"count": 64, "country": "Italy", "coords": [0, 0]}, "szentgyorgy": {"count": 8, "country": "Italy", "coords": [0, 0]}, "parajd": {"count": 1, "country": "Italy", "coords": [0, 0]}, "gyergyo": {"count": 4, "country": "Italy", "coords": [0, 0]}, "csikszereda": {"count": 8, "country": "Italy", "coords": [0, 0]}, "keresztur": {"count": 2, "country": "Italy", "coords": [0, 0]}, "coords": [41.87194, 12.56738], "balan": {"count": 295, "country": "Italy", "coords": [0, 0]}, "toplita": {"count": 104, "country": "Italy", "coords": [0, 0]}, "vasarhely": {"count": 23, "country": "Italy", "coords": [0, 0]}, "vlahica": {"count": 8, "country": "Italy", "coords": [0, 0]}, "szovata": {"count": 6, "country": "Italy", "coords": [0, 0]}, "udvarhely": {"count": 3, "country": "Italy", "coords": [0, 0]}, "kezdi": {"count": 9, "country": "Italy", "coords": [0, 0]}, "barot": {"count": 5, "country": "Italy", "coords": [0, 0]}}, "Malta": {"count": 7, "segesvar": {"count": 3, "country": "Malta", "coords": [0, 0]}, "gyergyo": {"count": 1, "country": "Malta", "coords": [0, 0]}, "coords": [35.937496, 14.375416], "kovaszna": {"count": 1, "country": "Malta", "coords": [0, 0]}, "kezdi": {"count": 1, "country": "Malta", "coords": [0, 0]}, "udvarhely": {"count": 1, "country": "Malta", "coords": [0, 0]}}, "Netherlands": {"count": 56, "segesvar": {"count": 2, "country": "Netherlands", "coords": [0, 0]}, "szentgyorgy": {"count": 8, "country": "Netherlands", "coords": [0, 0]}, "gyergyo": {"count": 6, "country": "Netherlands", "coords": [0, 0]}, "csikszereda": {"count": 6, "country": "Netherlands", "coords": [0, 0]}, "keresztur": {"count": 3, "country": "Netherlands", "coords": [0, 0]}, "coords": [52.132633, 5.291265999999999], "balan": {"count": 2, "country": "Netherlands", "coords": [0, 0]}, "toplita": {"count": 2, "country": "Netherlands", "coords": [0, 0]}, "vasarhely": {"count": 14, "country": "Netherlands", "coords": [0, 0]}, "szovata": {"count": 2, "country": "Netherlands", "coords": [0, 0]}, "udvarhely": {"count": 3, "country": "Netherlands", "coords": [0, 0]}, "kezdi": {"count": 3, "country": "Netherlands", "coords": [0, 0]}, "kovaszna": {"count": 5, "country": "Netherlands", "coords": [0, 0]}}, "Israel": {"count": 29, "szentgyorgy": {"count": 4, "country": "Israel", "coords": [0, 0]}, "parajd": {"count": 2, "country": "Israel", "coords": [0, 0]}, "gyergyo": {"count": 1, "country": "Israel", "coords": [0, 0]}, "csikszereda": {"count": 3, "country": "Israel", "coords": [0, 0]}, "keresztur": {"count": 1, "country": "Israel", "coords": [0, 0]}, "coords": [31.046051, 34.851612], "kovaszna": {"count": 7, "country": "Israel", "coords": [0, 0]}, "toplita": {"count": 1, "country": "Israel", "coords": [0, 0]}, "udvarhely": {"count": 1, "country": "Israel", "coords": [0, 0]}, "kezdi": {"count": 3, "country": "Israel", "coords": [0, 0]}, "barot": {"count": 6, "country": "Israel", "coords": [0, 0]}}, "Germany": {"count": 1109, "kovaszna": {"count": 99, "country": "Germany", "coords": [0, 0]}, "segesvar": {"count": 207, "country": "Germany", "coords": [0, 0]}, "regen": {"count": 81, "country": "Germany", "coords": [0, 0]}, "szentgyorgy": {"count": 73, "country": "Germany", "coords": [0, 0]}, "parajd": {"count": 14, "country": "Germany", "coords": [0, 0]}, "gyergyo": {"count": 72, "country": "Germany", "coords": [0, 0]}, "csikszereda": {"count": 61, "country": "Germany", "coords": [0, 0]}, "keresztur": {"count": 49, "country": "Germany", "coords": [0, 0]}, "coords": [51.165691, 10.451526], "balan": {"count": 60, "country": "Germany", "coords": [0, 0]}, "toplita": {"count": 67, "country": "Germany", "coords": [0, 0]}, "vasarhely": {"count": 58, "country": "Germany", "coords": [0, 0]}, "vlahica": {"count": 27, "country": "Germany", "coords": [0, 0]}, "szovata": {"count": 23, "country": "Germany", "coords": [0, 0]}, "udvarhely": {"count": 53, "country": "Germany", "coords": [0, 0]}, "kezdi": {"count": 109, "country": "Germany", "coords": [0, 0]}, "barot": {"count": 56, "country": "Germany", "coords": [0, 0]}}, "Poland": {"count": 7, "segesvar": {"count": 2, "country": "Poland", "coords": [0, 0]}, "gyergyo": {"count": 1, "country": "Poland", "coords": [0, 0]}, "csikszereda": {"count": 1, "country": "Poland", "coords": [0, 0]}, "coords": [51.919438, 19.145136], "kovaszna": {"count": 1, "country": "Poland", "coords": [0, 0]}, "vasarhely": {"count": 1, "country": "Poland", "coords": [0, 0]}, "kezdi": {"count": 1, "country": "Poland", "coords": [0, 0]}}, "Japan": {"count": 2, "segesvar": {"count": 1, "country": "Japan", "coords": [0, 0]}, "coords": [36.204824, 138.252924], "gyergyo": {"count": 1, "country": "Japan", "coords": [0, 0]}}, "Mexico": {"count": 8, "segesvar": {"count": 1, "country": "Mexico", "coords": [0, 0]}, "gyergyo": {"count": 1, "country": "Mexico", "coords": [0, 0]}, "csikszereda": {"count": 1, "country": "Mexico", "coords": [0, 0]}, "coords": [23.634501, -102.552784], "balan": {"count": 2, "country": "Mexico", "coords": [0, 0]}, "szovata": {"count": 1, "country": "Mexico", "coords": [0, 0]}, "udvarhely": {"count": 1, "country": "Mexico", "coords": [0, 0]}, "barot": {"count": 1, "country": "Mexico", "coords": [0, 0]}}, "Egypt": {"count": 5, "segesvar": {"count": 1, "country": "Egypt", "coords": [0, 0]}, "keresztur": {"count": 1, "country": "Egypt", "coords": [0, 0]}, "coords": [26.820553, 30.802498], "vasarhely": {"count": 1, "country": "Egypt", "coords": [0, 0]}, "vlahica": {"count": 1, "country": "Egypt", "coords": [0, 0]}, "barot": {"count": 1, "country": "Egypt", "coords": [0, 0]}}, "Serbia": {"count": 22, "segesvar": {"count": 2, "country": "Serbia", "coords": [0, 0]}, "gyergyo": {"count": 14, "country": "Serbia", "coords": [0, 0]}, "csikszereda": {"count": 3, "country": "Serbia", "coords": [0, 0]}, "coords": [44.016521, 21.005859], "szentgyorgy": {"count": 1, "country": "Serbia", "coords": [0, 0]}, "kezdi": {"count": 1, "country": "Serbia", "coords": [0, 0]}, "barot": {"count": 1, "country": "Serbia", "coords": [0, 0]}}, "United Kingdom": {"count": 743, "kovaszna": {"count": 73, "country": "United Kingdom", "coords": [0, 0]}, "segesvar": {"count": 30, "country": "United Kingdom", "coords": [0, 0]}, "regen": {"count": 58, "country": "United Kingdom", "coords": [0, 0]}, "szentgyorgy": {"count": 67, "country": "United Kingdom", "coords": [0, 0]}, "parajd": {"count": 3, "country": "United Kingdom", "coords": [0, 0]}, "gyergyo": {"count": 51, "country": "United Kingdom", "coords": [0, 0]}, "csikszereda": {"count": 63, "country": "United Kingdom", "coords": [0, 0]}, "keresztur": {"count": 27, "country": "United Kingdom", "coords": [0, 0]}, "coords": [55.378051, -3.435973], "balan": {"count": 64, "country": "United Kingdom", "coords": [0, 0]}, "toplita": {"count": 46, "country": "United Kingdom", "coords": [0, 0]}, "vasarhely": {"count": 69, "country": "United Kingdom", "coords": [0, 0]}, "vlahica": {"count": 30, "country": "United Kingdom", "coords": [0, 0]}, "szovata": {"count": 22, "country": "United Kingdom", "coords": [0, 0]}, "udvarhely": {"count": 53, "country": "United Kingdom", "coords": [0, 0]}, "kezdi": {"count": 64, "country": "United Kingdom", "coords": [0, 0]}, "barot": {"count": 23, "country": "United Kingdom", "coords": [0, 0]}}, "Greece": {"count": 34, "segesvar": {"count": 5, "country": "Greece", "coords": [0, 0]}, "szentgyorgy": {"count": 2, "country": "Greece", "coords": [0, 0]}, "csikszereda": {"count": 2, "country": "Greece", "coords": [0, 0]}, "coords": [39.074208, 21.824312], "balan": {"count": 11, "country": "Greece", "coords": [0, 0]}, "toplita": {"count": 4, "country": "Greece", "coords": [0, 0]}, "vasarhely": {"count": 3, "country": "Greece", "coords": [0, 0]}, "vlahica": {"count": 2, "country": "Greece", "coords": [0, 0]}, "udvarhely": {"count": 1, "country": "Greece", "coords": [0, 0]}, "kezdi": {"count": 1, "country": "Greece", "coords": [0, 0]}, "kovaszna": {"count": 3, "country": "Greece", "coords": [0, 0]}}, "Sri Lanka": {"count": 1, "keresztur": {"count": 1, "country": "Sri Lanka", "coords": [0, 0]}, "coords": [7.873053999999999, 80.77179699999999]}, "French Guiana": {"count": 1, "coords": [3.933889, -53.125782], "kezdi": {"count": 1, "country": "French Guiana", "coords": [0, 0]}}}}