{"DEB": "{\"0\":{\"0\":\"Airlines\",\"1\":\"Germania\",\"2\":\"Lufthansa Regional operated by Lufthansa CityLine\",\"3\":\"Travel Service Hungary\",\"4\":\"Wizz Air\"},\"1\":{\"0\":\"Destinations\",\"1\":\"Seasonal: Dresden, Erfurt\\/Weimar, Leipzig\\/Halle\",\"2\":\"Munich\",\"3\":\"Seasonal charter: Antalya\",\"4\":\"Beauvais, Bergamo, Eindhoven, London-Luton, Malm\\u00f6 (resumes 27 March 2017), Tel Aviv-Ben Gurion (begins 26 March 2017)[6]\"}}", "SOB": "{\"0\":{\"0\":\"Airlines\",\"1\":\"Czech Airlines\",\"2\":\"Freebird Airlines\",\"3\":\"Germania\",\"4\":\"Lufthansa\",\"5\":\"UTair Aviation\"},\"1\":{\"0\":\"Destinations\",\"1\":\"Seasonal: Prague[3]\",\"2\":\"Seasonal charter: Antalya\",\"3\":\"Seasonal: Dresden, Erfurt\\/Weimar, Leipzig\\/Halle[4]\",\"4\":\"Seasonal: Frankfurt[5]\",\"5\":\"Seasonal: Moscow\\u2013Vnukovo\"}}", "BUD": "{\"0\":{\"0\":\"Airlines\",\"1\":\"Aegean Airlines\",\"2\":\"Aer Lingus\",\"3\":\"Aeroflot\",\"4\":\"Air Algerie\",\"5\":\"airBaltic\",\"6\":\"Air Berlin\",\"7\":\"Air Canada Rouge\",\"8\":\"Air China1\",\"9\":\"Air France\",\"10\":\"Alitalia\",\"11\":\"Austrian Airlines\",\"12\":\"Belavia\",\"13\":\"British Airways\",\"14\":\"Brussels Airlines\",\"15\":\"Czech Airlines\",\"16\":\"easyJet\",\"17\":\"easyJet Switzerland\",\"18\":\"EgyptAir operated by EgyptAir Express\",\"19\":\"Emirates\",\"20\":\"Eurowings\",\"21\":\"Eurowings operated by Germanwings\",\"22\":\"Flybe operated by Stobart Air\",\"23\":\"Finnair\",\"24\":\"Iberia\",\"25\":\"Jet2.com\",\"26\":\"KLM\",\"27\":\"LOT Polish Airlines\",\"28\":\"Lufthansa\",\"29\":\"Lufthansa Regional operated by Lufthansa CityLine\",\"30\":\"Norwegian Air Shuttle\",\"31\":\"Pegasus Airlines\",\"32\":\"Qatar Airways\",\"33\":\"Ryanair\",\"34\":\"Swiss International Air Lines\",\"35\":\"Swiss International Air Lines operated by Swiss Global Air Lines\",\"36\":\"TAP Portugal\",\"37\":\"TAROM\",\"38\":\"Transavia\",\"39\":\"Transavia France\",\"40\":\"Turkish Airlines\",\"41\":\"Ukraine International Airlines\",\"42\":\"Up operated by El Al\",\"43\":\"Vueling\",\"44\":\"Wizz Air\"},\"1\":{\"0\":\"Destinations\",\"1\":\"Athens\",\"2\":\"Dublin\",\"3\":\"Moscow-Sheremetyevo\",\"4\":\"Algiers\",\"5\":\"Riga\",\"6\":\"Berlin-Tegel\",\"7\":\"Seasonal: Toronto-Pearson\",\"8\":\"Beijing-Capital\",\"9\":\"Paris-Charles de Gaulle\",\"10\":\"Rome-Fiumicino\",\"11\":\"Vienna\",\"12\":\"Belgrade, Minsk\",\"13\":\"London-Heathrow\",\"14\":\"Brussels\",\"15\":\"Prague\",\"16\":\"Amsterdam,[31] Berlin-Sch\\u00f6nefeld, London-Gatwick, Lyon, Paris-Charles de Gaulle, Venice\",\"17\":\"Basel\\/Mulhouse, Geneva\",\"18\":\"Cairo\",\"19\":\"Dubai-International\",\"20\":\"D\\u00fcsseldorf\",\"21\":\"Cologne\\/Bonn, Hamburg, Stuttgart\",\"22\":\"London-Southend (begins 10 May 2017)[32]\",\"23\":\"Helsinki\",\"24\":\"Seasonal: Madrid (resumes 30 March 2017)\",\"25\":\"East Midlands, Edinburgh, Leeds\\/Bradford, Manchester\",\"26\":\"Amsterdam\",\"27\":\"Warsaw-Chopin\",\"28\":\"Frankfurt, Munich\",\"29\":\"Frankfurt, Munich\",\"30\":\"Copenhagen, Helsinki, London-Gatwick, Oslo-Gardermoen, Stockholm-Arlanda\",\"31\":\"Istanbul-Sabiha G\\u00f6kcen\",\"32\":\"Doha\",\"33\":\"Athens, Barcelona, Beauvais, Bergamo, Berlin-Sch\\u00f6nefeld, Billund, Bristol, Charleroi, Copenhagen, Dublin, East Midlands (begins 27 March 2017), Edinburgh (begins 30 October 2017), Gran Canaria, London-Stansted, Madrid, M\\u00e1laga, Malta, Manchester, Marrakesh (begins 30 October 2017), Naples (begins 31 October 2017), Nuremberg, Pisa, Prague (begins 23 October 2017), Rome-Ciampino, Treviso, Valencia (begins 30 October 2017) Seasonal: Corfu, Eilat-Ovda, Tampere\",\"34\":\"Z\\u00fcrich\",\"35\":\"Z\\u00fcrich\",\"36\":\"Lisbon (resumes 1 July 2017)[33]\",\"37\":\"Bucharest\",\"38\":\"Rotterdam\",\"39\":\"Paris-Orly\",\"40\":\"Istanbul-Atat\\u00fcrk\",\"41\":\"Kiev-Boryspil (begins 15 June 2017)[34]\",\"42\":\"Tel Aviv-Ben Gurion\",\"43\":\"Seasonal: Barcelona\",\"44\":\"Alicante, Baku, Barcelona, Bari, Bergen (begins 10 April 2017), Birmingham, Bologna, Bucharest, Bordeaux (begins 22 September), Catania, Charleroi, Cluj-Napoca, Dortmund, Dubai-Al Maktoum, Eindhoven, Frankfurt (begins 15 December 2017), Fuerteventura, Glasgow, Gothenburg, Hahn (ends 14 December 2017), Hannover (begins 10 April 2017), Karlsruhe\\/Baden-Baden, Kiev-Zhulyany, Kutaisi, Lamezia Terme (begins 12 April 2017),[35] Lanzarote, Larnaca, Lisbon, Liverpool, London-Luton, Madrid, M\\u00e1laga, Malm\\u00f6, Malta, Milan-Malpensa, Moscow-Vnukovo, Naples, Nice, Podgorica (begins 3 April 2017),[36] Porto, Pristina (begins 7 April 2017),[37] Reykjav\\u00edk-Keflav\\u00edk, Rome-Fiumicino, Sarajevo (begins 5 April 2017),[38] Skopje (begins 2 April 2017),[39] Sofia, Stockholm-Skavsta, T\\u00e2rgu Mure\\u0219, Tel Aviv-Ben Gurion, Tenerife\\u2013South, Thessaloniki, Tirana (begins 5 April 2017),[40] Warsaw-Chopin Seasonal: Alghero, Burgas, Corfu, Faro (begins 1 April 2017), Heraklion, Ibiza, Palma de Mallorca, Rhodes, Zakynthos\"},\"2\":{\"0\":\"Check-in\",\"1\":\"2A\",\"2\":\"2B\",\"3\":\"2A\",\"4\":\"2B\",\"5\":\"2B\",\"6\":\"2B\",\"7\":\"2B\",\"8\":\"2B\",\"9\":\"2A\",\"10\":\"2A\",\"11\":\"2A\",\"12\":\"2A\",\"13\":\"2B\",\"14\":\"2A\",\"15\":\"2A\",\"16\":\"2B\",\"17\":\"2B\",\"18\":\"2A\",\"19\":\"2B\",\"20\":\"2A\",\"21\":\"2A\",\"22\":\"2B\",\"23\":\"2B\",\"24\":\"2A\",\"25\":\"2B\",\"26\":\"2A\",\"27\":\"2A\",\"28\":\"2A\",\"29\":\"2A\",\"30\":\"2B\",\"31\":\"2A\",\"32\":\"2B\",\"33\":\"2B\",\"34\":\"2A\",\"35\":\"2A\",\"36\":\"2A\",\"37\":\"2A\",\"38\":\"2B\",\"39\":\"2B\",\"40\":\"2A\",\"41\":\"2B\",\"42\":\"2B\",\"43\":\"2B\",\"44\":\"2B\"}}", "QGY": "{\"0\":{\"0\":\"Airlines\",\"1\":\"Private Wings\"},\"1\":{\"0\":\"Destinations\",\"1\":\"Charter: Ingolstadt\\u2013Manching\"}}"}