{"BCM": "{\"0\":{\"0\":\"Airlines\",\"1\":\"Aegean Airlines\",\"2\":\"Blue Air\"},\"1\":{\"0\":\"Destinations\",\"1\":\"Seasonal charter: Rhodes\",\"2\":\"Bergamo, Bologna, Brussels, Dublin, Liverpool, London-Luton, Madrid, Rome-Fiumicino, Turin Seasonal: Beauvais, Catania Seasonal charter: Antalya\"}}", "CLJ": "{\"0\":{\"0\":\"Airlines\",\"1\":\"Aegean Airlines\",\"2\":\"Air Bucharest\",\"3\":\"AtlasGlobal\",\"4\":\"Blue Air\",\"5\":\"Corendon Airlines\",\"6\":\"Ellinair\",\"7\":\"Freebird Airlines\",\"8\":\"LOT Polish Airlines\",\"9\":\"Lufthansa Regional operated by Air Dolomiti\",\"10\":\"Pegasus Airlines\",\"11\":\"TAROM\",\"12\":\"Turkish Airlines\",\"13\":\"Vueling\",\"14\":\"Wizz Air\"},\"1\":{\"0\":\"Destinations\",\"1\":\"Seasonal charter: Heraklion, Rhodes\",\"2\":\"Seasonal charter: Antalya\",\"3\":\"Seasonal charter: Antalya\",\"4\":\"Birmingham, Bucharest, Dublin, Hamburg (begins 3 June 2017),[16] Ia\\u0219i, Larnaca (begins 9 April 2017),[16] Liverpool, London-Luton (begins 26 March 2017),[16] Nice (begins 10 April 2017),[16] Timi\\u0219oara Seasonal: Constan\\u021ba (begins 15 June 2017)[17] Seasonal charter: Antalya, Bodrum, Corfu, Heraklion, Zakynthos\",\"5\":\"Seasonal charter: Antalya\",\"6\":\"Seasonal: Thessaloniki (begins 15 June 2017),[18]\",\"7\":\"Seasonal charter: Antalya\",\"8\":\"Warsaw-Chopin\",\"9\":\"Munich\",\"10\":\"Seasonal charter: Antalya\",\"11\":\"Bucharest, Vienna Seasonal charter: Chania, Santorini, Skiathos, Zakynthos\",\"12\":\"Istanbul-Atat\\u00fcrk\",\"13\":\"Seasonal: Barcelona\",\"14\":\"Alicante, Barcelona, Bari, Basel\\/Mulhouse, Beauvais, Bergamo, Berlin-Sch\\u00f6nefeld, Billund, Bologna, Bratislava, Bucharest, Budapest, Charleroi, Cologne\\/Bonn, Doncaster\\/Sheffield, Dortmund, Dubai-Al Maktoum, Eindhoven, Hahn, Karlsruhe\\/Baden-Baden, Larnaca (begins 28 March 2017), London-Luton, Malta (begins 26 March 2017), Madrid, M\\u00e1laga, Malm\\u00f6, Memmingen, Nuremberg, Rome-Ciampino, Stockholm-Skavsta (begins 27 March 2017), Tel Aviv-Ben Gurion, Treviso, Valencia, Zaragoza Seasonal: Palma de Mallorca\"}}", "ARW": "{\"0\":{\"0\":\"Airlines\",\"1\":\"AtlasGlobal\"},\"1\":{\"0\":\"Destinations\",\"1\":\"Seasonal charter: Antalya\"}}", "SBZ": "{\"0\":{\"0\":\"Airlines\",\"1\":\"Air Bucharest\",\"2\":\"Austrian Airlines\",\"3\":\"Blue Air\",\"4\":\"Lufthansa operated by Lufthansa CityLine\",\"5\":\"TAROM\",\"6\":\"Wizz Air\"},\"1\":{\"0\":\"Destinations\",\"1\":\"Seasonal charter: Antalya (begins 1 June 2017)\",\"2\":\"Vienna\",\"3\":\"Stuttgart\",\"4\":\"Munich\",\"5\":\"Munich\",\"6\":\"Dortmund, London-Luton, Madrid, Memmingen, Milan-Malpensa, Nuremberg\"}}", "SUJ": "{\"0\":{\"0\":\"Airlines\",\"1\":\"TAROM\",\"2\":\"Wizz Air\"},\"1\":{\"0\":\"Destinations\",\"1\":\"Bucharest\",\"2\":\"London-Luton[4]\"}}", "BAY": "{\"0\":{\"0\":\"Airlines\",\"1\":\"TAROM\"},\"1\":{\"0\":\"Destinations\",\"1\":\"Bucharest (suspended)[7]\"}}", "OMR": "{\"0\":{\"0\":\"Airlines\",\"1\":\"Blue Air\",\"2\":\"Ryanair\",\"3\":\"TAROM\"},\"1\":{\"0\":\"Destinations\",\"1\":\"Bucharest, Ia\\u0219i, Turin (begins 26 March 2017)[9] Seasonal: Constan\\u021ba (begins 15 June 2017)[10] Seasonal charter: Antalya (begins 17 June 2017)[11]\",\"2\":\"Bergamo (begins 29 March 2017),[12] Eindhoven (begins 30 October 2017),[12] Girona (begins 26 March 2017),[12][12] London-Stansted (begins 31 October 2017)[12]\",\"3\":\"Bucharest\"}}", "CND": "{\"0\":{\"0\":\"Airlines\",\"1\":\"Blue Air\",\"2\":\"Turkish Airlines\",\"3\":\"Wizz Air\"},\"1\":{\"0\":\"Destinations\",\"1\":\"Beauvais (begins 27 April 2017),[1] Rome-Fiumicino (begins 27 April 2017)[1] Seasonal: Bergamo, Brussels (begins 19 May 2017), Cluj-Napoca (begins 15 June 2017),[1] Ia\\u0219i (begins 19 June 2017),[1] Oradea (begins 19 June 2017),[1] Timi\\u0219oara (begins 16 June 2017)[1]\",\"2\":\"Istanbul-Atat\\u00fcrk\",\"3\":\"London-Luton\"}}", "CRA": "{\"0\":{\"0\":\"Airlines\",\"1\":\"Ryanair\",\"2\":\"Wizz Air\"},\"1\":{\"0\":\"Destinations\",\"1\":\"Valencia\",\"2\":\"Barcelona, Beauvais (begins 17 March 2017),[5] Bergamo, Bologna, Cologne\\/Bonn (begins 17 March 2017),[6] Liverpool (begins 27 March 2017),[6] London-Luton, Rome-Ciampino, Madrid (begins 19 March 2017),[6] Treviso (begins 18 March 2017)[5]\"}}", "OTP": "{\"0\":{\"0\":\"Airlines\",\"1\":\"Aegean Airlines\",\"2\":\"Aeroflot\",\"3\":\"Air Bucharest\",\"4\":\"Air France\",\"5\":\"Air Malta\",\"6\":\"Air Moldova\",\"7\":\"Air Serbia\",\"8\":\"Arkia\",\"9\":\"Astra Airlines\",\"10\":\"Austrian Airlines\",\"11\":\"Blue Air\",\"12\":\"British Airways\",\"13\":\"Croatia Airlines\",\"14\":\"Czech Airlines\",\"15\":\"Dniproavia\",\"16\":\"El Al\",\"17\":\"Ellinair\",\"18\":\"Eurowings\",\"19\":\"flydubai\",\"20\":\"Iberia Express\",\"21\":\"Israir Airlines\",\"22\":\"KLM\",\"23\":\"LOT Polish Airlines\",\"24\":\"Lufthansa\",\"25\":\"Lufthansa Regional operated by Lufthansa CityLine\",\"26\":\"Nouvelair\",\"27\":\"Pegasus Airlines\",\"28\":\"Qatar Airways\",\"29\":\"Ryanair\",\"30\":\"Scandinavian Airlines\",\"31\":\"Swiss International Air Lines\",\"32\":\"TAP Portugal\",\"33\":\"TAROM\",\"34\":\"Tunisair\",\"35\":\"Turkish Airlines\",\"36\":\"Vueling\",\"37\":\"Wizz Air\"},\"1\":{\"0\":\"Destinations\",\"1\":\"Athens Seasonal charter: Chania, Corfu, Heraklion, Kos, Mykonos, Rhodes, Santorini, Zakynthos\",\"2\":\"Moscow\\u2013Sheremetyevo\",\"3\":\"Seasonal charter: Antalya, Bodrum, Corfu, Heraklion, Hurghada, Kos, Palma de Mallorca, Rhodes\",\"4\":\"Paris\\u2013Charles de Gaulle\",\"5\":\"Seasonal: Malta\",\"6\":\"Chi\\u0219in\\u0103u\",\"7\":\"Belgrade\",\"8\":\"Seasonal: Tel Aviv\\u2013Ben Gurion[14]\",\"9\":\"Thessaloniki\",\"10\":\"Vienna\",\"11\":\"Barcelona, Beauvais, Bergamo, Birmingham, Bologna, Bordeaux (begins 1 June 2017), Bristol (begins 16 June 2017), Brussels, Castellon, Catania, Cluj-Napoca, Cologne\\/Bonn, Copenhagen (begins 1 June 2017), Dublin, Florence, Glasgow, Helsinki (begins 16 June 2017), Hamburg, Ia\\u0219i, Larnaca, Lisbon, Liverpool, London\\u2013Luton, Lyon, Madrid, M\\u00e1laga, Milan\\u2013Linate, Naples, Nice, Oradea, Oslo-Gardermoen (begins 15 June 2017),[15] Rome\\u2013Fiumicino, Stockholm\\u2013Arlanda, Stuttgart, Tel Aviv\\u2013Ben Gurion, Turin, Valencia Seasonal: Antalya, Bodrum, Corfu, Preveza, Zakynthos\",\"12\":\"London\\u2013Heathrow\",\"13\":\"Seasonal: Zagreb (begins 19 May 2017)[16]\",\"14\":\"Prague\",\"15\":\"Kiev\\u2013Boryspil\",\"16\":\"Tel Aviv\\u2013Ben Gurion\",\"17\":\"Seasonal: Heraklion, Thessaloniki (begins 17 June 2017)[17]\",\"18\":\"D\\u00fcsseldorf\",\"19\":\"Dubai\\u2013International\",\"20\":\"Seasonal: Madrid\",\"21\":\"Seasonal: Tel Aviv\\u2013Ben Gurion\",\"22\":\"Amsterdam\",\"23\":\"Warsaw\\u2013Chopin\",\"24\":\"Frankfurt, Munich\",\"25\":\"Frankfurt, Munich\",\"26\":\"Seasonal charter: Tunis\",\"27\":\"Istanbul\\u2013Sabiha G\\u00f6k\\u00e7en\",\"28\":\"Doha\",\"29\":\"Athens, Bergamo, Berlin\\u2013Sch\\u00f6nefeld, Bologna, Bristol, Charleroi, Dublin, London\\u2013Stansted, Madrid, Milan\\u2013Malpensa, Palermo (begins 28 March 2017), Rome\\u2013Ciampino, Timi\\u0219oara\",\"30\":\"Copenhagen\",\"31\":\"Z\\u00fcrich\",\"32\":\"Lisbon (resumes 1 July 2017)\",\"33\":\"Amsterdam, Athens, Baia Mare (suspended),[18] Barcelona, Beirut, Belgrade, Brussels, Budapest, Chi\\u0219in\\u0103u, Cluj-Napoca, Frankfurt, Hamburg, Ia\\u0219i, Istanbul\\u2013Atat\\u00fcrk, Larnaca, London\\u2013Heathrow, Madrid, Munich, Oradea, Paris\\u2013Charles de Gaulle, Prague, Rome\\u2013Fiumicino, Satu Mare, Sofia, Stockholm\\u2013Arlanda, Suceava, Tel Aviv\\u2013Ben Gurion, Thessaloniki, Timi\\u0219oara, Valencia, Vienna Seasonal: Alicante, Amman\\u2013Queen Alia, Geneva, Nice Seasonal charter: Antalya, Bodrum, Corfu, Heraklion, Hurghada, Kos, Mykonos, Palma de Mallorca, Preveza, Rhodes, Santorini, Sharm el-Sheikh, Skiathos, Tenerife\\u2013South\",\"34\":\"Seasonal charter: Tunis\",\"35\":\"Istanbul\\u2013Atat\\u00fcrk\",\"36\":\"Seasonal: Barcelona, Bilbao, Madrid\",\"37\":\"Alghero, Alicante, Barcelona, Bari, Basel\\/Mulhouse, Beauvais, Bergamo, Billund , Birmingham, Bologna, Budapest, Catania, Charleroi, Cluj-Napoca, Doncaster\\/Sheffield, Dortmund, Dubai\\u2013Al Maktoum, Eindhoven, Geneva, Glasgow, Hannover, Lamezia Terme (begins 26 March 2017), Larnaca, Lisbon, London\\u2013Gatwick, London\\u2013Luton, Madrid, M\\u00e1laga, Malm\\u00f6, Malta, Naples, Nuremberg, Perugia, Pescara, Pisa, Rome\\u2013Ciampino, Sandefjord, Stockholm\\u2013Skavsta, Tel Aviv\\u2013Ben Gurion, Tenerife\\u2013South, Treviso, Turin, Valencia, Verona (ends 27 October 2017), Zaragoza, Warsaw\\u2013Chopin (begins 30 June 2017)[19]\"}}", "SCV": "{\"0\":{\"0\":\"Airlines\",\"1\":\"Air Bucharest\",\"2\":\"AtlasGlobal\",\"3\":\"TAROM\",\"4\":\"Wizz Air\"},\"1\":{\"0\":\"Destinations\",\"1\":\"Seasonal charter: Antalya, Zakynthos\",\"2\":\"Seasonal charter: Antalya\",\"3\":\"Bucharest\",\"4\":\"Bergamo, Bologna (begins 28 March 2017),[12] London-Luton, Rome-Ciampino (begins 28 March 2017),[12] Treviso (begins 18 March 2017)[12]\"}}", "TSR": "{\"0\":{\"0\":\"Airlines\",\"1\":\"Air Bucharest\",\"2\":\"Blue Air\",\"3\":\"Corendon Airlines\",\"4\":\"Freebird Airlines\",\"5\":\"Lufthansa Regional operated by Lufthansa CityLine\",\"6\":\"Ryanair\",\"7\":\"TAROM\",\"8\":\"Wizz Air\"},\"1\":{\"0\":\"Destinations\",\"1\":\"Seasonal charter: Antalya\",\"2\":\"Cluj-Napoca, Ia\\u0219i Seasonal: Constan\\u021ba (begins 16 June 2017)[6] Seasonal charter: Antalya, Heraklion,[7] Palma de Mallorca (begins 16 June 2017), Rhodes,[7] Zakynthos\",\"3\":\"Seasonal charter: Antalya[8]\",\"4\":\"Seasonal charter: Antalya[7]\",\"5\":\"Munich\",\"6\":\"Bergamo, Berlin-Sch\\u00f6nefeld, Bucharest, Charleroi, Hahn, London-Stansted, Weeze\",\"7\":\"Bucharest Seasonal charter: Santorini\",\"8\":\"Barcelona, Bari, Beauvais, Bergamo, Bologna, Charleroi, Dortmund, Eindhoven, Hahn, London-Luton, Madrid, Memmingen, Rome-Ciampino, Treviso, Valencia\"},\"2\":{\"0\":\"Terminal\",\"1\":\"2\",\"2\":\"1\\u20132\",\"3\":\"2\",\"4\":\"2\",\"5\":\"2\",\"6\":\"1\\u20132\",\"7\":\"1\\u20132\",\"8\":\"2\"}}", "IAS": "{\"0\":{\"0\":\"Airlines\",\"1\":\"Aegean Airlines\",\"2\":\"Air Bucharest\",\"3\":\"Austrian Airlines\",\"4\":\"Blue Air\",\"5\":\"TAROM\",\"6\":\"Wizz Air\"},\"1\":{\"0\":\"Destinations\",\"1\":\"Seasonal charter: Heraklion\",\"2\":\"Seasonal charter: Antalya\",\"3\":\"Vienna\",\"4\":\"Barcelona, Beauvais, Bergamo (begins 15 June 2017), Berlin\\u2013Tegel (begins 1 June 2017),[16] Brussels, Bucharest, Cluj-Napoca, Cologne\\/Bonn, Florence (begins 15 June 2017), Glasgow (begins 17 June 2017), London\\u2013Luton, Oradea, Rome\\u2013Fiumicino, Timi\\u0219oara, Turin (begins 3 June 2017),[17] Valencia (begins 4 June 2017)[16] Seasonal: Constan\\u021ba (begins 15 June 2017)[18] Seasonal charter: Antalya, Zakynthos\",\"5\":\"Bologna (ends 25 March 2017), Bucharest, London\\u2013Luton, Madrid, Munich, Rome\\u2013Fiumicino (ends 23 March 2017), Tel Aviv\\u2013Ben Gurion Seasonal: Turin Seasonal charter: Antalya, Rhodes\",\"6\":\"Bergamo, Bologna, Catania, Larnaca, London\\u2013Luton, Rome\\u2013Ciampino, Tel Aviv\\u2013Ben Gurion, Treviso\"}}", "TGM": "{\"0\":{\"0\":\"Airlines\",\"1\":\"Wizz Air\"},\"1\":{\"0\":\"Destinations\",\"1\":\"Beauvais, Budapest, Dortmund, Hahn, Karlsruhe\\/Baden-Baden, London-Luton, Madrid, Memmingen, Rome-Ciampino (all suspended temporarily)[8]\"}}"}