[{"city": "Ath\u00e9n", "heti j\u00e1ratsz\u00e1m": 17.2, "diaszp\u00f3ra": 11}, {"city": "R\u00f3ma", "heti j\u00e1ratsz\u00e1m": 53.0, "diaszp\u00f3ra": 122}, {"city": "Bukarest", "heti j\u00e1ratsz\u00e1m": 104.6, "diaszp\u00f3ra": 4}, {"city": "Oslo", "heti j\u00e1ratsz\u00e1m": 5.6, "diaszp\u00f3ra": 8}, {"city": "Basel", "heti j\u00e1ratsz\u00e1m": 7.0, "diaszp\u00f3ra": 2}, {"city": "Zaragoza", "heti j\u00e1ratsz\u00e1m": 4.0, "diaszp\u00f3ra": 8}, {"city": "Liverpool", "heti j\u00e1ratsz\u00e1m": 8.8, "diaszp\u00f3ra": 13}, {"city": "Manchester", "heti j\u00e1ratsz\u00e1m": 6.1, "diaszp\u00f3ra": 12}, {"city": "Verona", "heti j\u00e1ratsz\u00e1m": 2.0, "diaszp\u00f3ra": 17}, {"city": "Suceava", "heti j\u00e1ratsz\u00e1m": 2.9, "diaszp\u00f3ra": 3}, {"city": "Catania", "heti j\u00e1ratsz\u00e1m": 8.9, "diaszp\u00f3ra": 2}, {"city": "Treviso", "heti j\u00e1ratsz\u00e1m": 11.9, "diaszp\u00f3ra": 1}, {"city": "Dubaj", "heti j\u00e1ratsz\u00e1m": 13.4, "diaszp\u00f3ra": 10}, {"city": "Dublin", "heti j\u00e1ratsz\u00e1m": 18.1, "diaszp\u00f3ra": 28}, {"city": "Moszkva", "heti j\u00e1ratsz\u00e1m": 12.4, "diaszp\u00f3ra": 4}, {"city": "Luxembourg", "heti j\u00e1ratsz\u00e1m": 0.8, "diaszp\u00f3ra": 4}, {"city": "Cairo", "heti j\u00e1ratsz\u00e1m": 2.9, "diaszp\u00f3ra": 2}, {"city": "Z\u00fcrich", "heti j\u00e1ratsz\u00e1m": 12.0, "diaszp\u00f3ra": 15}, {"city": "M\u00fcnchen", "heti j\u00e1ratsz\u00e1m": 55.6, "diaszp\u00f3ra": 66}, {"city": "London", "heti j\u00e1ratsz\u00e1m": 115.99999999999999, "diaszp\u00f3ra": 266}, {"city": "Br\u00fcsszel", "heti j\u00e1ratsz\u00e1m": 46.5, "diaszp\u00f3ra": 28}, {"city": "Dortmund", "heti j\u00e1ratsz\u00e1m": 13.200000000000001, "diaszp\u00f3ra": 4}, {"city": "Nagyszeben", "heti j\u00e1ratsz\u00e1m": 2.4, "diaszp\u00f3ra": 72}, {"city": "Torin\u00f3", "heti j\u00e1ratsz\u00e1m": 11.600000000000001, "diaszp\u00f3ra": 15}, {"city": "Chisinau", "heti j\u00e1ratsz\u00e1m": 16.5, "diaszp\u00f3ra": 3}, {"city": "Belgr\u00e1d", "heti j\u00e1ratsz\u00e1m": 10.700000000000001, "diaszp\u00f3ra": 2}, {"city": "Edinburgh", "heti j\u00e1ratsz\u00e1m": 2.1, "diaszp\u00f3ra": 2}, {"city": "Berlin", "heti j\u00e1ratsz\u00e1m": 31.799999999999997, "diaszp\u00f3ra": 23}, {"city": "Leeds", "heti j\u00e1ratsz\u00e1m": 1.1, "diaszp\u00f3ra": 3}, {"city": "Malm\u00f6", "heti j\u00e1ratsz\u00e1m": 6.9, "diaszp\u00f3ra": 11}, {"city": "Stuttgart", "heti j\u00e1ratsz\u00e1m": 12.8, "diaszp\u00f3ra": 34}, {"city": "Pr\u00e1ga", "heti j\u00e1ratsz\u00e1m": 14.9, "diaszp\u00f3ra": 10}, {"city": "Bejr\u00fat", "heti j\u00e1ratsz\u00e1m": 2.0, "diaszp\u00f3ra": 2}, {"city": "Bologna", "heti j\u00e1ratsz\u00e1m": 23.300000000000004, "diaszp\u00f3ra": 13}, {"city": "Tenerife", "heti j\u00e1ratsz\u00e1m": 3.0, "diaszp\u00f3ra": 1}, {"city": "N\u00e1poly", "heti j\u00e1ratsz\u00e1m": 6.0, "diaszp\u00f3ra": 9}, {"city": "Frankfurt", "heti j\u00e1ratsz\u00e1m": 33.0, "diaszp\u00f3ra": 42}, {"city": "Thessaloniki", "heti j\u00e1ratsz\u00e1m": 7.0, "diaszp\u00f3ra": 1}, {"city": "K\u00f6ln", "heti j\u00e1ratsz\u00e1m": 9.8, "diaszp\u00f3ra": 17}, {"city": "Madrid", "heti j\u00e1ratsz\u00e1m": 28.599999999999998, "diaszp\u00f3ra": 73}, {"city": "P\u00e1rizs", "heti j\u00e1ratsz\u00e1m": 43.199999999999996, "diaszp\u00f3ra": 27}, {"city": "Doncaster", "heti j\u00e1ratsz\u00e1m": 4.0, "diaszp\u00f3ra": 1}, {"city": "Hurghada", "heti j\u00e1ratsz\u00e1m": 1.2, "diaszp\u00f3ra": 3}, {"city": "B\u00e9cs", "heti j\u00e1ratsz\u00e1m": 39.7, "diaszp\u00f3ra": 64}, {"city": "Lyon", "heti j\u00e1ratsz\u00e1m": 4.7, "diaszp\u00f3ra": 1}, {"city": "Pisa", "heti j\u00e1ratsz\u00e1m": 4.0, "diaszp\u00f3ra": 1}, {"city": "Rotterdam", "heti j\u00e1ratsz\u00e1m": 4.5, "diaszp\u00f3ra": 5}, {"city": "J\u00e1szv\u00e1s\u00e1r", "heti j\u00e1ratsz\u00e1m": 29.5, "diaszp\u00f3ra": 36}, {"city": "Firenze", "heti j\u00e1ratsz\u00e1m": 3.0, "diaszp\u00f3ra": 1}, {"city": "Larnaca", "heti j\u00e1ratsz\u00e1m": 10.6, "diaszp\u00f3ra": 5}, {"city": "Memmingen", "heti j\u00e1ratsz\u00e1m": 6.3, "diaszp\u00f3ra": 1}, {"city": "Helsinki", "heti j\u00e1ratsz\u00e1m": 8.3, "diaszp\u00f3ra": 2}, {"city": "Hamburg", "heti j\u00e1ratsz\u00e1m": 7.7, "diaszp\u00f3ra": 12}, {"city": "Mil\u00e1n\u00f3", "heti j\u00e1ratsz\u00e1m": 49.400000000000006, "diaszp\u00f3ra": 30}, {"city": "Amszterdam", "heti j\u00e1ratsz\u00e1m": 22.5, "diaszp\u00f3ra": 12}, {"city": "Stockholm", "heti j\u00e1ratsz\u00e1m": 12.5, "diaszp\u00f3ra": 17}, {"city": "Genf", "heti j\u00e1ratsz\u00e1m": 4.8, "diaszp\u00f3ra": 4}, {"city": "Tel Aviv", "heti j\u00e1ratsz\u00e1m": 40.8, "diaszp\u00f3ra": 1}, {"city": "Birmingham", "heti j\u00e1ratsz\u00e1m": 9.8, "diaszp\u00f3ra": 7}, {"city": "Venice", "heti j\u00e1ratsz\u00e1m": 2.9, "diaszp\u00f3ra": 1}, {"city": "Valencia", "heti j\u00e1ratsz\u00e1m": 10.7, "diaszp\u00f3ra": 8}, {"city": "Glasgow", "heti j\u00e1ratsz\u00e1m": 5.8, "diaszp\u00f3ra": 6}, {"city": "Karlsruhe", "heti j\u00e1ratsz\u00e1m": 4.0, "diaszp\u00f3ra": 5}, {"city": "Gothenburg", "heti j\u00e1ratsz\u00e1m": 2.9, "diaszp\u00f3ra": 1}, {"city": "Isztambul", "heti j\u00e1ratsz\u00e1m": 33.6, "diaszp\u00f3ra": 6}, {"city": "Nagyv\u00e1rad", "heti j\u00e1ratsz\u00e1m": 9.7, "diaszp\u00f3ra": 46}, {"city": "Budapest", "heti j\u00e1ratsz\u00e1m": 13.6, "diaszp\u00f3ra": 1078}, {"city": "Marosv\u00e1s\u00e1rhely", "heti j\u00e1ratsz\u00e1m": 2.0, "diaszp\u00f3ra": 2220}, {"city": "Kolozsv\u00e1r", "heti j\u00e1ratsz\u00e1m": 34.9, "diaszp\u00f3ra": 1751}, {"city": "Barcelona", "heti j\u00e1ratsz\u00e1m": 23.1, "diaszp\u00f3ra": 14}, {"city": "Peking", "heti j\u00e1ratsz\u00e1m": 0.8, "diaszp\u00f3ra": 2}, {"city": "Bristol", "heti j\u00e1ratsz\u00e1m": 4.0, "diaszp\u00f3ra": 13}, {"city": "Doha", "heti j\u00e1ratsz\u00e1m": 12.0, "diaszp\u00f3ra": 2}, {"city": "Temesv\u00e1r", "heti j\u00e1ratsz\u00e1m": 25.999999999999996, "diaszp\u00f3ra": 106}, {"city": "Koppenh\u00e1ga", "heti j\u00e1ratsz\u00e1m": 7.8, "diaszp\u00f3ra": 19}]