[{"country": "Turkey", "heti j\u00e1ratsz\u00e1m": 22.700000000000003, "diaszp\u00f3ra": 13, "hcountry": "T\u00f6r\u00f6korsz\u00e1g"}, {"country": "Qatar", "heti j\u00e1ratsz\u00e1m": 6.0, "diaszp\u00f3ra": 2, "hcountry": "Katar"}, {"country": "Italy", "heti j\u00e1ratsz\u00e1m": 151.20000000000002, "diaszp\u00f3ra": 612, "hcountry": "Olaszorsz\u00e1g"}, {"country": "Lebanon", "heti j\u00e1ratsz\u00e1m": 2.0, "diaszp\u00f3ra": 2, "hcountry": "Libanon"}, {"country": "Malta", "heti j\u00e1ratsz\u00e1m": 1.1, "diaszp\u00f3ra": 7, "hcountry": "M\u00e1lta"}, {"country": "France", "heti j\u00e1ratsz\u00e1m": 28.0, "diaszp\u00f3ra": 110, "hcountry": "Franciaorsz\u00e1g"}, {"country": "Ireland", "heti j\u00e1ratsz\u00e1m": 9.9, "diaszp\u00f3ra": 40, "hcountry": "\u00cdrorsz\u00e1g"}, {"country": "Norway", "heti j\u00e1ratsz\u00e1m": 2.1, "diaszp\u00f3ra": 41, "hcountry": "Norv\u00e9gia"}, {"country": "Israel", "heti j\u00e1ratsz\u00e1m": 32.4, "diaszp\u00f3ra": 29, "hcountry": "Izrael"}, {"country": "Czechia", "heti j\u00e1ratsz\u00e1m": 6.1, "diaszp\u00f3ra": 18, "hcountry": "Cseh K\u00f6zt\u00e1rsas\u00e1g"}, {"country": "Germany", "heti j\u00e1ratsz\u00e1m": 121.90000000000002, "diaszp\u00f3ra": 1109, "hcountry": "N\u00e9metorsz\u00e1g"}, {"country": "Belgium", "heti j\u00e1ratsz\u00e1m": 27.4, "diaszp\u00f3ra": 61, "hcountry": "Belgium"}, {"country": "Spain", "heti j\u00e1ratsz\u00e1m": 63.699999999999996, "diaszp\u00f3ra": 284, "hcountry": "Spanyolorsz\u00e1g"}, {"country": "Ukraine", "heti j\u00e1ratsz\u00e1m": 3.0, "diaszp\u00f3ra": 2, "hcountry": "Ukrajna"}, {"country": "Netherlands", "heti j\u00e1ratsz\u00e1m": 18.0, "diaszp\u00f3ra": 56, "hcountry": "Hollandia"}, {"country": "Denmark", "heti j\u00e1ratsz\u00e1m": 6.1, "diaszp\u00f3ra": 122, "hcountry": "D\u00e1nia"}, {"country": "Poland", "heti j\u00e1ratsz\u00e1m": 13.7, "diaszp\u00f3ra": 7, "hcountry": "Lengyelorsz\u00e1g"}, {"country": "Moldova", "heti j\u00e1ratsz\u00e1m": 16.5, "diaszp\u00f3ra": 3, "hcountry": "Moldova"}, {"country": "Sweden", "heti j\u00e1ratsz\u00e1m": 10.2, "diaszp\u00f3ra": 103, "hcountry": "Sv\u00e9dorsz\u00e1g"}, {"country": "Switzerland", "heti j\u00e1ratsz\u00e1m": 8.8, "diaszp\u00f3ra": 140, "hcountry": "Sv\u00e1jc"}, {"country": "Russia", "heti j\u00e1ratsz\u00e1m": 3.1, "diaszp\u00f3ra": 5, "hcountry": "Oroszorsz\u00e1g"}, {"country": "Bulgaria", "heti j\u00e1ratsz\u00e1m": 8.8, "diaszp\u00f3ra": 4, "hcountry": "Bulg\u00e1ria"}, {"country": "Romania", "heti j\u00e1ratsz\u00e1m": 203.40000000000003, "diaszp\u00f3ra": 23421, "hcountry": "Rom\u00e1nia"}, {"country": "Portugal", "heti j\u00e1ratsz\u00e1m": 3.9, "diaszp\u00f3ra": 11, "hcountry": "Portug\u00e1lia"}, {"country": "United Arab Emirates", "heti j\u00e1ratsz\u00e1m": 7.4, "diaszp\u00f3ra": 17, "hcountry": "Egyes\u00fclt Arab Em\u00edrs\u00e9gek"}, {"country": "Serbia", "heti j\u00e1ratsz\u00e1m": 9.3, "diaszp\u00f3ra": 22, "hcountry": "Szerbia"}, {"country": "United Kingdom", "heti j\u00e1ratsz\u00e1m": 94.40000000000002, "diaszp\u00f3ra": 743, "hcountry": "Egyes\u00fclt Kir\u00e1lys\u00e1g"}, {"country": "Austria", "heti j\u00e1ratsz\u00e1m": 29.5, "diaszp\u00f3ra": 210, "hcountry": "Ausztria"}, {"country": "Greece", "heti j\u00e1ratsz\u00e1m": 16.2, "diaszp\u00f3ra": 34, "hcountry": "G\u00f6r\u00f6gorsz\u00e1g"}, {"country": "Hungary", "heti j\u00e1ratsz\u00e1m": 13.6, "diaszp\u00f3ra": 2723, "hcountry": "Magyarorsz\u00e1g"}, {"country": "Cyprus", "heti j\u00e1ratsz\u00e1m": 8.6, "diaszp\u00f3ra": 27, "hcountry": "Ciprus"}]