[{"country": "Turkey", "heti j\u00e1ratsz\u00e1m": 33.6, "diaszp\u00f3ra": 13, "hcountry": "T\u00f6r\u00f6korsz\u00e1g"}, {"country": "Qatar", "heti j\u00e1ratsz\u00e1m": 12.0, "diaszp\u00f3ra": 2, "hcountry": "Katar"}, {"country": "Italy", "heti j\u00e1ratsz\u00e1m": 190.00000000000003, "diaszp\u00f3ra": 612, "hcountry": "Olaszorsz\u00e1g"}, {"country": "Lebanon", "heti j\u00e1ratsz\u00e1m": 2.0, "diaszp\u00f3ra": 2, "hcountry": "Libanon"}, {"country": "Malta", "heti j\u00e1ratsz\u00e1m": 3.1, "diaszp\u00f3ra": 7, "hcountry": "M\u00e1lta"}, {"country": "France", "heti j\u00e1ratsz\u00e1m": 51.9, "diaszp\u00f3ra": 110, "hcountry": "Franciaorsz\u00e1g"}, {"country": "Georgia", "heti j\u00e1ratsz\u00e1m": 2.0, "diaszp\u00f3ra": 1, "hcountry": "Gr\u00fazia"}, {"country": "Ireland", "heti j\u00e1ratsz\u00e1m": 18.1, "diaszp\u00f3ra": 40, "hcountry": "\u00cdrorsz\u00e1g"}, {"country": "Norway", "heti j\u00e1ratsz\u00e1m": 5.6, "diaszp\u00f3ra": 41, "hcountry": "Norv\u00e9gia"}, {"country": "Israel", "heti j\u00e1ratsz\u00e1m": 42.8, "diaszp\u00f3ra": 29, "hcountry": "Izrael"}, {"country": "Algeria", "heti j\u00e1ratsz\u00e1m": 2.0, "diaszp\u00f3ra": 2, "hcountry": "Alg\u00e9ria"}, {"country": "Czechia", "heti j\u00e1ratsz\u00e1m": 14.9, "diaszp\u00f3ra": 18, "hcountry": "Cseh K\u00f6zt\u00e1rsas\u00e1g"}, {"country": "Germany", "heti j\u00e1ratsz\u00e1m": 199.50000000000006, "diaszp\u00f3ra": 1109, "hcountry": "N\u00e9metorsz\u00e1g"}, {"country": "Belgium", "heti j\u00e1ratsz\u00e1m": 46.5, "diaszp\u00f3ra": 61, "hcountry": "Belgium"}, {"country": "China", "heti j\u00e1ratsz\u00e1m": 0.8, "diaszp\u00f3ra": 3, "hcountry": "K\u00edna"}, {"country": "Spain", "heti j\u00e1ratsz\u00e1m": 85.69999999999999, "diaszp\u00f3ra": 284, "hcountry": "Spanyolorsz\u00e1g"}, {"country": "Ukraine", "heti j\u00e1ratsz\u00e1m": 6.9, "diaszp\u00f3ra": 2, "hcountry": "Ukrajna"}, {"country": "Netherlands", "heti j\u00e1ratsz\u00e1m": 41.0, "diaszp\u00f3ra": 56, "hcountry": "Hollandia"}, {"country": "Denmark", "heti j\u00e1ratsz\u00e1m": 13.7, "diaszp\u00f3ra": 122, "hcountry": "D\u00e1nia"}, {"country": "Poland", "heti j\u00e1ratsz\u00e1m": 28.6, "diaszp\u00f3ra": 7, "hcountry": "Lengyelorsz\u00e1g"}, {"country": "Finland", "heti j\u00e1ratsz\u00e1m": 8.3, "diaszp\u00f3ra": 7, "hcountry": "Finnorsz\u00e1g"}, {"country": "Moldova", "heti j\u00e1ratsz\u00e1m": 16.5, "diaszp\u00f3ra": 3, "hcountry": "Moldova"}, {"country": "Sweden", "heti j\u00e1ratsz\u00e1m": 22.299999999999997, "diaszp\u00f3ra": 103, "hcountry": "Sv\u00e9dorsz\u00e1g"}, {"country": "Luxembourg", "heti j\u00e1ratsz\u00e1m": 0.8, "diaszp\u00f3ra": 4, "hcountry": "Luxemburg"}, {"country": "Switzerland", "heti j\u00e1ratsz\u00e1m": 23.8, "diaszp\u00f3ra": 140, "hcountry": "Sv\u00e1jc"}, {"country": "Russia", "heti j\u00e1ratsz\u00e1m": 12.8, "diaszp\u00f3ra": 5, "hcountry": "Oroszorsz\u00e1g"}, {"country": "Bulgaria", "heti j\u00e1ratsz\u00e1m": 10.8, "diaszp\u00f3ra": 4, "hcountry": "Bulg\u00e1ria"}, {"country": "Romania", "heti j\u00e1ratsz\u00e1m": 217.00000000000003, "diaszp\u00f3ra": 23421, "hcountry": "Rom\u00e1nia"}, {"country": "Portugal", "heti j\u00e1ratsz\u00e1m": 8.9, "diaszp\u00f3ra": 11, "hcountry": "Portug\u00e1lia"}, {"country": "Egypt", "heti j\u00e1ratsz\u00e1m": 4.1, "diaszp\u00f3ra": 5, "hcountry": "Egyiptom"}, {"country": "United Arab Emirates", "heti j\u00e1ratsz\u00e1m": 13.4, "diaszp\u00f3ra": 17, "hcountry": "Egyes\u00fclt Arab Em\u00edrs\u00e9gek"}, {"country": "Serbia", "heti j\u00e1ratsz\u00e1m": 10.700000000000001, "diaszp\u00f3ra": 22, "hcountry": "Szerbia"}, {"country": "United Kingdom", "heti j\u00e1ratsz\u00e1m": 158.70000000000002, "diaszp\u00f3ra": 743, "hcountry": "Egyes\u00fclt Kir\u00e1lys\u00e1g"}, {"country": "Austria", "heti j\u00e1ratsz\u00e1m": 39.7, "diaszp\u00f3ra": 210, "hcountry": "Ausztria"}, {"country": "Greece", "heti j\u00e1ratsz\u00e1m": 24.2, "diaszp\u00f3ra": 34, "hcountry": "G\u00f6r\u00f6gorsz\u00e1g"}, {"country": "Hungary", "heti j\u00e1ratsz\u00e1m": 13.6, "diaszp\u00f3ra": 2723, "hcountry": "Magyarorsz\u00e1g"}, {"country": "Cyprus", "heti j\u00e1ratsz\u00e1m": 10.6, "diaszp\u00f3ra": 27, "hcountry": "Ciprus"}]