[{"from": "Budapest", "to": "Eilat", "country": "Israel", "heti j\u00e1ratsz\u00e1m": 2.0, "al": "Ryanair", "ap": "Eilat VDA", "hcountry": "Izrael"}, {"from": "Budapest", "to": "Pisa", "country": "Italy", "heti j\u00e1ratsz\u00e1m": 2.0, "al": "Ryanair", "ap": "Pisa PSA", "hcountry": "Olaszorsz\u00e1g"}, {"from": "Budapest", "to": "Frankfurt", "country": "Germany", "heti j\u00e1ratsz\u00e1m": 12.0, "al": "Lufthansa", "ap": "Frankfurt FRA", "hcountry": "N\u00e9metorsz\u00e1g"}, {"from": "Budapest", "to": "Frankfurt", "country": "Germany", "heti j\u00e1ratsz\u00e1m": 2.0, "al": "Wizz Air", "ap": "Frankfurt HHN", "hcountry": "N\u00e9metorsz\u00e1g"}, {"from": "Budapest", "to": "Lanzarote", "country": "Spain", "heti j\u00e1ratsz\u00e1m": 1.0, "al": "Wizz Air", "ap": "Lanzarote ACE", "hcountry": "Spanyolorsz\u00e1g"}, {"from": "Budapest", "to": "Thessaloniki", "country": "Greece", "heti j\u00e1ratsz\u00e1m": 2.0, "al": "Wizz Air", "ap": "Thessaloniki SKG", "hcountry": "G\u00f6r\u00f6gorsz\u00e1g"}, {"from": "Budapest", "to": "Genf", "country": "Switzerland", "heti j\u00e1ratsz\u00e1m": 3.0, "al": "EasyJet", "ap": "Genf GVA", "hcountry": "Sv\u00e1jc"}, {"from": "Budapest", "to": "Alicante", "country": "Spain", "heti j\u00e1ratsz\u00e1m": 1.1000000000000001, "al": "Wizz Air", "ap": "Alicante ALC", "hcountry": "Spanyolorsz\u00e1g"}, {"from": "Budapest", "to": "Belgr\u00e1d", "country": "Serbia", "heti j\u00e1ratsz\u00e1m": 1.3999999999999999, "al": "Belavia", "ap": "Belgr\u00e1d BEG", "hcountry": "Szerbia"}, {"from": "Budapest", "to": "Lisszabon", "country": "Portugal", "heti j\u00e1ratsz\u00e1m": 3.0, "al": "Wizz Air", "ap": "Lisszabon LIS", "hcountry": "Portug\u00e1lia"}, {"from": "Budapest", "to": "Baku", "country": "Azerbaijan", "heti j\u00e1ratsz\u00e1m": 1.0, "al": "Wizz Air", "ap": "Baku GYD", "hcountry": "Azerbajdzs\u00e1n"}, {"from": "Budapest", "to": "Billund", "country": "Denmark", "heti j\u00e1ratsz\u00e1m": 1.8999999999999999, "al": "Ryanair", "ap": "Billund BLL", "hcountry": "D\u00e1nia"}, {"from": "Budapest", "to": "Helsinki", "country": "Finland", "heti j\u00e1ratsz\u00e1m": 2.0, "al": "Norwegian", "ap": "Helsinki HEL", "hcountry": "Finnorsz\u00e1g"}, {"from": "Budapest", "to": "Helsinki", "country": "Finland", "heti j\u00e1ratsz\u00e1m": 0.40000000000000002, "al": "Norwegian Air International", "ap": "Helsinki HEL", "hcountry": "Finnorsz\u00e1g"}, {"from": "Budapest", "to": "Helsinki", "country": "Finland", "heti j\u00e1ratsz\u00e1m": 5.9000000000000004, "al": "Finnair", "ap": "Helsinki HEL", "hcountry": "Finnorsz\u00e1g"}, {"from": "Budapest", "to": "Gothenburg", "country": "Sweden", "heti j\u00e1ratsz\u00e1m": 2.8999999999999999, "al": "Wizz Air", "ap": "Gothenburg GOT", "hcountry": "Sv\u00e9dorsz\u00e1g"}, {"from": "Budapest", "to": "Fuerteventura", "country": "Spain", "heti j\u00e1ratsz\u00e1m": 1.0, "al": "Wizz Air", "ap": "Fuerteventura FUE", "hcountry": "Spanyolorsz\u00e1g"}, {"from": "Budapest", "to": "Koppenh\u00e1ga", "country": "Denmark", "heti j\u00e1ratsz\u00e1m": 1.7, "al": "Norwegian", "ap": "Koppenh\u00e1ga CPH", "hcountry": "D\u00e1nia"}, {"from": "Budapest", "to": "Koppenh\u00e1ga", "country": "Denmark", "heti j\u00e1ratsz\u00e1m": 1.0, "al": "SmartLynx", "ap": "Koppenh\u00e1ga CPH", "hcountry": "D\u00e1nia"}, {"from": "Budapest", "to": "Koppenh\u00e1ga", "country": "Denmark", "heti j\u00e1ratsz\u00e1m": 3.0, "al": "Ryanair", "ap": "Koppenh\u00e1ga CPH", "hcountry": "D\u00e1nia"}, {"from": "Budapest", "to": "Z\u00fcrich", "country": "Switzerland", "heti j\u00e1ratsz\u00e1m": 7.0, "al": "Swiss", "ap": "Z\u00fcrich ZRH", "hcountry": "Sv\u00e1jc"}, {"from": "Budapest", "to": "Z\u00fcrich", "country": "Switzerland", "heti j\u00e1ratsz\u00e1m": 2.0, "al": "Helvetic Airways", "ap": "Z\u00fcrich ZRH", "hcountry": "Sv\u00e1jc"}, {"from": "Budapest", "to": "Tenerife", "country": "Spain", "heti j\u00e1ratsz\u00e1m": 2.0, "al": "Wizz Air", "ap": "Tenerife TFS", "hcountry": "Spanyolorsz\u00e1g"}, {"from": "Budapest", "to": "Kijev", "country": "Ukraine", "heti j\u00e1ratsz\u00e1m": 1.0, "al": "Turkish Airlines", "ap": "Kijev KBP", "hcountry": "Ukrajna"}, {"from": "Budapest", "to": "Kijev", "country": "Ukraine", "heti j\u00e1ratsz\u00e1m": 2.8999999999999999, "al": "Wizz Air", "ap": "Kijev IEV", "hcountry": "Ukrajna"}, {"from": "Budapest", "to": "East Midlands", "country": "United Kingdom", "heti j\u00e1ratsz\u00e1m": 1.0, "al": "Jet2", "ap": "East Midlands EMA", "hcountry": "Egyes\u00fclt Kir\u00e1lys\u00e1g"}, {"from": "Budapest", "to": "Rotterdam", "country": "Netherlands", "heti j\u00e1ratsz\u00e1m": 4.5, "al": "Transavia", "ap": "Rotterdam RTM", "hcountry": "Hollandia"}, {"from": "Budapest", "to": "Sz\u00f3fia", "country": "Bulgaria", "heti j\u00e1ratsz\u00e1m": 2.0, "al": "Wizz Air", "ap": "Sz\u00f3fia SOF", "hcountry": "Bulg\u00e1ria"}, {"from": "Budapest", "to": "Bologna", "country": "Italy", "heti j\u00e1ratsz\u00e1m": 2.0, "al": "Wizz Air", "ap": "Bologna BLQ", "hcountry": "Olaszorsz\u00e1g"}, {"from": "Budapest", "to": "Oslo", "country": "Norway", "heti j\u00e1ratsz\u00e1m": 3.5, "al": "Norwegian", "ap": "Oslo OSL", "hcountry": "Norv\u00e9gia"}, {"from": "Debrecen", "to": "Mil\u00e1n\u00f3", "country": "Italy", "heti j\u00e1ratsz\u00e1m": 2.0, "al": "Wizz Air", "ap": "Mil\u00e1n\u00f3 BGY", "hcountry": "Olaszorsz\u00e1g"}, {"from": "Budapest", "to": "Mil\u00e1n\u00f3", "country": "Italy", "heti j\u00e1ratsz\u00e1m": 3.2000000000000002, "al": "Ryanair", "ap": "Mil\u00e1n\u00f3 BGY", "hcountry": "Olaszorsz\u00e1g"}, {"from": "Budapest", "to": "Mil\u00e1n\u00f3", "country": "Italy", "heti j\u00e1ratsz\u00e1m": 6.0, "al": "Wizz Air", "ap": "Mil\u00e1n\u00f3 MXP", "hcountry": "Olaszorsz\u00e1g"}, {"from": "Budapest", "to": "Leeds", "country": "United Kingdom", "heti j\u00e1ratsz\u00e1m": 1.1000000000000001, "al": "Jet2", "ap": "Leeds LBA", "hcountry": "Egyes\u00fclt Kir\u00e1lys\u00e1g"}, {"from": "Budapest", "to": "Dublin", "country": "Ireland", "heti j\u00e1ratsz\u00e1m": 5.2000000000000002, "al": "Ryanair", "ap": "Dublin DUB", "hcountry": "\u00cdrorsz\u00e1g"}, {"from": "Budapest", "to": "Dublin", "country": "Ireland", "heti j\u00e1ratsz\u00e1m": 3.0, "al": "Aer Lingus", "ap": "Dublin DUB", "hcountry": "\u00cdrorsz\u00e1g"}, {"from": "Budapest", "to": "Catania", "country": "Italy", "heti j\u00e1ratsz\u00e1m": 1.8, "al": "Wizz Air", "ap": "Catania CTA", "hcountry": "Olaszorsz\u00e1g"}, {"from": "Budapest", "to": "Malm\u00f6", "country": "Sweden", "heti j\u00e1ratsz\u00e1m": 2.8999999999999999, "al": "Wizz Air", "ap": "Malm\u00f6 MMX", "hcountry": "Sv\u00e9dorsz\u00e1g"}, {"from": "Budapest", "to": "Treviso", "country": "Italy", "heti j\u00e1ratsz\u00e1m": 3.0, "al": "Ryanair", "ap": "Treviso TSF", "hcountry": "Olaszorsz\u00e1g"}, {"from": "Budapest", "to": "St. Petersburg", "country": "Russia", "heti j\u00e1ratsz\u00e1m": 0.40000000000000002, "al": "UTair", "ap": "St. Petersburg LED", "hcountry": "Oroszorsz\u00e1g"}, {"from": "Budapest", "to": "R\u00f3ma", "country": "Italy", "heti j\u00e1ratsz\u00e1m": 5.0, "al": "Ryanair", "ap": "R\u00f3ma CIA", "hcountry": "Olaszorsz\u00e1g"}, {"from": "Budapest", "to": "R\u00f3ma", "country": "Italy", "heti j\u00e1ratsz\u00e1m": 3.0, "al": "Wizz Air", "ap": "R\u00f3ma FCO", "hcountry": "Olaszorsz\u00e1g"}, {"from": "Budapest", "to": "R\u00f3ma", "country": "Italy", "heti j\u00e1ratsz\u00e1m": 3.0, "al": "Alitalia", "ap": "R\u00f3ma FCO", "hcountry": "Olaszorsz\u00e1g"}, {"from": "Budapest", "to": "Stockholm", "country": "Sweden", "heti j\u00e1ratsz\u00e1m": 2.8999999999999999, "al": "Wizz Air", "ap": "Stockholm NYO", "hcountry": "Sv\u00e9dorsz\u00e1g"}, {"from": "Budapest", "to": "Stockholm", "country": "Sweden", "heti j\u00e1ratsz\u00e1m": 0.40000000000000002, "al": "SAS", "ap": "Stockholm ARN", "hcountry": "Sv\u00e9dorsz\u00e1g"}, {"from": "Budapest", "to": "Stockholm", "country": "Sweden", "heti j\u00e1ratsz\u00e1m": 3.0, "al": "Norwegian", "ap": "Stockholm ARN", "hcountry": "Sv\u00e9dorsz\u00e1g"}, {"from": "Budapest", "to": "Isztambul", "country": "Turkey", "heti j\u00e1ratsz\u00e1m": 3.0, "al": "Pegasus Airlines", "ap": "Isztambul SAW", "hcountry": "T\u00f6r\u00f6korsz\u00e1g"}, {"from": "Budapest", "to": "Isztambul", "country": "Turkey", "heti j\u00e1ratsz\u00e1m": 7.9000000000000004, "al": "Turkish Airlines", "ap": "Isztambul IST", "hcountry": "T\u00f6r\u00f6korsz\u00e1g"}, {"from": "Budapest", "to": "Nizza", "country": "France", "heti j\u00e1ratsz\u00e1m": 2.0, "al": "Wizz Air", "ap": "Nizza NCE", "hcountry": "Franciaorsz\u00e1g"}, {"from": "Budapest", "to": "Las Palmas", "country": "Spain", "heti j\u00e1ratsz\u00e1m": 0.90000000000000002, "al": "Ryanair", "ap": "Las Palmas LPA", "hcountry": "Spanyolorsz\u00e1g"}, {"from": "Budapest", "to": "Basel", "country": "Switzerland", "heti j\u00e1ratsz\u00e1m": 3.0, "al": "EasyJet", "ap": "Basel BSL", "hcountry": "Sv\u00e1jc"}, {"from": "Budapest", "to": "Algiers", "country": "Algeria", "heti j\u00e1ratsz\u00e1m": 2.0, "al": "Air Algerie", "ap": "Algiers ALG", "hcountry": "Alg\u00e9ria"}, {"from": "Budapest", "to": "Cairo", "country": "Egypt", "heti j\u00e1ratsz\u00e1m": 2.8999999999999999, "al": "EgyptAir", "ap": "Cairo CAI", "hcountry": "Egyiptom"}, {"from": "Budapest", "to": "Karlsruhe", "country": "Germany", "heti j\u00e1ratsz\u00e1m": 2.0, "al": "Wizz Air", "ap": "Karlsruhe FKB", "hcountry": "N\u00e9metorsz\u00e1g"}, {"from": "Budapest", "to": "Br\u00fcsszel", "country": "Belgium", "heti j\u00e1ratsz\u00e1m": 9.0, "al": "Brussels Airlines", "ap": "Br\u00fcsszel BRU", "hcountry": "Belgium"}, {"from": "Budapest", "to": "Br\u00fcsszel", "country": "Belgium", "heti j\u00e1ratsz\u00e1m": 4.9000000000000004, "al": "Ryanair", "ap": "Br\u00fcsszel CRL", "hcountry": "Belgium"}, {"from": "Budapest", "to": "Br\u00fcsszel", "country": "Belgium", "heti j\u00e1ratsz\u00e1m": 5.2000000000000002, "al": "Wizz Air", "ap": "Br\u00fcsszel CRL", "hcountry": "Belgium"}, {"from": "Budapest", "to": "Barcelona", "country": "Spain", "heti j\u00e1ratsz\u00e1m": 3.0, "al": "Ryanair", "ap": "Barcelona BCN", "hcountry": "Spanyolorsz\u00e1g"}, {"from": "Budapest", "to": "Barcelona", "country": "Spain", "heti j\u00e1ratsz\u00e1m": 3.0, "al": "Wizz Air", "ap": "Barcelona BCN", "hcountry": "Spanyolorsz\u00e1g"}, {"from": "Budapest", "to": "Bukarest", "country": "Romania", "heti j\u00e1ratsz\u00e1m": 8.5999999999999996, "al": "Tarom", "ap": "Bukarest OTP", "hcountry": "Rom\u00e1nia"}, {"from": "Budapest", "to": "Bukarest", "country": "Romania", "heti j\u00e1ratsz\u00e1m": 3.0, "al": "Wizz Air", "ap": "Bukarest OTP", "hcountry": "Rom\u00e1nia"}, {"from": "Budapest", "to": "Vars\u00f3", "country": "Poland", "heti j\u00e1ratsz\u00e1m": 3.0, "al": "Wizz Air", "ap": "Vars\u00f3 WAW", "hcountry": "Lengyelorsz\u00e1g"}, {"from": "Budapest", "to": "Vars\u00f3", "country": "Poland", "heti j\u00e1ratsz\u00e1m": 11.9, "al": "LOT", "ap": "Vars\u00f3 WAW", "hcountry": "Lengyelorsz\u00e1g"}, {"from": "Budapest", "to": "Berlin", "country": "Germany", "heti j\u00e1ratsz\u00e1m": 8.9000000000000004, "al": "Air Berlin", "ap": "Berlin TXL", "hcountry": "N\u00e9metorsz\u00e1g"}, {"from": "Budapest", "to": "Berlin", "country": "Germany", "heti j\u00e1ratsz\u00e1m": 4.9000000000000004, "al": "EasyJet", "ap": "Berlin SXF", "hcountry": "N\u00e9metorsz\u00e1g"}, {"from": "Budapest", "to": "Berlin", "country": "Germany", "heti j\u00e1ratsz\u00e1m": 3.0, "al": "Ryanair", "ap": "Berlin SXF", "hcountry": "N\u00e9metorsz\u00e1g"}, {"from": "Budapest", "to": "Luqa", "country": "Malta", "heti j\u00e1ratsz\u00e1m": 2.0, "al": "Wizz Air", "ap": "Luqa MLA", "hcountry": "M\u00e1lta"}, {"from": "Budapest", "to": "Glasgow", "country": "United Kingdom", "heti j\u00e1ratsz\u00e1m": 2.0, "al": "Wizz Air", "ap": "Glasgow GLA", "hcountry": "Egyes\u00fclt Kir\u00e1lys\u00e1g"}, {"from": "Budapest", "to": "Edinburgh", "country": "United Kingdom", "heti j\u00e1ratsz\u00e1m": 2.1000000000000001, "al": "Jet2", "ap": "Edinburgh EDI", "hcountry": "Egyes\u00fclt Kir\u00e1lys\u00e1g"}, {"from": "Budapest", "to": "N\u00e1poly", "country": "Italy", "heti j\u00e1ratsz\u00e1m": 2.0, "al": "Wizz Air", "ap": "N\u00e1poly NAP", "hcountry": "Olaszorsz\u00e1g"}, {"from": "Budapest", "to": "Peking", "country": "China", "heti j\u00e1ratsz\u00e1m": 0.80000000000000004, "al": "Air China", "ap": "Peking PEK", "hcountry": "K\u00edna"}, {"from": "Budapest", "to": "K\u00f6ln", "country": "Germany", "heti j\u00e1ratsz\u00e1m": 2.8999999999999999, "al": "Germanwings", "ap": "K\u00f6ln CGN", "hcountry": "N\u00e9metorsz\u00e1g"}, {"from": "Budapest", "to": "Ath\u00e9n", "country": "Greece", "heti j\u00e1ratsz\u00e1m": 3.0, "al": "Ryanair", "ap": "Ath\u00e9n ATH", "hcountry": "G\u00f6r\u00f6gorsz\u00e1g"}, {"from": "Budapest", "to": "Ath\u00e9n", "country": "Greece", "heti j\u00e1ratsz\u00e1m": 3.0, "al": "Aegean Airlines", "ap": "Ath\u00e9n ATH", "hcountry": "G\u00f6r\u00f6gorsz\u00e1g"}, {"from": "Budapest", "to": "Hamburg", "country": "Germany", "heti j\u00e1ratsz\u00e1m": 3.0, "al": "Germanwings", "ap": "Hamburg HAM", "hcountry": "N\u00e9metorsz\u00e1g"}, {"from": "Budapest", "to": "Bristol", "country": "United Kingdom", "heti j\u00e1ratsz\u00e1m": 2.8999999999999999, "al": "Ryanair", "ap": "Bristol BRS", "hcountry": "Egyes\u00fclt Kir\u00e1lys\u00e1g"}, {"from": "Budapest", "to": "Hong Kong", "country": "Hong Kong", "heti j\u00e1ratsz\u00e1m": 0.80000000000000004, "al": "Air Chathams", "ap": "Hong Kong HKG", "hcountry": "Hong Kong"}, {"from": "Budapest", "to": "Hurghada", "country": "Egypt", "heti j\u00e1ratsz\u00e1m": 1.2, "al": "Air Cairo", "ap": "Hurghada HRG", "hcountry": "Egyiptom"}, {"from": "Budapest", "to": "Larnaca", "country": "Cyprus", "heti j\u00e1ratsz\u00e1m": 2.0, "al": "Wizz Air", "ap": "Larnaca LCA", "hcountry": "Ciprus"}, {"from": "Budapest", "to": "Luxembourg", "country": "Luxembourg", "heti j\u00e1ratsz\u00e1m": 0.80000000000000004, "al": "Air Chathams", "ap": "Luxembourg LUX", "hcountry": "Luxemburg"}, {"from": "Budapest", "to": "Tel Aviv", "country": "Israel", "heti j\u00e1ratsz\u00e1m": 3.0, "al": "Wizz Air", "ap": "Tel Aviv TLV", "hcountry": "Izrael"}, {"from": "Budapest", "to": "Tel Aviv", "country": "Israel", "heti j\u00e1ratsz\u00e1m": 5.4000000000000004, "al": "El Al", "ap": "Tel Aviv TLV", "hcountry": "Izrael"}, {"from": "Budapest", "to": "Riga", "country": "Latvia", "heti j\u00e1ratsz\u00e1m": 2.2999999999999998, "al": "Air Baltic", "ap": "Riga RIX", "hcountry": "Lettorsz\u00e1g"}, {"from": "Budapest", "to": "Dortmund", "country": "Germany", "heti j\u00e1ratsz\u00e1m": 2.8999999999999999, "al": "Wizz Air", "ap": "Dortmund DTM", "hcountry": "N\u00e9metorsz\u00e1g"}, {"from": "Budapest", "to": "Amszterdam", "country": "Netherlands", "heti j\u00e1ratsz\u00e1m": 1.5, "al": "EasyJet", "ap": "Amszterdam AMS", "hcountry": "Hollandia"}, {"from": "Budapest", "to": "Amszterdam", "country": "Netherlands", "heti j\u00e1ratsz\u00e1m": 9.0, "al": "KLM", "ap": "Amszterdam AMS", "hcountry": "Hollandia"}, {"from": "Budapest", "to": "Porto", "country": "Portugal", "heti j\u00e1ratsz\u00e1m": 2.0, "al": "Wizz Air", "ap": "Porto OPO", "hcountry": "Portug\u00e1lia"}, {"from": "Budapest", "to": "Dusseldorf", "country": "Germany", "heti j\u00e1ratsz\u00e1m": 2.3999999999999999, "al": "Germanwings", "ap": "Dusseldorf DUS", "hcountry": "N\u00e9metorsz\u00e1g"}, {"from": "Budapest", "to": "Dusseldorf", "country": "Germany", "heti j\u00e1ratsz\u00e1m": 6.0, "al": "Eurowings", "ap": "Dusseldorf DUS", "hcountry": "N\u00e9metorsz\u00e1g"}, {"from": "Budapest", "to": "Kutaisi", "country": "Georgia", "heti j\u00e1ratsz\u00e1m": 2.0, "al": "Wizz Air", "ap": "Kutaisi KUT", "hcountry": "Gr\u00fazia"}, {"from": "Budapest", "to": "Pr\u00e1ga", "country": "Czechia", "heti j\u00e1ratsz\u00e1m": 8.8000000000000007, "al": "Czech Airlines", "ap": "Pr\u00e1ga PRG", "hcountry": "Csehorsz\u00e1g"}, {"from": "Budapest", "to": "Venice", "country": "Italy", "heti j\u00e1ratsz\u00e1m": 2.8999999999999999, "al": "EasyJet", "ap": "Venice VCE", "hcountry": "Olaszorsz\u00e1g"}, {"from": "Debrecen", "to": "Eindhoven", "country": "Netherlands", "heti j\u00e1ratsz\u00e1m": 2.0, "al": "Wizz Air", "ap": "Eindhoven EIN", "hcountry": "Hollandia"}, {"from": "Budapest", "to": "Eindhoven", "country": "Netherlands", "heti j\u00e1ratsz\u00e1m": 6.0, "al": "Wizz Air", "ap": "Eindhoven EIN", "hcountry": "Hollandia"}, {"from": "Budapest", "to": "Stuttgart", "country": "Germany", "heti j\u00e1ratsz\u00e1m": 6.0, "al": "Germanwings", "ap": "Stuttgart STR", "hcountry": "N\u00e9metorsz\u00e1g"}, {"from": "Budapest", "to": "Stuttgart", "country": "Germany", "heti j\u00e1ratsz\u00e1m": 1.0, "al": "Eurowings", "ap": "Stuttgart STR", "hcountry": "N\u00e9metorsz\u00e1g"}, {"from": "Budapest", "to": "Malaga", "country": "Spain", "heti j\u00e1ratsz\u00e1m": 2.1000000000000001, "al": "Ryanair", "ap": "Malaga AGP", "hcountry": "Spanyolorsz\u00e1g"}, {"from": "Budapest", "to": "Malaga", "country": "Spain", "heti j\u00e1ratsz\u00e1m": 2.0, "al": "Wizz Air", "ap": "Malaga AGP", "hcountry": "Spanyolorsz\u00e1g"}, {"from": "Budapest", "to": "Dubaj", "country": "United Arab Emirates", "heti j\u00e1ratsz\u00e1m": 3.0, "al": "Wizz Air", "ap": "Dubaj DWC", "hcountry": "Egyes\u00fclt Arab Em\u00edrs\u00e9gek"}, {"from": "Budapest", "to": "Dubaj", "country": "United Arab Emirates", "heti j\u00e1ratsz\u00e1m": 3.0, "al": "Emirates", "ap": "Dubaj DXB", "hcountry": "Egyes\u00fclt Arab Em\u00edrs\u00e9gek"}, {"from": "Debrecen", "to": "London", "country": "United Kingdom", "heti j\u00e1ratsz\u00e1m": 5.7999999999999998, "al": "Wizz Air", "ap": "London LTN", "hcountry": "Egyes\u00fclt Kir\u00e1lys\u00e1g"}, {"from": "Budapest", "to": "London", "country": "United Kingdom", "heti j\u00e1ratsz\u00e1m": 9.1999999999999993, "al": "Ryanair", "ap": "London STN", "hcountry": "Egyes\u00fclt Kir\u00e1lys\u00e1g"}, {"from": "Budapest", "to": "London", "country": "United Kingdom", "heti j\u00e1ratsz\u00e1m": 6.0, "al": "EasyJet", "ap": "London LGW", "hcountry": "Egyes\u00fclt Kir\u00e1lys\u00e1g"}, {"from": "Budapest", "to": "London", "country": "United Kingdom", "heti j\u00e1ratsz\u00e1m": 2.7000000000000002, "al": "Norwegian", "ap": "London LGW", "hcountry": "Egyes\u00fclt Kir\u00e1lys\u00e1g"}, {"from": "Budapest", "to": "London", "country": "United Kingdom", "heti j\u00e1ratsz\u00e1m": 12.5, "al": "Wizz Air", "ap": "London LTN", "hcountry": "Egyes\u00fclt Kir\u00e1lys\u00e1g"}, {"from": "Budapest", "to": "London", "country": "United Kingdom", "heti j\u00e1ratsz\u00e1m": 8.5999999999999996, "al": "British Airways", "ap": "London LHR", "hcountry": "Egyes\u00fclt Kir\u00e1lys\u00e1g"}, {"from": "Budapest", "to": "London", "country": "United Kingdom", "heti j\u00e1ratsz\u00e1m": 0.29999999999999999, "al": "Titan Airways", "ap": "London LHR", "hcountry": "Egyes\u00fclt Kir\u00e1lys\u00e1g"}, {"from": "Budapest", "to": "Liverpool", "country": "United Kingdom", "heti j\u00e1ratsz\u00e1m": 2.0, "al": "Wizz Air", "ap": "Liverpool LPL", "hcountry": "Egyes\u00fclt Kir\u00e1lys\u00e1g"}, {"from": "Budapest", "to": "Manchester", "country": "United Kingdom", "heti j\u00e1ratsz\u00e1m": 3.1000000000000001, "al": "Ryanair", "ap": "Manchester MAN", "hcountry": "Egyes\u00fclt Kir\u00e1lys\u00e1g"}, {"from": "Budapest", "to": "Manchester", "country": "United Kingdom", "heti j\u00e1ratsz\u00e1m": 3.0, "al": "Jet2", "ap": "Manchester MAN", "hcountry": "Egyes\u00fclt Kir\u00e1lys\u00e1g"}, {"from": "Budapest", "to": "Minsk", "country": "Belarus", "heti j\u00e1ratsz\u00e1m": 2.3999999999999999, "al": "Belavia", "ap": "Minsk MSQ", "hcountry": "Feh\u00e9roroszorsz\u00e1g"}, {"from": "Budapest", "to": "Minsk", "country": "Belarus", "heti j\u00e1ratsz\u00e1m": 1.3999999999999999, "al": "Air China", "ap": "Minsk MSQ", "hcountry": "Feh\u00e9roroszorsz\u00e1g"}, {"from": "Budapest", "to": "Marosv\u00e1s\u00e1rhely", "country": "Romania", "heti j\u00e1ratsz\u00e1m": 2.0, "al": "Wizz Air", "ap": "Marosv\u00e1s\u00e1rhely CLJ", "hcountry": "Rom\u00e1nia"}, {"from": "Budapest", "to": "Madrid", "country": "Spain", "heti j\u00e1ratsz\u00e1m": 2.8999999999999999, "al": "Ryanair", "ap": "Madrid MAD", "hcountry": "Spanyolorsz\u00e1g"}, {"from": "Budapest", "to": "Madrid", "country": "Spain", "heti j\u00e1ratsz\u00e1m": 3.0, "al": "Wizz Air", "ap": "Madrid MAD", "hcountry": "Spanyolorsz\u00e1g"}, {"from": "Budapest", "to": "Moszkva", "country": "Russia", "heti j\u00e1ratsz\u00e1m": 6.2999999999999998, "al": "Aeroflot", "ap": "Moszkva SVO", "hcountry": "Oroszorsz\u00e1g"}, {"from": "Budapest", "to": "Moszkva", "country": "Russia", "heti j\u00e1ratsz\u00e1m": 3.0, "al": "Wizz Air", "ap": "Moszkva VKO", "hcountry": "Oroszorsz\u00e1g"}, {"from": "Debrecen", "to": "P\u00e1rizs", "country": "France", "heti j\u00e1ratsz\u00e1m": 2.0, "al": "Wizz Air", "ap": "P\u00e1rizs BVA", "hcountry": "Franciaorsz\u00e1g"}, {"from": "Budapest", "to": "P\u00e1rizs", "country": "France", "heti j\u00e1ratsz\u00e1m": 2.8999999999999999, "al": "Ryanair", "ap": "P\u00e1rizs BVA", "hcountry": "Franciaorsz\u00e1g"}, {"from": "Budapest", "to": "P\u00e1rizs", "country": "France", "heti j\u00e1ratsz\u00e1m": 3.7000000000000002, "al": "EasyJet", "ap": "P\u00e1rizs CDG", "hcountry": "Franciaorsz\u00e1g"}, {"from": "Budapest", "to": "P\u00e1rizs", "country": "France", "heti j\u00e1ratsz\u00e1m": 8.9000000000000004, "al": "Air France", "ap": "P\u00e1rizs CDG", "hcountry": "Franciaorsz\u00e1g"}, {"from": "Budapest", "to": "P\u00e1rizs", "country": "France", "heti j\u00e1ratsz\u00e1m": 1.3999999999999999, "al": "Transavia", "ap": "P\u00e1rizs ORY", "hcountry": "Franciaorsz\u00e1g"}, {"from": "Budapest", "to": "Reykjavik", "country": "Iceland", "heti j\u00e1ratsz\u00e1m": 2.0, "al": "Wizz Air", "ap": "Reykjavik KEF", "hcountry": "Izland"}, {"from": "Debrecen", "to": "M\u00fcnchen", "country": "Germany", "heti j\u00e1ratsz\u00e1m": 2.7999999999999998, "al": "Lufthansa", "ap": "M\u00fcnchen MUC", "hcountry": "N\u00e9metorsz\u00e1g"}, {"from": "Budapest", "to": "M\u00fcnchen", "country": "Germany", "heti j\u00e1ratsz\u00e1m": 13.199999999999999, "al": "Lufthansa", "ap": "M\u00fcnchen MUC", "hcountry": "N\u00e9metorsz\u00e1g"}, {"from": "Budapest", "to": "M\u00fcnchen", "country": "Germany", "heti j\u00e1ratsz\u00e1m": 1.6000000000000001, "al": "Air Dolomiti", "ap": "M\u00fcnchen MUC", "hcountry": "N\u00e9metorsz\u00e1g"}, {"from": "Budapest", "to": "B\u00e9cs", "country": "Austria", "heti j\u00e1ratsz\u00e1m": 10.199999999999999, "al": "Austrian Airlines", "ap": "B\u00e9cs VIE", "hcountry": "Ausztria"}, {"from": "Budapest", "to": "Birmingham", "country": "United Kingdom", "heti j\u00e1ratsz\u00e1m": 2.0, "al": "Wizz Air", "ap": "Birmingham BHX", "hcountry": "Egyes\u00fclt Kir\u00e1lys\u00e1g"}, {"from": "Budapest", "to": "Doha", "country": "Qatar", "heti j\u00e1ratsz\u00e1m": 6.0, "al": "Qatar Airways", "ap": "Doha DOH", "hcountry": "Katar"}, {"from": "Budapest", "to": "Bari", "country": "Italy", "heti j\u00e1ratsz\u00e1m": 2.8999999999999999, "al": "Wizz Air", "ap": "Bari BRI", "hcountry": "Olaszorsz\u00e1g"}, {"from": "Budapest", "to": "Nurnberg", "country": "Germany", "heti j\u00e1ratsz\u00e1m": 3.0, "al": "Ryanair", "ap": "Nurnberg NUE", "hcountry": "N\u00e9metorsz\u00e1g"}, {"from": "Budapest", "to": "Lyon", "country": "France", "heti j\u00e1ratsz\u00e1m": 3.0, "al": "EasyJet", "ap": "Lyon LYS", "hcountry": "Franciaorsz\u00e1g"}]