[{"from": "Bukarest", "to": "Pisa", "country": "Italy", "heti j\u00e1ratsz\u00e1m": 2.0, "al": "Wizz Air", "ap": "Pisa PSA", "hcountry": "Olaszorsz\u00e1g"}, {"from": "Konstanca", "to": "Varna", "country": "Bulgaria", "heti j\u00e1ratsz\u00e1m": 1.0, "al": "Turkish Airlines", "ap": "Varna VAR", "hcountry": "Bulg\u00e1ria"}, {"from": "Bukarest", "to": "Frankfurt", "country": "Germany", "heti j\u00e1ratsz\u00e1m": 6.0, "al": "Tarom", "ap": "Frankfurt FRA", "hcountry": "N\u00e9metorsz\u00e1g"}, {"from": "Bukarest", "to": "Frankfurt", "country": "Germany", "heti j\u00e1ratsz\u00e1m": 6.7999999999999998, "al": "Lufthansa", "ap": "Frankfurt FRA", "hcountry": "N\u00e9metorsz\u00e1g"}, {"from": "Temesv\u00e1r", "to": "Frankfurt", "country": "Germany", "heti j\u00e1ratsz\u00e1m": 2.2000000000000002, "al": "Ryanair", "ap": "Frankfurt HHN", "hcountry": "N\u00e9metorsz\u00e1g"}, {"from": "Temesv\u00e1r", "to": "Frankfurt", "country": "Germany", "heti j\u00e1ratsz\u00e1m": 2.0, "al": "Wizz Air", "ap": "Frankfurt HHN", "hcountry": "N\u00e9metorsz\u00e1g"}, {"from": "Marosv\u00e1s\u00e1rhely", "to": "Frankfurt", "country": "Germany", "heti j\u00e1ratsz\u00e1m": 2.0, "al": "Wizz Air", "ap": "Frankfurt HHN", "hcountry": "N\u00e9metorsz\u00e1g"}, {"from": "Bukarest", "to": "Thessaloniki", "country": "Greece", "heti j\u00e1ratsz\u00e1m": 3.0, "al": "Tarom", "ap": "Thessaloniki SKG", "hcountry": "G\u00f6r\u00f6gorsz\u00e1g"}, {"from": "Bukarest", "to": "Thessaloniki", "country": "Greece", "heti j\u00e1ratsz\u00e1m": 2.0, "al": "Astra Airlines", "ap": "Thessaloniki SKG", "hcountry": "G\u00f6r\u00f6gorsz\u00e1g"}, {"from": "Bukarest", "to": "Chisinau", "country": "Moldova", "heti j\u00e1ratsz\u00e1m": 11.699999999999999, "al": "Tarom", "ap": "Chisinau KIV", "hcountry": "Moldova"}, {"from": "Bukarest", "to": "Chisinau", "country": "Moldova", "heti j\u00e1ratsz\u00e1m": 4.7999999999999998, "al": "Air Moldova", "ap": "Chisinau KIV", "hcountry": "Moldova"}, {"from": "Bukarest", "to": "Suceava", "country": "Romania", "heti j\u00e1ratsz\u00e1m": 2.8999999999999999, "al": "Tarom", "ap": "Suceava SCV", "hcountry": "Rom\u00e1nia"}, {"from": "Bukarest", "to": "Genf", "country": "Switzerland", "heti j\u00e1ratsz\u00e1m": 1.8, "al": "Wizz Air", "ap": "Genf GVA", "hcountry": "Sv\u00e1jc"}, {"from": "Bukarest", "to": "Alicante", "country": "Spain", "heti j\u00e1ratsz\u00e1m": 1.0, "al": "Wizz Air", "ap": "Alicante ALC", "hcountry": "Spanyolorsz\u00e1g"}, {"from": "Kolozsv\u00e1r", "to": "Alicante", "country": "Spain", "heti j\u00e1ratsz\u00e1m": 0.29999999999999999, "al": "Wizz Air", "ap": "Alicante ALC", "hcountry": "Spanyolorsz\u00e1g"}, {"from": "Bukarest", "to": "Belgr\u00e1d", "country": "Serbia", "heti j\u00e1ratsz\u00e1m": 4.7000000000000002, "al": "Tarom", "ap": "Belgr\u00e1d BEG", "hcountry": "Szerbia"}, {"from": "Bukarest", "to": "Belgr\u00e1d", "country": "Serbia", "heti j\u00e1ratsz\u00e1m": 4.5999999999999996, "al": "AirSERBIA", "ap": "Belgr\u00e1d BEG", "hcountry": "Szerbia"}, {"from": "Kolozsv\u00e1r", "to": "Temesv\u00e1r", "country": "Romania", "heti j\u00e1ratsz\u00e1m": 2.8999999999999999, "al": "Blue Air", "ap": "Temesv\u00e1r TSR", "hcountry": "Rom\u00e1nia"}, {"from": "Bukarest", "to": "Temesv\u00e1r", "country": "Romania", "heti j\u00e1ratsz\u00e1m": 14.199999999999999, "al": "Tarom", "ap": "Temesv\u00e1r TSR", "hcountry": "Rom\u00e1nia"}, {"from": "Bukarest", "to": "Temesv\u00e1r", "country": "Romania", "heti j\u00e1ratsz\u00e1m": 6.0, "al": "Ryanair", "ap": "Temesv\u00e1r TSR", "hcountry": "Rom\u00e1nia"}, {"from": "J\u00e1szv\u00e1s\u00e1r", "to": "Temesv\u00e1r", "country": "Romania", "heti j\u00e1ratsz\u00e1m": 2.8999999999999999, "al": "Blue Air", "ap": "Temesv\u00e1r TSR", "hcountry": "Rom\u00e1nia"}, {"from": "Bukarest", "to": "Kolozsv\u00e1r", "country": "Romania", "heti j\u00e1ratsz\u00e1m": 17.399999999999999, "al": "Tarom", "ap": "Kolozsv\u00e1r CLJ", "hcountry": "Rom\u00e1nia"}, {"from": "Bukarest", "to": "Kolozsv\u00e1r", "country": "Romania", "heti j\u00e1ratsz\u00e1m": 5.7999999999999998, "al": "Blue Air", "ap": "Kolozsv\u00e1r CLJ", "hcountry": "Rom\u00e1nia"}, {"from": "Bukarest", "to": "Kolozsv\u00e1r", "country": "Romania", "heti j\u00e1ratsz\u00e1m": 5.9000000000000004, "al": "Wizz Air", "ap": "Kolozsv\u00e1r CLJ", "hcountry": "Rom\u00e1nia"}, {"from": "Temesv\u00e1r", "to": "Kolozsv\u00e1r", "country": "Romania", "heti j\u00e1ratsz\u00e1m": 2.8999999999999999, "al": "Blue Air", "ap": "Kolozsv\u00e1r CLJ", "hcountry": "Rom\u00e1nia"}, {"from": "J\u00e1szv\u00e1s\u00e1r", "to": "Kolozsv\u00e1r", "country": "Romania", "heti j\u00e1ratsz\u00e1m": 2.8999999999999999, "al": "Blue Air", "ap": "Kolozsv\u00e1r CLJ", "hcountry": "Rom\u00e1nia"}, {"from": "Bukarest", "to": "Billund", "country": "Denmark", "heti j\u00e1ratsz\u00e1m": 2.0, "al": "Wizz Air", "ap": "Billund BLL", "hcountry": "D\u00e1nia"}, {"from": "Kolozsv\u00e1r", "to": "Billund", "country": "Denmark", "heti j\u00e1ratsz\u00e1m": 2.0, "al": "Wizz Air", "ap": "Billund BLL", "hcountry": "D\u00e1nia"}, {"from": "Temesv\u00e1r", "to": "Weeze", "country": "Germany", "heti j\u00e1ratsz\u00e1m": 2.2000000000000002, "al": "Ryanair", "ap": "Weeze NRN", "hcountry": "N\u00e9metorsz\u00e1g"}, {"from": "Bukarest", "to": "Koppenh\u00e1ga", "country": "Denmark", "heti j\u00e1ratsz\u00e1m": 2.1000000000000001, "al": "SAS", "ap": "Koppenh\u00e1ga CPH", "hcountry": "D\u00e1nia"}, {"from": "Bukarest", "to": "Z\u00fcrich", "country": "Switzerland", "heti j\u00e1ratsz\u00e1m": 2.3999999999999999, "al": "Swiss", "ap": "Z\u00fcrich ZRH", "hcountry": "Sv\u00e1jc"}, {"from": "Bukarest", "to": "Z\u00fcrich", "country": "Switzerland", "heti j\u00e1ratsz\u00e1m": 0.59999999999999998, "al": "Helvetic Airways", "ap": "Z\u00fcrich ZRH", "hcountry": "Sv\u00e1jc"}, {"from": "Bukarest", "to": "Tenerife", "country": "Spain", "heti j\u00e1ratsz\u00e1m": 1.0, "al": "Wizz Air", "ap": "Tenerife TFS", "hcountry": "Spanyolorsz\u00e1g"}, {"from": "Bukarest", "to": "Bejr\u00fat", "country": "Lebanon", "heti j\u00e1ratsz\u00e1m": 2.0, "al": "Tarom", "ap": "Bejr\u00fat BEY", "hcountry": "Libanon"}, {"from": "Kolozsv\u00e1r", "to": "Valencia", "country": "Spain", "heti j\u00e1ratsz\u00e1m": 2.0, "al": "Wizz Air", "ap": "Valencia VLC", "hcountry": "Spanyolorsz\u00e1g"}, {"from": "Craiova", "to": "Valencia", "country": "Spain", "heti j\u00e1ratsz\u00e1m": 2.1000000000000001, "al": "Ryanair", "ap": "Valencia VLC", "hcountry": "Spanyolorsz\u00e1g"}, {"from": "Bukarest", "to": "Valencia", "country": "Spain", "heti j\u00e1ratsz\u00e1m": 0.69999999999999996, "al": "Tarom", "ap": "Valencia VLC", "hcountry": "Spanyolorsz\u00e1g"}, {"from": "Bukarest", "to": "Valencia", "country": "Spain", "heti j\u00e1ratsz\u00e1m": 2.7999999999999998, "al": "Blue Air", "ap": "Valencia VLC", "hcountry": "Spanyolorsz\u00e1g"}, {"from": "Bukarest", "to": "Valencia", "country": "Spain", "heti j\u00e1ratsz\u00e1m": 2.0, "al": "Wizz Air", "ap": "Valencia VLC", "hcountry": "Spanyolorsz\u00e1g"}, {"from": "Temesv\u00e1r", "to": "Valencia", "country": "Spain", "heti j\u00e1ratsz\u00e1m": 1.1000000000000001, "al": "Wizz Air", "ap": "Valencia VLC", "hcountry": "Spanyolorsz\u00e1g"}, {"from": "Bukarest", "to": "Basel", "country": "Switzerland", "heti j\u00e1ratsz\u00e1m": 2.1000000000000001, "al": "Wizz Air", "ap": "Basel BSL", "hcountry": "Sv\u00e1jc"}, {"from": "Kolozsv\u00e1r", "to": "Basel", "country": "Switzerland", "heti j\u00e1ratsz\u00e1m": 1.8999999999999999, "al": "Wizz Air", "ap": "Basel BSL", "hcountry": "Sv\u00e1jc"}, {"from": "Kolozsv\u00e1r", "to": "J\u00e1szv\u00e1s\u00e1r", "country": "Romania", "heti j\u00e1ratsz\u00e1m": 2.8999999999999999, "al": "Blue Air", "ap": "J\u00e1szv\u00e1s\u00e1r IAS", "hcountry": "Rom\u00e1nia"}, {"from": "Bukarest", "to": "J\u00e1szv\u00e1s\u00e1r", "country": "Romania", "heti j\u00e1ratsz\u00e1m": 14.9, "al": "Tarom", "ap": "J\u00e1szv\u00e1s\u00e1r IAS", "hcountry": "Rom\u00e1nia"}, {"from": "Bukarest", "to": "J\u00e1szv\u00e1s\u00e1r", "country": "Romania", "heti j\u00e1ratsz\u00e1m": 8.8000000000000007, "al": "Blue Air", "ap": "J\u00e1szv\u00e1s\u00e1r IAS", "hcountry": "Rom\u00e1nia"}, {"from": "Temesv\u00e1r", "to": "J\u00e1szv\u00e1s\u00e1r", "country": "Romania", "heti j\u00e1ratsz\u00e1m": 2.8999999999999999, "al": "Blue Air", "ap": "J\u00e1szv\u00e1s\u00e1r IAS", "hcountry": "Rom\u00e1nia"}, {"from": "Bukarest", "to": "Pr\u00e1ga", "country": "Czechia", "heti j\u00e1ratsz\u00e1m": 3.1000000000000001, "al": "Czech Airlines", "ap": "Pr\u00e1ga PRG", "hcountry": "Csehorsz\u00e1g"}, {"from": "Bukarest", "to": "Pr\u00e1ga", "country": "Czechia", "heti j\u00e1ratsz\u00e1m": 3.0, "al": "Tarom", "ap": "Pr\u00e1ga PRG", "hcountry": "Csehorsz\u00e1g"}, {"from": "Kolozsv\u00e1r", "to": "Memmingen", "country": "Germany", "heti j\u00e1ratsz\u00e1m": 0.29999999999999999, "al": "Wizz Air", "ap": "Memmingen FMM", "hcountry": "N\u00e9metorsz\u00e1g"}, {"from": "Szeben", "to": "Memmingen", "country": "Germany", "heti j\u00e1ratsz\u00e1m": 2.0, "al": "Wizz Air", "ap": "Memmingen FMM", "hcountry": "N\u00e9metorsz\u00e1g"}, {"from": "Temesv\u00e1r", "to": "Memmingen", "country": "Germany", "heti j\u00e1ratsz\u00e1m": 2.0, "al": "Wizz Air", "ap": "Memmingen FMM", "hcountry": "N\u00e9metorsz\u00e1g"}, {"from": "Marosv\u00e1s\u00e1rhely", "to": "Memmingen", "country": "Germany", "heti j\u00e1ratsz\u00e1m": 2.0, "al": "Wizz Air", "ap": "Memmingen FMM", "hcountry": "N\u00e9metorsz\u00e1g"}, {"from": "B\u00e1k\u00f3", "to": "Bologna", "country": "Italy", "heti j\u00e1ratsz\u00e1m": 1.8999999999999999, "al": "Blue Air", "ap": "Bologna BLQ", "hcountry": "Olaszorsz\u00e1g"}, {"from": "Kolozsv\u00e1r", "to": "Bologna", "country": "Italy", "heti j\u00e1ratsz\u00e1m": 3.0, "al": "Wizz Air", "ap": "Bologna BLQ", "hcountry": "Olaszorsz\u00e1g"}, {"from": "Craiova", "to": "Bologna", "country": "Italy", "heti j\u00e1ratsz\u00e1m": 2.0, "al": "Wizz Air", "ap": "Bologna BLQ", "hcountry": "Olaszorsz\u00e1g"}, {"from": "Bukarest", "to": "Bologna", "country": "Italy", "heti j\u00e1ratsz\u00e1m": 2.8999999999999999, "al": "Blue Air", "ap": "Bologna BLQ", "hcountry": "Olaszorsz\u00e1g"}, {"from": "Bukarest", "to": "Bologna", "country": "Italy", "heti j\u00e1ratsz\u00e1m": 3.0, "al": "Ryanair", "ap": "Bologna BLQ", "hcountry": "Olaszorsz\u00e1g"}, {"from": "Bukarest", "to": "Bologna", "country": "Italy", "heti j\u00e1ratsz\u00e1m": 2.8999999999999999, "al": "Wizz Air", "ap": "Bologna BLQ", "hcountry": "Olaszorsz\u00e1g"}, {"from": "Temesv\u00e1r", "to": "Bologna", "country": "Italy", "heti j\u00e1ratsz\u00e1m": 2.0, "al": "Wizz Air", "ap": "Bologna BLQ", "hcountry": "Olaszorsz\u00e1g"}, {"from": "J\u00e1szv\u00e1s\u00e1r", "to": "Bologna", "country": "Italy", "heti j\u00e1ratsz\u00e1m": 1.6000000000000001, "al": "Tarom", "ap": "Bologna BLQ", "hcountry": "Olaszorsz\u00e1g"}, {"from": "J\u00e1szv\u00e1s\u00e1r", "to": "Bologna", "country": "Italy", "heti j\u00e1ratsz\u00e1m": 2.0, "al": "Wizz Air", "ap": "Bologna BLQ", "hcountry": "Olaszorsz\u00e1g"}, {"from": "Bukarest", "to": "Oslo", "country": "Norway", "heti j\u00e1ratsz\u00e1m": 2.1000000000000001, "al": "Wizz Air", "ap": "Oslo TRF", "hcountry": "Norv\u00e9gia"}, {"from": "Bukarest", "to": "Perugia", "country": "Italy", "heti j\u00e1ratsz\u00e1m": 2.0, "al": "Wizz Air", "ap": "Perugia PEG", "hcountry": "Olaszorsz\u00e1g"}, {"from": "B\u00e1k\u00f3", "to": "Mil\u00e1n\u00f3", "country": "Italy", "heti j\u00e1ratsz\u00e1m": 2.8999999999999999, "al": "Blue Air", "ap": "Mil\u00e1n\u00f3 BGY", "hcountry": "Olaszorsz\u00e1g"}, {"from": "Kolozsv\u00e1r", "to": "Mil\u00e1n\u00f3", "country": "Italy", "heti j\u00e1ratsz\u00e1m": 3.0, "al": "Wizz Air", "ap": "Mil\u00e1n\u00f3 BGY", "hcountry": "Olaszorsz\u00e1g"}, {"from": "Szeben", "to": "Mil\u00e1n\u00f3", "country": "Italy", "heti j\u00e1ratsz\u00e1m": 1.8999999999999999, "al": "Wizz Air", "ap": "Mil\u00e1n\u00f3 MXP", "hcountry": "Olaszorsz\u00e1g"}, {"from": "Craiova", "to": "Mil\u00e1n\u00f3", "country": "Italy", "heti j\u00e1ratsz\u00e1m": 2.8999999999999999, "al": "Wizz Air", "ap": "Mil\u00e1n\u00f3 BGY", "hcountry": "Olaszorsz\u00e1g"}, {"from": "Bukarest", "to": "Mil\u00e1n\u00f3", "country": "Italy", "heti j\u00e1ratsz\u00e1m": 5.2000000000000002, "al": "Ryanair", "ap": "Mil\u00e1n\u00f3 BGY", "hcountry": "Olaszorsz\u00e1g"}, {"from": "Bukarest", "to": "Mil\u00e1n\u00f3", "country": "Italy", "heti j\u00e1ratsz\u00e1m": 3.3999999999999999, "al": "Wizz Air", "ap": "Mil\u00e1n\u00f3 BGY", "hcountry": "Olaszorsz\u00e1g"}, {"from": "Bukarest", "to": "Mil\u00e1n\u00f3", "country": "Italy", "heti j\u00e1ratsz\u00e1m": 3.0, "al": "Blue Air", "ap": "Mil\u00e1n\u00f3 LIN", "hcountry": "Olaszorsz\u00e1g"}, {"from": "Bukarest", "to": "Mil\u00e1n\u00f3", "country": "Italy", "heti j\u00e1ratsz\u00e1m": 3.0, "al": "Meridiana", "ap": "Mil\u00e1n\u00f3 LIN", "hcountry": "Olaszorsz\u00e1g"}, {"from": "Bukarest", "to": "Mil\u00e1n\u00f3", "country": "Italy", "heti j\u00e1ratsz\u00e1m": 3.1000000000000001, "al": "Ryanair", "ap": "Mil\u00e1n\u00f3 MXP", "hcountry": "Olaszorsz\u00e1g"}, {"from": "Suceava", "to": "Mil\u00e1n\u00f3", "country": "Italy", "heti j\u00e1ratsz\u00e1m": 2.0, "al": "Wizz Air", "ap": "Mil\u00e1n\u00f3 BGY", "hcountry": "Olaszorsz\u00e1g"}, {"from": "Temesv\u00e1r", "to": "Mil\u00e1n\u00f3", "country": "Italy", "heti j\u00e1ratsz\u00e1m": 2.7999999999999998, "al": "Ryanair", "ap": "Mil\u00e1n\u00f3 BGY", "hcountry": "Olaszorsz\u00e1g"}, {"from": "Temesv\u00e1r", "to": "Mil\u00e1n\u00f3", "country": "Italy", "heti j\u00e1ratsz\u00e1m": 2.8999999999999999, "al": "Wizz Air", "ap": "Mil\u00e1n\u00f3 BGY", "hcountry": "Olaszorsz\u00e1g"}, {"from": "J\u00e1szv\u00e1s\u00e1r", "to": "Mil\u00e1n\u00f3", "country": "Italy", "heti j\u00e1ratsz\u00e1m": 2.1000000000000001, "al": "Wizz Air", "ap": "Mil\u00e1n\u00f3 BGY", "hcountry": "Olaszorsz\u00e1g"}, {"from": "B\u00e1k\u00f3", "to": "Dublin", "country": "Ireland", "heti j\u00e1ratsz\u00e1m": 2.0, "al": "Blue Air", "ap": "Dublin DUB", "hcountry": "\u00cdrorsz\u00e1g"}, {"from": "Kolozsv\u00e1r", "to": "Dublin", "country": "Ireland", "heti j\u00e1ratsz\u00e1m": 2.0, "al": "Blue Air", "ap": "Dublin DUB", "hcountry": "\u00cdrorsz\u00e1g"}, {"from": "Bukarest", "to": "Dublin", "country": "Ireland", "heti j\u00e1ratsz\u00e1m": 2.8999999999999999, "al": "Blue Air", "ap": "Dublin DUB", "hcountry": "\u00cdrorsz\u00e1g"}, {"from": "Bukarest", "to": "Dublin", "country": "Ireland", "heti j\u00e1ratsz\u00e1m": 3.0, "al": "Ryanair", "ap": "Dublin DUB", "hcountry": "\u00cdrorsz\u00e1g"}, {"from": "Bukarest", "to": "Catania", "country": "Italy", "heti j\u00e1ratsz\u00e1m": 2.7999999999999998, "al": "Blue Air", "ap": "Catania CTA", "hcountry": "Olaszorsz\u00e1g"}, {"from": "Bukarest", "to": "Catania", "country": "Italy", "heti j\u00e1ratsz\u00e1m": 3.0, "al": "Wizz Air", "ap": "Catania CTA", "hcountry": "Olaszorsz\u00e1g"}, {"from": "J\u00e1szv\u00e1s\u00e1r", "to": "Catania", "country": "Italy", "heti j\u00e1ratsz\u00e1m": 1.3, "al": "Wizz Air", "ap": "Catania CTA", "hcountry": "Olaszorsz\u00e1g"}, {"from": "Bukarest", "to": "Malm\u00f6", "country": "Sweden", "heti j\u00e1ratsz\u00e1m": 2.0, "al": "Wizz Air", "ap": "Malm\u00f6 MMX", "hcountry": "Sv\u00e9dorsz\u00e1g"}, {"from": "Kolozsv\u00e1r", "to": "Malm\u00f6", "country": "Sweden", "heti j\u00e1ratsz\u00e1m": 2.0, "al": "Wizz Air", "ap": "Malm\u00f6 MMX", "hcountry": "Sv\u00e9dorsz\u00e1g"}, {"from": "Kolozsv\u00e1r", "to": "Treviso", "country": "Italy", "heti j\u00e1ratsz\u00e1m": 2.0, "al": "Wizz Air", "ap": "Treviso TSF", "hcountry": "Olaszorsz\u00e1g"}, {"from": "Bukarest", "to": "Treviso", "country": "Italy", "heti j\u00e1ratsz\u00e1m": 2.8999999999999999, "al": "Wizz Air", "ap": "Treviso TSF", "hcountry": "Olaszorsz\u00e1g"}, {"from": "Temesv\u00e1r", "to": "Treviso", "country": "Italy", "heti j\u00e1ratsz\u00e1m": 2.0, "al": "Wizz Air", "ap": "Treviso TSF", "hcountry": "Olaszorsz\u00e1g"}, {"from": "J\u00e1szv\u00e1s\u00e1r", "to": "Treviso", "country": "Italy", "heti j\u00e1ratsz\u00e1m": 2.0, "al": "Wizz Air", "ap": "Treviso TSF", "hcountry": "Olaszorsz\u00e1g"}, {"from": "B\u00e1k\u00f3", "to": "R\u00f3ma", "country": "Italy", "heti j\u00e1ratsz\u00e1m": 2.8999999999999999, "al": "Blue Air", "ap": "R\u00f3ma FCO", "hcountry": "Olaszorsz\u00e1g"}, {"from": "Kolozsv\u00e1r", "to": "R\u00f3ma", "country": "Italy", "heti j\u00e1ratsz\u00e1m": 1.2, "al": "Wizz Air", "ap": "R\u00f3ma CIA", "hcountry": "Olaszorsz\u00e1g"}, {"from": "Craiova", "to": "R\u00f3ma", "country": "Italy", "heti j\u00e1ratsz\u00e1m": 1.8999999999999999, "al": "Wizz Air", "ap": "R\u00f3ma CIA", "hcountry": "Olaszorsz\u00e1g"}, {"from": "Bukarest", "to": "R\u00f3ma", "country": "Italy", "heti j\u00e1ratsz\u00e1m": 6.0, "al": "Ryanair", "ap": "R\u00f3ma CIA", "hcountry": "Olaszorsz\u00e1g"}, {"from": "Bukarest", "to": "R\u00f3ma", "country": "Italy", "heti j\u00e1ratsz\u00e1m": 5.9000000000000004, "al": "Wizz Air", "ap": "R\u00f3ma CIA", "hcountry": "Olaszorsz\u00e1g"}, {"from": "Bukarest", "to": "R\u00f3ma", "country": "Italy", "heti j\u00e1ratsz\u00e1m": 6.0, "al": "Blue Air", "ap": "R\u00f3ma FCO", "hcountry": "Olaszorsz\u00e1g"}, {"from": "Bukarest", "to": "R\u00f3ma", "country": "Italy", "heti j\u00e1ratsz\u00e1m": 2.7999999999999998, "al": "Tarom", "ap": "R\u00f3ma FCO", "hcountry": "Olaszorsz\u00e1g"}, {"from": "Bukarest", "to": "R\u00f3ma", "country": "Italy", "heti j\u00e1ratsz\u00e1m": 5.0, "al": "Alitalia", "ap": "R\u00f3ma FCO", "hcountry": "Olaszorsz\u00e1g"}, {"from": "Temesv\u00e1r", "to": "R\u00f3ma", "country": "Italy", "heti j\u00e1ratsz\u00e1m": 2.0, "al": "Wizz Air", "ap": "R\u00f3ma CIA", "hcountry": "Olaszorsz\u00e1g"}, {"from": "J\u00e1szv\u00e1s\u00e1r", "to": "R\u00f3ma", "country": "Italy", "heti j\u00e1ratsz\u00e1m": 2.0, "al": "Wizz Air", "ap": "R\u00f3ma CIA", "hcountry": "Olaszorsz\u00e1g"}, {"from": "J\u00e1szv\u00e1s\u00e1r", "to": "R\u00f3ma", "country": "Italy", "heti j\u00e1ratsz\u00e1m": 2.8999999999999999, "al": "Blue Air", "ap": "R\u00f3ma FCO", "hcountry": "Olaszorsz\u00e1g"}, {"from": "J\u00e1szv\u00e1s\u00e1r", "to": "R\u00f3ma", "country": "Italy", "heti j\u00e1ratsz\u00e1m": 1.3999999999999999, "al": "Tarom", "ap": "R\u00f3ma FCO", "hcountry": "Olaszorsz\u00e1g"}, {"from": "Marosv\u00e1s\u00e1rhely", "to": "R\u00f3ma", "country": "Italy", "heti j\u00e1ratsz\u00e1m": 2.0, "al": "Wizz Air", "ap": "R\u00f3ma CIA", "hcountry": "Olaszorsz\u00e1g"}, {"from": "Bukarest", "to": "Stockholm", "country": "Sweden", "heti j\u00e1ratsz\u00e1m": 2.0, "al": "Wizz Air", "ap": "Stockholm NYO", "hcountry": "Sv\u00e9dorsz\u00e1g"}, {"from": "Bukarest", "to": "Stockholm", "country": "Sweden", "heti j\u00e1ratsz\u00e1m": 2.0, "al": "Blue Air", "ap": "Stockholm ARN", "hcountry": "Sv\u00e9dorsz\u00e1g"}, {"from": "Bukarest", "to": "Stockholm", "country": "Sweden", "heti j\u00e1ratsz\u00e1m": 2.2000000000000002, "al": "Tarom", "ap": "Stockholm ARN", "hcountry": "Sv\u00e9dorsz\u00e1g"}, {"from": "Kolozsv\u00e1r", "to": "Isztambul", "country": "Turkey", "heti j\u00e1ratsz\u00e1m": 3.7999999999999998, "al": "Turkish Airlines", "ap": "Isztambul IST", "hcountry": "T\u00f6r\u00f6korsz\u00e1g"}, {"from": "Konstanca", "to": "Isztambul", "country": "Turkey", "heti j\u00e1ratsz\u00e1m": 1.0, "al": "Turkish Airlines", "ap": "Isztambul IST", "hcountry": "T\u00f6r\u00f6korsz\u00e1g"}, {"from": "Bukarest", "to": "Isztambul", "country": "Turkey", "heti j\u00e1ratsz\u00e1m": 3.0, "al": "Pegasus Airlines", "ap": "Isztambul SAW", "hcountry": "T\u00f6r\u00f6korsz\u00e1g"}, {"from": "Bukarest", "to": "Isztambul", "country": "Turkey", "heti j\u00e1ratsz\u00e1m": 6.0, "al": "Tarom", "ap": "Isztambul IST", "hcountry": "T\u00f6r\u00f6korsz\u00e1g"}, {"from": "Bukarest", "to": "Isztambul", "country": "Turkey", "heti j\u00e1ratsz\u00e1m": 8.9000000000000004, "al": "Turkish Airlines", "ap": "Isztambul IST", "hcountry": "T\u00f6r\u00f6korsz\u00e1g"}, {"from": "Bukarest", "to": "Nizza", "country": "France", "heti j\u00e1ratsz\u00e1m": 2.0, "al": "Blue Air", "ap": "Nizza NCE", "hcountry": "Franciaorsz\u00e1g"}, {"from": "Bukarest", "to": "Nagyv\u00e1rad", "country": "Romania", "heti j\u00e1ratsz\u00e1m": 2.8999999999999999, "al": "Blue Air", "ap": "Nagyv\u00e1rad OMR", "hcountry": "Rom\u00e1nia"}, {"from": "Bukarest", "to": "Nagyv\u00e1rad", "country": "Romania", "heti j\u00e1ratsz\u00e1m": 6.7999999999999998, "al": "Tarom", "ap": "Nagyv\u00e1rad OMR", "hcountry": "Rom\u00e1nia"}, {"from": "Bukarest", "to": "Sz\u00f3fia", "country": "Bulgaria", "heti j\u00e1ratsz\u00e1m": 7.7999999999999998, "al": "Tarom", "ap": "Sz\u00f3fia SOF", "hcountry": "Bulg\u00e1ria"}, {"from": "Bukarest", "to": "Doncaster", "country": "United Kingdom", "heti j\u00e1ratsz\u00e1m": 2.0, "al": "Wizz Air", "ap": "Doncaster DSA", "hcountry": "Egyes\u00fclt Kir\u00e1lys\u00e1g"}, {"from": "Kolozsv\u00e1r", "to": "Doncaster", "country": "United Kingdom", "heti j\u00e1ratsz\u00e1m": 2.0, "al": "Wizz Air", "ap": "Doncaster DSA", "hcountry": "Egyes\u00fclt Kir\u00e1lys\u00e1g"}, {"from": "B\u00e1k\u00f3", "to": "Torin\u00f3", "country": "Italy", "heti j\u00e1ratsz\u00e1m": 2.8999999999999999, "al": "Blue Air", "ap": "Torin\u00f3 TRN", "hcountry": "Olaszorsz\u00e1g"}, {"from": "Bukarest", "to": "Torin\u00f3", "country": "Italy", "heti j\u00e1ratsz\u00e1m": 2.0, "al": "Blue Air", "ap": "Torin\u00f3 TRN", "hcountry": "Olaszorsz\u00e1g"}, {"from": "Bukarest", "to": "Torin\u00f3", "country": "Italy", "heti j\u00e1ratsz\u00e1m": 2.0, "al": "Wizz Air", "ap": "Torin\u00f3 TRN", "hcountry": "Olaszorsz\u00e1g"}, {"from": "Bukarest", "to": "Torin\u00f3", "country": "Italy", "heti j\u00e1ratsz\u00e1m": 2.0, "al": "Meridiana", "ap": "Torin\u00f3 TRN", "hcountry": "Olaszorsz\u00e1g"}, {"from": "J\u00e1szv\u00e1s\u00e1r", "to": "Torin\u00f3", "country": "Italy", "heti j\u00e1ratsz\u00e1m": 2.7000000000000002, "al": "Tarom", "ap": "Torin\u00f3 TRN", "hcountry": "Olaszorsz\u00e1g"}, {"from": "Bukarest", "to": "Castellon de la Plana", "country": "Spain", "heti j\u00e1ratsz\u00e1m": 2.0, "al": "Blue Air", "ap": "Castellon de la Plana CDT", "hcountry": "Spanyolorsz\u00e1g"}, {"from": "Bukarest", "to": "Hannover", "country": "Germany", "heti j\u00e1ratsz\u00e1m": 1.8, "al": "Wizz Air", "ap": "Hannover HAJ", "hcountry": "N\u00e9metorsz\u00e1g"}, {"from": "Marosv\u00e1s\u00e1rhely", "to": "Karlsruhe", "country": "Germany", "heti j\u00e1ratsz\u00e1m": 2.0, "al": "Wizz Air", "ap": "Karlsruhe FKB", "hcountry": "N\u00e9metorsz\u00e1g"}, {"from": "B\u00e1k\u00f3", "to": "Br\u00fcsszel", "country": "Belgium", "heti j\u00e1ratsz\u00e1m": 1.8999999999999999, "al": "Blue Air", "ap": "Br\u00fcsszel BRU", "hcountry": "Belgium"}, {"from": "Kolozsv\u00e1r", "to": "Br\u00fcsszel", "country": "Belgium", "heti j\u00e1ratsz\u00e1m": 2.2000000000000002, "al": "Wizz Air", "ap": "Br\u00fcsszel CRL", "hcountry": "Belgium"}, {"from": "Bukarest", "to": "Br\u00fcsszel", "country": "Belgium", "heti j\u00e1ratsz\u00e1m": 3.0, "al": "Blue Air", "ap": "Br\u00fcsszel BRU", "hcountry": "Belgium"}, {"from": "Bukarest", "to": "Br\u00fcsszel", "country": "Belgium", "heti j\u00e1ratsz\u00e1m": 5.5999999999999996, "al": "Tarom", "ap": "Br\u00fcsszel BRU", "hcountry": "Belgium"}, {"from": "Bukarest", "to": "Br\u00fcsszel", "country": "Belgium", "heti j\u00e1ratsz\u00e1m": 5.0, "al": "Ryanair", "ap": "Br\u00fcsszel CRL", "hcountry": "Belgium"}, {"from": "Bukarest", "to": "Br\u00fcsszel", "country": "Belgium", "heti j\u00e1ratsz\u00e1m": 2.7999999999999998, "al": "Wizz Air", "ap": "Br\u00fcsszel CRL", "hcountry": "Belgium"}, {"from": "Temesv\u00e1r", "to": "Br\u00fcsszel", "country": "Belgium", "heti j\u00e1ratsz\u00e1m": 2.8999999999999999, "al": "Ryanair", "ap": "Br\u00fcsszel CRL", "hcountry": "Belgium"}, {"from": "Temesv\u00e1r", "to": "Br\u00fcsszel", "country": "Belgium", "heti j\u00e1ratsz\u00e1m": 2.0, "al": "Wizz Air", "ap": "Br\u00fcsszel CRL", "hcountry": "Belgium"}, {"from": "J\u00e1szv\u00e1s\u00e1r", "to": "Br\u00fcsszel", "country": "Belgium", "heti j\u00e1ratsz\u00e1m": 2.0, "al": "Blue Air", "ap": "Br\u00fcsszel BRU", "hcountry": "Belgium"}, {"from": "Kolozsv\u00e1r", "to": "Barcelona", "country": "Spain", "heti j\u00e1ratsz\u00e1m": 3.0, "al": "Wizz Air", "ap": "Barcelona BCN", "hcountry": "Spanyolorsz\u00e1g"}, {"from": "Craiova", "to": "Barcelona", "country": "Spain", "heti j\u00e1ratsz\u00e1m": 1.0, "al": "Wizz Air", "ap": "Barcelona BCN", "hcountry": "Spanyolorsz\u00e1g"}, {"from": "Bukarest", "to": "Barcelona", "country": "Spain", "heti j\u00e1ratsz\u00e1m": 3.0, "al": "Tarom", "ap": "Barcelona BCN", "hcountry": "Spanyolorsz\u00e1g"}, {"from": "Bukarest", "to": "Barcelona", "country": "Spain", "heti j\u00e1ratsz\u00e1m": 3.0, "al": "Blue Air", "ap": "Barcelona BCN", "hcountry": "Spanyolorsz\u00e1g"}, {"from": "Bukarest", "to": "Barcelona", "country": "Spain", "heti j\u00e1ratsz\u00e1m": 0.29999999999999999, "al": "Vueling", "ap": "Barcelona BCN", "hcountry": "Spanyolorsz\u00e1g"}, {"from": "Bukarest", "to": "Barcelona", "country": "Spain", "heti j\u00e1ratsz\u00e1m": 2.8999999999999999, "al": "Wizz Air", "ap": "Barcelona BCN", "hcountry": "Spanyolorsz\u00e1g"}, {"from": "Temesv\u00e1r", "to": "Barcelona", "country": "Spain", "heti j\u00e1ratsz\u00e1m": 2.0, "al": "Wizz Air", "ap": "Barcelona BCN", "hcountry": "Spanyolorsz\u00e1g"}, {"from": "J\u00e1szv\u00e1s\u00e1r", "to": "Barcelona", "country": "Spain", "heti j\u00e1ratsz\u00e1m": 1.8999999999999999, "al": "Blue Air", "ap": "Barcelona BCN", "hcountry": "Spanyolorsz\u00e1g"}, {"from": "Kolozsv\u00e1r", "to": "Bukarest", "country": "Romania", "heti j\u00e1ratsz\u00e1m": 17.399999999999999, "al": "Tarom", "ap": "Bukarest OTP", "hcountry": "Rom\u00e1nia"}, {"from": "Kolozsv\u00e1r", "to": "Bukarest", "country": "Romania", "heti j\u00e1ratsz\u00e1m": 5.7999999999999998, "al": "Blue Air", "ap": "Bukarest OTP", "hcountry": "Rom\u00e1nia"}, {"from": "Kolozsv\u00e1r", "to": "Bukarest", "country": "Romania", "heti j\u00e1ratsz\u00e1m": 5.9000000000000004, "al": "Wizz Air", "ap": "Bukarest OTP", "hcountry": "Rom\u00e1nia"}, {"from": "Szeben", "to": "Bukarest", "country": "Romania", "heti j\u00e1ratsz\u00e1m": 2.3999999999999999, "al": "Tarom", "ap": "Bukarest OTP", "hcountry": "Rom\u00e1nia"}, {"from": "Szatm\u00e1rn\u00e9meti", "to": "Bukarest", "country": "Romania", "heti j\u00e1ratsz\u00e1m": 5.0, "al": "Tarom", "ap": "Bukarest OTP", "hcountry": "Rom\u00e1nia"}, {"from": "Nagyv\u00e1rad", "to": "Bukarest", "country": "Romania", "heti j\u00e1ratsz\u00e1m": 6.7999999999999998, "al": "Tarom", "ap": "Bukarest OTP", "hcountry": "Rom\u00e1nia"}, {"from": "Nagyv\u00e1rad", "to": "Bukarest", "country": "Romania", "heti j\u00e1ratsz\u00e1m": 2.8999999999999999, "al": "Blue Air", "ap": "Bukarest OTP", "hcountry": "Rom\u00e1nia"}, {"from": "Suceava", "to": "Bukarest", "country": "Romania", "heti j\u00e1ratsz\u00e1m": 2.8999999999999999, "al": "Tarom", "ap": "Bukarest OTP", "hcountry": "Rom\u00e1nia"}, {"from": "Temesv\u00e1r", "to": "Bukarest", "country": "Romania", "heti j\u00e1ratsz\u00e1m": 14.199999999999999, "al": "Tarom", "ap": "Bukarest OTP", "hcountry": "Rom\u00e1nia"}, {"from": "Temesv\u00e1r", "to": "Bukarest", "country": "Romania", "heti j\u00e1ratsz\u00e1m": 6.0, "al": "Ryanair", "ap": "Bukarest OTP", "hcountry": "Rom\u00e1nia"}, {"from": "J\u00e1szv\u00e1s\u00e1r", "to": "Bukarest", "country": "Romania", "heti j\u00e1ratsz\u00e1m": 14.9, "al": "Tarom", "ap": "Bukarest OTP", "hcountry": "Rom\u00e1nia"}, {"from": "J\u00e1szv\u00e1s\u00e1r", "to": "Bukarest", "country": "Romania", "heti j\u00e1ratsz\u00e1m": 8.8000000000000007, "al": "Blue Air", "ap": "Bukarest OTP", "hcountry": "Rom\u00e1nia"}, {"from": "Bukarest", "to": "Vars\u00f3", "country": "Poland", "heti j\u00e1ratsz\u00e1m": 8.9000000000000004, "al": "LOT", "ap": "Vars\u00f3 WAW", "hcountry": "Lengyelorsz\u00e1g"}, {"from": "Kolozsv\u00e1r", "to": "Vars\u00f3", "country": "Poland", "heti j\u00e1ratsz\u00e1m": 4.7999999999999998, "al": "LOT", "ap": "Vars\u00f3 WAW", "hcountry": "Lengyelorsz\u00e1g"}, {"from": "Kolozsv\u00e1r", "to": "Berlin", "country": "Germany", "heti j\u00e1ratsz\u00e1m": 2.0, "al": "Wizz Air", "ap": "Berlin SXF", "hcountry": "N\u00e9metorsz\u00e1g"}, {"from": "Bukarest", "to": "Berlin", "country": "Germany", "heti j\u00e1ratsz\u00e1m": 4.9000000000000004, "al": "Air Berlin", "ap": "Berlin TXL", "hcountry": "N\u00e9metorsz\u00e1g"}, {"from": "Bukarest", "to": "Berlin", "country": "Germany", "heti j\u00e1ratsz\u00e1m": 6.0, "al": "Ryanair", "ap": "Berlin SXF", "hcountry": "N\u00e9metorsz\u00e1g"}, {"from": "Temesv\u00e1r", "to": "Berlin", "country": "Germany", "heti j\u00e1ratsz\u00e1m": 2.1000000000000001, "al": "Ryanair", "ap": "Berlin SXF", "hcountry": "N\u00e9metorsz\u00e1g"}, {"from": "Bukarest", "to": "Luqa", "country": "Malta", "heti j\u00e1ratsz\u00e1m": 1.1000000000000001, "al": "Wizz Air", "ap": "Luqa MLA", "hcountry": "M\u00e1lta"}, {"from": "Bukarest", "to": "Glasgow", "country": "United Kingdom", "heti j\u00e1ratsz\u00e1m": 1.8, "al": "Blue Air", "ap": "Glasgow GLA", "hcountry": "Egyes\u00fclt Kir\u00e1lys\u00e1g"}, {"from": "Bukarest", "to": "Glasgow", "country": "United Kingdom", "heti j\u00e1ratsz\u00e1m": 2.0, "al": "Wizz Air", "ap": "Glasgow GLA", "hcountry": "Egyes\u00fclt Kir\u00e1lys\u00e1g"}, {"from": "Bukarest", "to": "Firenze", "country": "Italy", "heti j\u00e1ratsz\u00e1m": 3.0, "al": "Blue Air", "ap": "Firenze FLR", "hcountry": "Olaszorsz\u00e1g"}, {"from": "Bukarest", "to": "N\u00e1poly", "country": "Italy", "heti j\u00e1ratsz\u00e1m": 2.0, "al": "Blue Air", "ap": "N\u00e1poly NAP", "hcountry": "Olaszorsz\u00e1g"}, {"from": "Bukarest", "to": "N\u00e1poly", "country": "Italy", "heti j\u00e1ratsz\u00e1m": 2.0, "al": "Wizz Air", "ap": "N\u00e1poly NAP", "hcountry": "Olaszorsz\u00e1g"}, {"from": "Kolozsv\u00e1r", "to": "K\u00f6ln", "country": "Germany", "heti j\u00e1ratsz\u00e1m": 2.0, "al": "Wizz Air", "ap": "K\u00f6ln CGN", "hcountry": "N\u00e9metorsz\u00e1g"}, {"from": "Bukarest", "to": "K\u00f6ln", "country": "Germany", "heti j\u00e1ratsz\u00e1m": 2.8999999999999999, "al": "Blue Air", "ap": "K\u00f6ln CGN", "hcountry": "N\u00e9metorsz\u00e1g"}, {"from": "J\u00e1szv\u00e1s\u00e1r", "to": "K\u00f6ln", "country": "Germany", "heti j\u00e1ratsz\u00e1m": 2.0, "al": "Blue Air", "ap": "K\u00f6ln CGN", "hcountry": "N\u00e9metorsz\u00e1g"}, {"from": "Bukarest", "to": "Ath\u00e9n", "country": "Greece", "heti j\u00e1ratsz\u00e1m": 3.0, "al": "Tarom", "ap": "Ath\u00e9n ATH", "hcountry": "G\u00f6r\u00f6gorsz\u00e1g"}, {"from": "Bukarest", "to": "Ath\u00e9n", "country": "Greece", "heti j\u00e1ratsz\u00e1m": 3.0, "al": "Ryanair", "ap": "Ath\u00e9n ATH", "hcountry": "G\u00f6r\u00f6gorsz\u00e1g"}, {"from": "Bukarest", "to": "Ath\u00e9n", "country": "Greece", "heti j\u00e1ratsz\u00e1m": 5.2000000000000002, "al": "Aegean Airlines", "ap": "Ath\u00e9n ATH", "hcountry": "G\u00f6r\u00f6gorsz\u00e1g"}, {"from": "Bukarest", "to": "Nagyszeben", "country": "Romania", "heti j\u00e1ratsz\u00e1m": 2.3999999999999999, "al": "Tarom", "ap": "Nagyszeben SBZ", "hcountry": "Rom\u00e1nia"}, {"from": "Bukarest", "to": "Hamburg", "country": "Germany", "heti j\u00e1ratsz\u00e1m": 3.0, "al": "Tarom", "ap": "Hamburg HAM", "hcountry": "N\u00e9metorsz\u00e1g"}, {"from": "Bukarest", "to": "Hamburg", "country": "Germany", "heti j\u00e1ratsz\u00e1m": 1.7, "al": "Blue Air", "ap": "Hamburg HAM", "hcountry": "N\u00e9metorsz\u00e1g"}, {"from": "Bukarest", "to": "Bristol", "country": "United Kingdom", "heti j\u00e1ratsz\u00e1m": 1.1000000000000001, "al": "Ryanair", "ap": "Bristol BRS", "hcountry": "Egyes\u00fclt Kir\u00e1lys\u00e1g"}, {"from": "Bukarest", "to": "Kijev", "country": "Ukraine", "heti j\u00e1ratsz\u00e1m": 3.0, "al": "Dniproavia", "ap": "Kijev KBP", "hcountry": "Ukrajna"}, {"from": "Bukarest", "to": "Lisszabon", "country": "Portugal", "heti j\u00e1ratsz\u00e1m": 1.8999999999999999, "al": "Blue Air", "ap": "Lisszabon LIS", "hcountry": "Portug\u00e1lia"}, {"from": "Bukarest", "to": "Lisszabon", "country": "Portugal", "heti j\u00e1ratsz\u00e1m": 2.0, "al": "Wizz Air", "ap": "Lisszabon LIS", "hcountry": "Portug\u00e1lia"}, {"from": "Bukarest", "to": "Larnaca", "country": "Cyprus", "heti j\u00e1ratsz\u00e1m": 3.0, "al": "Blue Air", "ap": "Larnaca LCA", "hcountry": "Ciprus"}, {"from": "Bukarest", "to": "Larnaca", "country": "Cyprus", "heti j\u00e1ratsz\u00e1m": 2.6000000000000001, "al": "Tarom", "ap": "Larnaca LCA", "hcountry": "Ciprus"}, {"from": "Bukarest", "to": "Larnaca", "country": "Cyprus", "heti j\u00e1ratsz\u00e1m": 1.8999999999999999, "al": "Wizz Air", "ap": "Larnaca LCA", "hcountry": "Ciprus"}, {"from": "J\u00e1szv\u00e1s\u00e1r", "to": "Larnaca", "country": "Cyprus", "heti j\u00e1ratsz\u00e1m": 1.1000000000000001, "al": "Wizz Air", "ap": "Larnaca LCA", "hcountry": "Ciprus"}, {"from": "Bukarest", "to": "Szatm\u00e1r", "country": "Romania", "heti j\u00e1ratsz\u00e1m": 5.0, "al": "Tarom", "ap": "Szatm\u00e1r SUJ", "hcountry": "Rom\u00e1nia"}, {"from": "Kolozsv\u00e1r", "to": "Tel Aviv", "country": "Israel", "heti j\u00e1ratsz\u00e1m": 2.0, "al": "Wizz Air", "ap": "Tel Aviv TLV", "hcountry": "Izrael"}, {"from": "Bukarest", "to": "Tel Aviv", "country": "Israel", "heti j\u00e1ratsz\u00e1m": 2.8999999999999999, "al": "Wizz Air", "ap": "Tel Aviv TLV", "hcountry": "Izrael"}, {"from": "Bukarest", "to": "Tel Aviv", "country": "Israel", "heti j\u00e1ratsz\u00e1m": 6.0, "al": "El Al", "ap": "Tel Aviv TLV", "hcountry": "Izrael"}, {"from": "Bukarest", "to": "Tel Aviv", "country": "Israel", "heti j\u00e1ratsz\u00e1m": 7.2000000000000002, "al": "Tarom", "ap": "Tel Aviv TLV", "hcountry": "Izrael"}, {"from": "Bukarest", "to": "Tel Aviv", "country": "Israel", "heti j\u00e1ratsz\u00e1m": 2.3999999999999999, "al": "Blue Air", "ap": "Tel Aviv TLV", "hcountry": "Izrael"}, {"from": "Bukarest", "to": "Tel Aviv", "country": "Israel", "heti j\u00e1ratsz\u00e1m": 7.9000000000000004, "al": "Israir Airlines", "ap": "Tel Aviv TLV", "hcountry": "Izrael"}, {"from": "Bukarest", "to": "Tel Aviv", "country": "Israel", "heti j\u00e1ratsz\u00e1m": 0.59999999999999998, "al": "Arkia Israeli Airlines", "ap": "Tel Aviv TLV", "hcountry": "Izrael"}, {"from": "J\u00e1szv\u00e1s\u00e1r", "to": "Tel Aviv", "country": "Israel", "heti j\u00e1ratsz\u00e1m": 1.5, "al": "Tarom", "ap": "Tel Aviv TLV", "hcountry": "Izrael"}, {"from": "J\u00e1szv\u00e1s\u00e1r", "to": "Tel Aviv", "country": "Israel", "heti j\u00e1ratsz\u00e1m": 1.8999999999999999, "al": "Wizz Air", "ap": "Tel Aviv TLV", "hcountry": "Izrael"}, {"from": "Kolozsv\u00e1r", "to": "Dortmund", "country": "Germany", "heti j\u00e1ratsz\u00e1m": 1.2, "al": "Wizz Air", "ap": "Dortmund DTM", "hcountry": "N\u00e9metorsz\u00e1g"}, {"from": "Szeben", "to": "Dortmund", "country": "Germany", "heti j\u00e1ratsz\u00e1m": 2.1000000000000001, "al": "Wizz Air", "ap": "Dortmund DTM", "hcountry": "N\u00e9metorsz\u00e1g"}, {"from": "Bukarest", "to": "Dortmund", "country": "Germany", "heti j\u00e1ratsz\u00e1m": 3.0, "al": "Wizz Air", "ap": "Dortmund DTM", "hcountry": "N\u00e9metorsz\u00e1g"}, {"from": "Temesv\u00e1r", "to": "Dortmund", "country": "Germany", "heti j\u00e1ratsz\u00e1m": 2.0, "al": "Wizz Air", "ap": "Dortmund DTM", "hcountry": "N\u00e9metorsz\u00e1g"}, {"from": "Marosv\u00e1s\u00e1rhely", "to": "Dortmund", "country": "Germany", "heti j\u00e1ratsz\u00e1m": 2.0, "al": "Wizz Air", "ap": "Dortmund DTM", "hcountry": "N\u00e9metorsz\u00e1g"}, {"from": "Bukarest", "to": "Amszterdam", "country": "Netherlands", "heti j\u00e1ratsz\u00e1m": 6.0, "al": "Tarom", "ap": "Amszterdam AMS", "hcountry": "Hollandia"}, {"from": "Bukarest", "to": "Amszterdam", "country": "Netherlands", "heti j\u00e1ratsz\u00e1m": 6.0, "al": "KLM", "ap": "Amszterdam AMS", "hcountry": "Hollandia"}, {"from": "Bukarest", "to": "Dusseldorf", "country": "Germany", "heti j\u00e1ratsz\u00e1m": 2.8999999999999999, "al": "Germanwings", "ap": "Dusseldorf DUS", "hcountry": "N\u00e9metorsz\u00e1g"}, {"from": "Bukarest", "to": "Dusseldorf", "country": "Germany", "heti j\u00e1ratsz\u00e1m": 1.0, "al": "Eurowings", "ap": "Dusseldorf DUS", "hcountry": "N\u00e9metorsz\u00e1g"}, {"from": "Bukarest", "to": "Pune", "country": "India", "heti j\u00e1ratsz\u00e1m": 0.80000000000000004, "al": "Lufthansa", "ap": "Pune PNQ", "hcountry": "India"}, {"from": "Bukarest", "to": "Pescara", "country": "Italy", "heti j\u00e1ratsz\u00e1m": 1.8999999999999999, "al": "Wizz Air", "ap": "Pescara PSR", "hcountry": "Olaszorsz\u00e1g"}, {"from": "Bukarest", "to": "Verona", "country": "Italy", "heti j\u00e1ratsz\u00e1m": 2.0, "al": "Wizz Air", "ap": "Verona VRN", "hcountry": "Olaszorsz\u00e1g"}, {"from": "Kolozsv\u00e1r", "to": "Eindhoven", "country": "Netherlands", "heti j\u00e1ratsz\u00e1m": 2.0, "al": "Wizz Air", "ap": "Eindhoven EIN", "hcountry": "Hollandia"}, {"from": "Bukarest", "to": "Eindhoven", "country": "Netherlands", "heti j\u00e1ratsz\u00e1m": 2.0, "al": "Wizz Air", "ap": "Eindhoven EIN", "hcountry": "Hollandia"}, {"from": "Temesv\u00e1r", "to": "Eindhoven", "country": "Netherlands", "heti j\u00e1ratsz\u00e1m": 2.0, "al": "Wizz Air", "ap": "Eindhoven EIN", "hcountry": "Hollandia"}, {"from": "Szeben", "to": "Stuttgart", "country": "Germany", "heti j\u00e1ratsz\u00e1m": 2.7999999999999998, "al": "Blue Air", "ap": "Stuttgart STR", "hcountry": "N\u00e9metorsz\u00e1g"}, {"from": "Bukarest", "to": "Stuttgart", "country": "Germany", "heti j\u00e1ratsz\u00e1m": 3.0, "al": "Blue Air", "ap": "Stuttgart STR", "hcountry": "N\u00e9metorsz\u00e1g"}, {"from": "Bukarest", "to": "Malaga", "country": "Spain", "heti j\u00e1ratsz\u00e1m": 2.7999999999999998, "al": "Blue Air", "ap": "Malaga AGP", "hcountry": "Spanyolorsz\u00e1g"}, {"from": "Bukarest", "to": "Malaga", "country": "Spain", "heti j\u00e1ratsz\u00e1m": 1.0, "al": "Wizz Air", "ap": "Malaga AGP", "hcountry": "Spanyolorsz\u00e1g"}, {"from": "Kolozsv\u00e1r", "to": "Malaga", "country": "Spain", "heti j\u00e1ratsz\u00e1m": 1.1000000000000001, "al": "Wizz Air", "ap": "Malaga AGP", "hcountry": "Spanyolorsz\u00e1g"}, {"from": "Bukarest", "to": "Dubaj", "country": "United Arab Emirates", "heti j\u00e1ratsz\u00e1m": 2.8999999999999999, "al": "Wizz Air", "ap": "Dubaj DWC", "hcountry": "Egyes\u00fclt Arab Em\u00edrs\u00e9gek"}, {"from": "Bukarest", "to": "Dubaj", "country": "United Arab Emirates", "heti j\u00e1ratsz\u00e1m": 3.3999999999999999, "al": "FlyDubai", "ap": "Dubaj DXB", "hcountry": "Egyes\u00fclt Arab Em\u00edrs\u00e9gek"}, {"from": "Kolozsv\u00e1r", "to": "Dubaj", "country": "United Arab Emirates", "heti j\u00e1ratsz\u00e1m": 1.1000000000000001, "al": "Wizz Air", "ap": "Dubaj DWC", "hcountry": "Egyes\u00fclt Arab Em\u00edrs\u00e9gek"}, {"from": "B\u00e1k\u00f3", "to": "London", "country": "United Kingdom", "heti j\u00e1ratsz\u00e1m": 2.7999999999999998, "al": "Blue Air", "ap": "London LTN", "hcountry": "Egyes\u00fclt Kir\u00e1lys\u00e1g"}, {"from": "Kolozsv\u00e1r", "to": "London", "country": "United Kingdom", "heti j\u00e1ratsz\u00e1m": 6.2000000000000002, "al": "Wizz Air", "ap": "London LTN", "hcountry": "Egyes\u00fclt Kir\u00e1lys\u00e1g"}, {"from": "Szeben", "to": "London", "country": "United Kingdom", "heti j\u00e1ratsz\u00e1m": 2.7999999999999998, "al": "Wizz Air", "ap": "London LTN", "hcountry": "Egyes\u00fclt Kir\u00e1lys\u00e1g"}, {"from": "Szatm\u00e1rn\u00e9meti", "to": "London", "country": "United Kingdom", "heti j\u00e1ratsz\u00e1m": 2.0, "al": "Wizz Air", "ap": "London LTN", "hcountry": "Egyes\u00fclt Kir\u00e1lys\u00e1g"}, {"from": "Konstanca", "to": "London", "country": "United Kingdom", "heti j\u00e1ratsz\u00e1m": 1.8999999999999999, "al": "Wizz Air", "ap": "London LTN", "hcountry": "Egyes\u00fclt Kir\u00e1lys\u00e1g"}, {"from": "Craiova", "to": "London", "country": "United Kingdom", "heti j\u00e1ratsz\u00e1m": 2.7999999999999998, "al": "Wizz Air", "ap": "London LTN", "hcountry": "Egyes\u00fclt Kir\u00e1lys\u00e1g"}, {"from": "Bukarest", "to": "London", "country": "United Kingdom", "heti j\u00e1ratsz\u00e1m": 6.2000000000000002, "al": "Ryanair", "ap": "London STN", "hcountry": "Egyes\u00fclt Kir\u00e1lys\u00e1g"}, {"from": "Bukarest", "to": "London", "country": "United Kingdom", "heti j\u00e1ratsz\u00e1m": 2.8999999999999999, "al": "Wizz Air", "ap": "London LGW", "hcountry": "Egyes\u00fclt Kir\u00e1lys\u00e1g"}, {"from": "Bukarest", "to": "London", "country": "United Kingdom", "heti j\u00e1ratsz\u00e1m": 3.0, "al": "Tarom", "ap": "London LHR", "hcountry": "Egyes\u00fclt Kir\u00e1lys\u00e1g"}, {"from": "Bukarest", "to": "London", "country": "United Kingdom", "heti j\u00e1ratsz\u00e1m": 6.0, "al": "British Airways", "ap": "London LHR", "hcountry": "Egyes\u00fclt Kir\u00e1lys\u00e1g"}, {"from": "Bukarest", "to": "London", "country": "United Kingdom", "heti j\u00e1ratsz\u00e1m": 4.9000000000000004, "al": "Blue Air", "ap": "London LTN", "hcountry": "Egyes\u00fclt Kir\u00e1lys\u00e1g"}, {"from": "Bukarest", "to": "London", "country": "United Kingdom", "heti j\u00e1ratsz\u00e1m": 10.5, "al": "Wizz Air", "ap": "London LTN", "hcountry": "Egyes\u00fclt Kir\u00e1lys\u00e1g"}, {"from": "Suceava", "to": "London", "country": "United Kingdom", "heti j\u00e1ratsz\u00e1m": 2.8999999999999999, "al": "Wizz Air", "ap": "London LTN", "hcountry": "Egyes\u00fclt Kir\u00e1lys\u00e1g"}, {"from": "Temesv\u00e1r", "to": "London", "country": "United Kingdom", "heti j\u00e1ratsz\u00e1m": 3.2000000000000002, "al": "Ryanair", "ap": "London STN", "hcountry": "Egyes\u00fclt Kir\u00e1lys\u00e1g"}, {"from": "Temesv\u00e1r", "to": "London", "country": "United Kingdom", "heti j\u00e1ratsz\u00e1m": 3.0, "al": "Wizz Air", "ap": "London LTN", "hcountry": "Egyes\u00fclt Kir\u00e1lys\u00e1g"}, {"from": "J\u00e1szv\u00e1s\u00e1r", "to": "London", "country": "United Kingdom", "heti j\u00e1ratsz\u00e1m": 3.0, "al": "Blue Air", "ap": "London LTN", "hcountry": "Egyes\u00fclt Kir\u00e1lys\u00e1g"}, {"from": "J\u00e1szv\u00e1s\u00e1r", "to": "London", "country": "United Kingdom", "heti j\u00e1ratsz\u00e1m": 2.2999999999999998, "al": "Tarom", "ap": "London LTN", "hcountry": "Egyes\u00fclt Kir\u00e1lys\u00e1g"}, {"from": "J\u00e1szv\u00e1s\u00e1r", "to": "London", "country": "United Kingdom", "heti j\u00e1ratsz\u00e1m": 2.8999999999999999, "al": "Wizz Air", "ap": "London LTN", "hcountry": "Egyes\u00fclt Kir\u00e1lys\u00e1g"}, {"from": "Marosv\u00e1s\u00e1rhely", "to": "London", "country": "United Kingdom", "heti j\u00e1ratsz\u00e1m": 1.6000000000000001, "al": "Wizz Air", "ap": "London LTN", "hcountry": "Egyes\u00fclt Kir\u00e1lys\u00e1g"}, {"from": "B\u00e1k\u00f3", "to": "Liverpool", "country": "United Kingdom", "heti j\u00e1ratsz\u00e1m": 2.0, "al": "Blue Air", "ap": "Liverpool LPL", "hcountry": "Egyes\u00fclt Kir\u00e1lys\u00e1g"}, {"from": "Kolozsv\u00e1r", "to": "Liverpool", "country": "United Kingdom", "heti j\u00e1ratsz\u00e1m": 1.8999999999999999, "al": "Blue Air", "ap": "Liverpool LPL", "hcountry": "Egyes\u00fclt Kir\u00e1lys\u00e1g"}, {"from": "Bukarest", "to": "Liverpool", "country": "United Kingdom", "heti j\u00e1ratsz\u00e1m": 2.8999999999999999, "al": "Blue Air", "ap": "Liverpool LPL", "hcountry": "Egyes\u00fclt Kir\u00e1lys\u00e1g"}, {"from": "Bukarest", "to": "Budapest", "country": "Hungary", "heti j\u00e1ratsz\u00e1m": 8.5999999999999996, "al": "Tarom", "ap": "Budapest BUD", "hcountry": "Magyarorsz\u00e1g"}, {"from": "Bukarest", "to": "Budapest", "country": "Hungary", "heti j\u00e1ratsz\u00e1m": 3.0, "al": "Wizz Air", "ap": "Budapest BUD", "hcountry": "Magyarorsz\u00e1g"}, {"from": "Marosv\u00e1s\u00e1rhely", "to": "Budapest", "country": "Hungary", "heti j\u00e1ratsz\u00e1m": 2.0, "al": "Wizz Air", "ap": "Budapest BUD", "hcountry": "Magyarorsz\u00e1g"}, {"from": "B\u00e1k\u00f3", "to": "Madrid", "country": "Spain", "heti j\u00e1ratsz\u00e1m": 2.0, "al": "Blue Air", "ap": "Madrid MAD", "hcountry": "Spanyolorsz\u00e1g"}, {"from": "Kolozsv\u00e1r", "to": "Madrid", "country": "Spain", "heti j\u00e1ratsz\u00e1m": 1.1000000000000001, "al": "Wizz Air", "ap": "Madrid MAD", "hcountry": "Spanyolorsz\u00e1g"}, {"from": "Szeben", "to": "Madrid", "country": "Spain", "heti j\u00e1ratsz\u00e1m": 2.0, "al": "Wizz Air", "ap": "Madrid MAD", "hcountry": "Spanyolorsz\u00e1g"}, {"from": "Bukarest", "to": "Madrid", "country": "Spain", "heti j\u00e1ratsz\u00e1m": 3.0, "al": "Tarom", "ap": "Madrid MAD", "hcountry": "Spanyolorsz\u00e1g"}, {"from": "Bukarest", "to": "Madrid", "country": "Spain", "heti j\u00e1ratsz\u00e1m": 2.7999999999999998, "al": "Blue Air", "ap": "Madrid MAD", "hcountry": "Spanyolorsz\u00e1g"}, {"from": "Bukarest", "to": "Madrid", "country": "Spain", "heti j\u00e1ratsz\u00e1m": 2.8999999999999999, "al": "Wizz Air", "ap": "Madrid MAD", "hcountry": "Spanyolorsz\u00e1g"}, {"from": "Bukarest", "to": "Madrid", "country": "Spain", "heti j\u00e1ratsz\u00e1m": 3.3999999999999999, "al": "Ryanair", "ap": "Madrid MAD", "hcountry": "Spanyolorsz\u00e1g"}, {"from": "Temesv\u00e1r", "to": "Madrid", "country": "Spain", "heti j\u00e1ratsz\u00e1m": 2.0, "al": "Wizz Air", "ap": "Madrid MAD", "hcountry": "Spanyolorsz\u00e1g"}, {"from": "J\u00e1szv\u00e1s\u00e1r", "to": "Madrid", "country": "Spain", "heti j\u00e1ratsz\u00e1m": 1.5, "al": "Tarom", "ap": "Madrid MAD", "hcountry": "Spanyolorsz\u00e1g"}, {"from": "Marosv\u00e1s\u00e1rhely", "to": "Madrid", "country": "Spain", "heti j\u00e1ratsz\u00e1m": 2.0, "al": "Wizz Air", "ap": "Madrid MAD", "hcountry": "Spanyolorsz\u00e1g"}, {"from": "Bukarest", "to": "Moszkva", "country": "Russia", "heti j\u00e1ratsz\u00e1m": 3.1000000000000001, "al": "Aeroflot", "ap": "Moszkva SVO", "hcountry": "Oroszorsz\u00e1g"}, {"from": "Kolozsv\u00e1r", "to": "P\u00e1rizs", "country": "France", "heti j\u00e1ratsz\u00e1m": 1.2, "al": "Wizz Air", "ap": "P\u00e1rizs BVA", "hcountry": "Franciaorsz\u00e1g"}, {"from": "Bukarest", "to": "P\u00e1rizs", "country": "France", "heti j\u00e1ratsz\u00e1m": 3.0, "al": "Blue Air", "ap": "P\u00e1rizs BVA", "hcountry": "Franciaorsz\u00e1g"}, {"from": "Bukarest", "to": "P\u00e1rizs", "country": "France", "heti j\u00e1ratsz\u00e1m": 2.1000000000000001, "al": "Wizz Air", "ap": "P\u00e1rizs BVA", "hcountry": "Franciaorsz\u00e1g"}, {"from": "Bukarest", "to": "P\u00e1rizs", "country": "France", "heti j\u00e1ratsz\u00e1m": 6.0, "al": "Tarom", "ap": "P\u00e1rizs CDG", "hcountry": "Franciaorsz\u00e1g"}, {"from": "Bukarest", "to": "P\u00e1rizs", "country": "France", "heti j\u00e1ratsz\u00e1m": 6.0, "al": "Air France", "ap": "P\u00e1rizs CDG", "hcountry": "Franciaorsz\u00e1g"}, {"from": "Temesv\u00e1r", "to": "P\u00e1rizs", "country": "France", "heti j\u00e1ratsz\u00e1m": 2.0, "al": "Wizz Air", "ap": "P\u00e1rizs BVA", "hcountry": "Franciaorsz\u00e1g"}, {"from": "J\u00e1szv\u00e1s\u00e1r", "to": "P\u00e1rizs", "country": "France", "heti j\u00e1ratsz\u00e1m": 2.0, "al": "Blue Air", "ap": "P\u00e1rizs BVA", "hcountry": "Franciaorsz\u00e1g"}, {"from": "Marosv\u00e1s\u00e1rhely", "to": "P\u00e1rizs", "country": "France", "heti j\u00e1ratsz\u00e1m": 2.0, "al": "Wizz Air", "ap": "P\u00e1rizs BVA", "hcountry": "Franciaorsz\u00e1g"}, {"from": "Kolozsv\u00e1r", "to": "M\u00fcnchen", "country": "Germany", "heti j\u00e1ratsz\u00e1m": 5.7999999999999998, "al": "Air Dolomiti", "ap": "M\u00fcnchen MUC", "hcountry": "N\u00e9metorsz\u00e1g"}, {"from": "Szeben", "to": "M\u00fcnchen", "country": "Germany", "heti j\u00e1ratsz\u00e1m": 2.3999999999999999, "al": "Tarom", "ap": "M\u00fcnchen MUC", "hcountry": "N\u00e9metorsz\u00e1g"}, {"from": "Szeben", "to": "M\u00fcnchen", "country": "Germany", "heti j\u00e1ratsz\u00e1m": 6.0, "al": "Lufthansa", "ap": "M\u00fcnchen MUC", "hcountry": "N\u00e9metorsz\u00e1g"}, {"from": "Bukarest", "to": "M\u00fcnchen", "country": "Germany", "heti j\u00e1ratsz\u00e1m": 3.0, "al": "Tarom", "ap": "M\u00fcnchen MUC", "hcountry": "N\u00e9metorsz\u00e1g"}, {"from": "Bukarest", "to": "M\u00fcnchen", "country": "Germany", "heti j\u00e1ratsz\u00e1m": 8.9000000000000004, "al": "Lufthansa", "ap": "M\u00fcnchen MUC", "hcountry": "N\u00e9metorsz\u00e1g"}, {"from": "Temesv\u00e1r", "to": "M\u00fcnchen", "country": "Germany", "heti j\u00e1ratsz\u00e1m": 9.0, "al": "Lufthansa", "ap": "M\u00fcnchen MUC", "hcountry": "N\u00e9metorsz\u00e1g"}, {"from": "J\u00e1szv\u00e1s\u00e1r", "to": "M\u00fcnchen", "country": "Germany", "heti j\u00e1ratsz\u00e1m": 2.8999999999999999, "al": "Tarom", "ap": "M\u00fcnchen MUC", "hcountry": "N\u00e9metorsz\u00e1g"}, {"from": "Kolozsv\u00e1r", "to": "B\u00e9cs", "country": "Austria", "heti j\u00e1ratsz\u00e1m": 2.7999999999999998, "al": "Tarom", "ap": "B\u00e9cs VIE", "hcountry": "Ausztria"}, {"from": "Szeben", "to": "B\u00e9cs", "country": "Austria", "heti j\u00e1ratsz\u00e1m": 2.8999999999999999, "al": "Austrian Airlines", "ap": "B\u00e9cs VIE", "hcountry": "Ausztria"}, {"from": "Bukarest", "to": "B\u00e9cs", "country": "Austria", "heti j\u00e1ratsz\u00e1m": 5.9000000000000004, "al": "Tarom", "ap": "B\u00e9cs VIE", "hcountry": "Ausztria"}, {"from": "Bukarest", "to": "B\u00e9cs", "country": "Austria", "heti j\u00e1ratsz\u00e1m": 15.0, "al": "Austrian Airlines", "ap": "B\u00e9cs VIE", "hcountry": "Ausztria"}, {"from": "J\u00e1szv\u00e1s\u00e1r", "to": "B\u00e9cs", "country": "Austria", "heti j\u00e1ratsz\u00e1m": 2.8999999999999999, "al": "Austrian Airlines", "ap": "B\u00e9cs VIE", "hcountry": "Ausztria"}, {"from": "Bukarest", "to": "Birmingham", "country": "United Kingdom", "heti j\u00e1ratsz\u00e1m": 2.8999999999999999, "al": "Blue Air", "ap": "Birmingham BHX", "hcountry": "Egyes\u00fclt Kir\u00e1lys\u00e1g"}, {"from": "Bukarest", "to": "Birmingham", "country": "United Kingdom", "heti j\u00e1ratsz\u00e1m": 2.0, "al": "Wizz Air", "ap": "Birmingham BHX", "hcountry": "Egyes\u00fclt Kir\u00e1lys\u00e1g"}, {"from": "Kolozsv\u00e1r", "to": "Birmingham", "country": "United Kingdom", "heti j\u00e1ratsz\u00e1m": 2.8999999999999999, "al": "Blue Air", "ap": "Birmingham BHX", "hcountry": "Egyes\u00fclt Kir\u00e1lys\u00e1g"}, {"from": "Bukarest", "to": "Doha", "country": "Qatar", "heti j\u00e1ratsz\u00e1m": 6.0, "al": "Qatar Airways", "ap": "Doha DOH", "hcountry": "Katar"}, {"from": "Kolozsv\u00e1r", "to": "Bari", "country": "Italy", "heti j\u00e1ratsz\u00e1m": 1.1000000000000001, "al": "Wizz Air", "ap": "Bari BRI", "hcountry": "Olaszorsz\u00e1g"}, {"from": "Bukarest", "to": "Bari", "country": "Italy", "heti j\u00e1ratsz\u00e1m": 3.0, "al": "Wizz Air", "ap": "Bari BRI", "hcountry": "Olaszorsz\u00e1g"}, {"from": "Temesv\u00e1r", "to": "Bari", "country": "Italy", "heti j\u00e1ratsz\u00e1m": 2.0, "al": "Wizz Air", "ap": "Bari BRI", "hcountry": "Olaszorsz\u00e1g"}, {"from": "Bukarest", "to": "Alghero", "country": "Italy", "heti j\u00e1ratsz\u00e1m": 1.1000000000000001, "al": "Wizz Air", "ap": "Alghero AHO", "hcountry": "Olaszorsz\u00e1g"}, {"from": "Bukarest", "to": "Zaragoza", "country": "Spain", "heti j\u00e1ratsz\u00e1m": 2.0, "al": "Wizz Air", "ap": "Zaragoza ZAZ", "hcountry": "Spanyolorsz\u00e1g"}, {"from": "Kolozsv\u00e1r", "to": "Zaragoza", "country": "Spain", "heti j\u00e1ratsz\u00e1m": 2.0, "al": "Wizz Air", "ap": "Zaragoza ZAZ", "hcountry": "Spanyolorsz\u00e1g"}, {"from": "Kolozsv\u00e1r", "to": "Nurnberg", "country": "Germany", "heti j\u00e1ratsz\u00e1m": 2.0, "al": "Wizz Air", "ap": "Nurnberg NUE", "hcountry": "N\u00e9metorsz\u00e1g"}, {"from": "Szeben", "to": "Nurnberg", "country": "Germany", "heti j\u00e1ratsz\u00e1m": 2.1000000000000001, "al": "Wizz Air", "ap": "Nurnberg NUE", "hcountry": "N\u00e9metorsz\u00e1g"}, {"from": "Bukarest", "to": "Nurnberg", "country": "Germany", "heti j\u00e1ratsz\u00e1m": 1.8999999999999999, "al": "Wizz Air", "ap": "Nurnberg NUE", "hcountry": "N\u00e9metorsz\u00e1g"}, {"from": "Bukarest", "to": "Lyon", "country": "France", "heti j\u00e1ratsz\u00e1m": 1.7, "al": "Blue Air", "ap": "Lyon LYS", "hcountry": "Franciaorsz\u00e1g"}]