{"BCM": {"Liverpool": {"7freq": 2.0, "airports": {"LPL": {"7freq": 2.0, "airlines": {"Blue Air": {"7freq": 2.0}}}}}, "Madrid": {"7freq": 2.0, "airports": {"MAD": {"7freq": 2.0, "airlines": {"Blue Air": {"7freq": 2.0}}}}}, "Dublin": {"7freq": 2.0, "airports": {"DUB": {"7freq": 2.0, "airlines": {"Blue Air": {"7freq": 2.0}}}}}, "Milan": {"7freq": 2.9, "airports": {"BGY": {"7freq": 2.9, "airlines": {"Blue Air": {"7freq": 2.9}}}}}, "Rome": {"7freq": 2.9, "airports": {"FCO": {"7freq": 2.9, "airlines": {"Blue Air": {"7freq": 2.9}}}}}, "London": {"7freq": 2.8, "airports": {"LTN": {"7freq": 2.8, "airlines": {"Blue Air": {"7freq": 2.8}}}}}, "Bologna": {"7freq": 1.9, "airports": {"BLQ": {"7freq": 1.9, "airlines": {"Blue Air": {"7freq": 1.9}}}}}, "Brussels": {"7freq": 1.9, "airports": {"BRU": {"7freq": 1.9, "airlines": {"Blue Air": {"7freq": 1.9}}}}}, "Turin": {"7freq": 2.9, "airports": {"TRN": {"7freq": 2.9, "airlines": {"Blue Air": {"7freq": 2.9}}}}}}, "CLJ": {"Istanbul": {"7freq": 3.8, "airports": {"IST": {"7freq": 3.8, "airlines": {"Turkish Airlines": {"7freq": 3.8}}}}}, "Paris": {"7freq": 1.15, "airports": {"BVA": {"7freq": 1.15, "airlines": {"Wizz Air": {"7freq": 1.15}}}}}, "Dortmund": {"7freq": 1.2000000000000002, "airports": {"DTM": {"7freq": 1.2000000000000002, "airlines": {"Wizz Air": {"7freq": 1.2000000000000002}}}}}, "Basel": {"7freq": 1.9, "airports": {"BSL": {"7freq": 1.9, "airlines": {"Wizz Air": {"7freq": 1.9}}}}}, "Nurnberg": {"7freq": 2.0, "airports": {"NUE": {"7freq": 2.0, "airlines": {"Wizz Air": {"7freq": 2.0}}}}}, "Valencia": {"7freq": 2.0, "airports": {"VLC": {"7freq": 2.0, "airlines": {"Wizz Air": {"7freq": 2.0}}}}}, "Vienna": {"7freq": 2.8, "airports": {"VIE": {"7freq": 2.8, "airlines": {"Tarom": {"7freq": 2.8}}}}}, "Zaragoza": {"7freq": 2.0, "airports": {"ZAZ": {"7freq": 2.0, "airlines": {"Wizz Air": {"7freq": 2.0}}}}}, "Liverpool": {"7freq": 1.9, "airports": {"LPL": {"7freq": 1.9, "airlines": {"Blue Air": {"7freq": 1.9}}}}}, "Munich": {"7freq": 5.95, "airports": {"MUC": {"7freq": 5.95, "airlines": {"Air Dolomiti": {"7freq": 5.75}}}}}, "Malmo": {"7freq": 2.0, "airports": {"MMX": {"7freq": 2.0, "airlines": {"Wizz Air": {"7freq": 2.0}}}}}, "Berlin": {"7freq": 2.0, "airports": {"SXF": {"7freq": 2.0, "airlines": {"Wizz Air": {"7freq": 2.0}}}}}, "Memmingen": {"7freq": 0.2999999999999998, "airports": {"FMM": {"7freq": 0.2999999999999998, "airlines": {"Wizz Air": {"7freq": 0.2999999999999998}}}}}, "Bologna": {"7freq": 3.0, "airports": {"BLQ": {"7freq": 3.0, "airlines": {"Wizz Air": {"7freq": 3.0}}}}}, "London": {"7freq": 6.175, "airports": {"LTN": {"7freq": 6.175, "airlines": {"Wizz Air": {"7freq": 6.175}}}}}, "Brussels": {"7freq": 2.2, "airports": {"CRL": {"7freq": 2.2, "airlines": {"Wizz Air": {"7freq": 2.2}}}}}, "Timisoara": {"7freq": 2.9, "airports": {"TSR": {"7freq": 2.9, "airlines": {"Blue Air": {"7freq": 2.9}}}}}, "Dubai": {"7freq": 1.1, "airports": {"DWC": {"7freq": 1.1, "airlines": {"Wizz Air": {"7freq": 1.1}}}}}, "Eindhoven": {"7freq": 2.0, "airports": {"EIN": {"7freq": 2.0, "airlines": {"Wizz Air": {"7freq": 2.0}}}}}, "Malaga": {"7freq": 1.1, "airports": {"AGP": {"7freq": 1.1, "airlines": {"Wizz Air": {"7freq": 1.1}}}}}, "Dublin": {"7freq": 2.0, "airports": {"DUB": {"7freq": 2.0, "airlines": {"Blue Air": {"7freq": 2.0}}}}}, "Bari": {"7freq": 1.1, "airports": {"BRI": {"7freq": 1.1, "airlines": {"Wizz Air": {"7freq": 1.1}}}}}, "Barcelona": {"7freq": 3.0, "airports": {"BCN": {"7freq": 3.0, "airlines": {"Wizz Air": {"7freq": 3.0}}}}}, "Billund": {"7freq": 2.0, "airports": {"BLL": {"7freq": 2.0, "airlines": {"Wizz Air": {"7freq": 2.0}}}}}, "Rome": {"7freq": 1.2000000000000002, "airports": {"CIA": {"7freq": 1.2000000000000002, "airlines": {"Wizz Air": {"7freq": 1.2000000000000002}}}}}, "Treviso": {"7freq": 2.0, "airports": {"TSF": {"7freq": 2.0, "airlines": {"Wizz Air": {"7freq": 2.0}}}}}, "Tel Aviv": {"7freq": 2.0, "airports": {"TLV": {"7freq": 2.0, "airlines": {"Wizz Air": {"7freq": 2.0}}}}}, "Iasi": {"7freq": 2.9, "airports": {"IAS": {"7freq": 2.9, "airlines": {"Blue Air": {"7freq": 2.9}}}}}, "Bucharest": {"7freq": 29.1, "airports": {"OTP": {"7freq": 29.1, "airlines": {"Tarom": {"7freq": 17.4}, "Blue Air": {"7freq": 5.8}, "Wizz Air": {"7freq": 5.9}}}}}, "Madrid": {"7freq": 1.1, "airports": {"MAD": {"7freq": 1.1, "airlines": {"Wizz Air": {"7freq": 1.1}}}}}, "Cologne": {"7freq": 2.0, "airports": {"CGN": {"7freq": 2.0, "airlines": {"Wizz Air": {"7freq": 2.0}}}}}, "Milan": {"7freq": 2.95, "airports": {"BGY": {"7freq": 2.95, "airlines": {"Wizz Air": {"7freq": 2.95}}}}}, "Alicante": {"7freq": 0.3, "airports": {"ALC": {"7freq": 0.3, "airlines": {"Wizz Air": {"7freq": 0.3}}}}}, "Birmingham": {"7freq": 2.9, "airports": {"BHX": {"7freq": 2.9, "airlines": {"Blue Air": {"7freq": 2.9}}}}}, "Doncaster": {"7freq": 2.0, "airports": {"DSA": {"7freq": 2.0, "airlines": {"Wizz Air": {"7freq": 2.0}}}}}, "Warsaw": {"7freq": 4.8, "airports": {"WAW": {"7freq": 4.8, "airlines": {"LOT": {"7freq": 4.8}}}}}}, "SBZ": {"Bucharest": {"7freq": 2.4, "airports": {"OTP": {"7freq": 2.4, "airlines": {"Tarom": {"7freq": 2.4}}}}}, "Dortmund": {"7freq": 2.1, "airports": {"DTM": {"7freq": 2.1, "airlines": {"Wizz Air": {"7freq": 2.1}}}}}, "Munich": {"7freq": 8.4, "airports": {"MUC": {"7freq": 8.4, "airlines": {"Tarom": {"7freq": 2.45}, "Lufthansa": {"7freq": 5.95}}}}}, "Stuttgart": {"7freq": 2.85, "airports": {"STR": {"7freq": 2.85, "airlines": {"Blue Air": {"7freq": 2.85}}}}}, "Milan": {"7freq": 1.9, "airports": {"MXP": {"7freq": 1.9, "airlines": {"Wizz Air": {"7freq": 1.9}}}}}, "Memmingen": {"7freq": 2.0, "airports": {"FMM": {"7freq": 2.0, "airlines": {"Wizz Air": {"7freq": 2.0}}}}}, "Nurnberg": {"7freq": 2.1, "airports": {"NUE": {"7freq": 2.1, "airlines": {"Wizz Air": {"7freq": 2.1}}}}}, "Madrid": {"7freq": 1.95, "airports": {"MAD": {"7freq": 1.95, "airlines": {"Wizz Air": {"7freq": 1.95}}}}}, "London": {"7freq": 2.8, "airports": {"LTN": {"7freq": 2.8, "airlines": {"Wizz Air": {"7freq": 2.8}}}}}, "Vienna": {"7freq": 2.9, "airports": {"VIE": {"7freq": 2.9, "airlines": {"Austrian Airlines": {"7freq": 2.9}}}}}}, "SUJ": {"Bucharest": {"7freq": 5.0, "airports": {"OTP": {"7freq": 5.0, "airlines": {"Tarom": {"7freq": 5.0}}}}}, "London": {"7freq": 2.0, "airports": {"LTN": {"7freq": 2.0, "airlines": {"Wizz Air": {"7freq": 2.0}}}}}}, "OMR": {"Bucharest": {"7freq": 9.7, "airports": {"OTP": {"7freq": 9.7, "airlines": {"Tarom": {"7freq": 6.8}, "Blue Air": {"7freq": 2.9}}}}}}, "CND": {"Varna": {"7freq": 0.95, "airports": {"VAR": {"7freq": 0.95, "airlines": {"Turkish Airlines": {"7freq": 0.95}}}}}, "London": {"7freq": 1.9, "airports": {"LTN": {"7freq": 1.9, "airlines": {"Wizz Air": {"7freq": 1.9}}}}}, "Istanbul": {"7freq": 0.95, "airports": {"IST": {"7freq": 0.95, "airlines": {"Turkish Airlines": {"7freq": 0.95}}}}}}, "CRA": {"Bologna": {"7freq": 2.0, "airports": {"BLQ": {"7freq": 2.0, "airlines": {"Wizz Air": {"7freq": 2.0}}}}}, "Barcelona": {"7freq": 1.0, "airports": {"BCN": {"7freq": 1.0, "airlines": {"Wizz Air": {"7freq": 1.0}}}}}, "Milan": {"7freq": 2.9, "airports": {"BGY": {"7freq": 2.9, "airlines": {"Wizz Air": {"7freq": 2.9}}}}}, "Rome": {"7freq": 1.9, "airports": {"CIA": {"7freq": 1.9, "airlines": {"Wizz Air": {"7freq": 1.9}}}}}, "London": {"7freq": 2.85, "airports": {"LTN": {"7freq": 2.85, "airlines": {"Wizz Air": {"7freq": 2.85}}}}}, "Valencia": {"7freq": 2.1, "airports": {"VLC": {"7freq": 2.1, "airlines": {"Ryanair": {"7freq": 2.1}}}}}}, "OTP": {"Beirut": {"7freq": 1.95, "airports": {"BEY": {"7freq": 1.95, "airlines": {"Tarom": {"7freq": 1.95}}}}}, "Lyon": {"7freq": 1.9, "airports": {"LYS": {"7freq": 1.9, "airlines": {"Blue Air": {"7freq": 1.7}}}}}, "Oslo": {"7freq": 2.1, "airports": {"TRF": {"7freq": 2.1, "airlines": {"Wizz Air": {"7freq": 2.1}}}}}, "Kiev": {"7freq": 3.0, "airports": {"KBP": {"7freq": 3.0, "airlines": {"Dniproavia": {"7freq": 3.0}}}}}, "Istanbul": {"7freq": 17.95, "airports": {"SAW": {"7freq": 3.0, "airlines": {"Pegasus Airlines": {"7freq": 3.0}}}, "IST": {"7freq": 14.95, "airlines": {"Tarom": {"7freq": 6.05}, "Turkish Airlines": {"7freq": 8.9}}}}}, "Paris": {"7freq": 17.05, "airports": {"BVA": {"7freq": 5.1, "airlines": {"Blue Air": {"7freq": 3.0}, "Wizz Air": {"7freq": 2.1}}}, "CDG": {"7freq": 11.95, "airlines": {"Tarom": {"7freq": 6.0}, "Air France": {"7freq": 5.95}}}}}, "Dortmund": {"7freq": 3.0, "airports": {"DTM": {"7freq": 3.0, "airlines": {"Wizz Air": {"7freq": 3.0}}}}}, "Basel": {"7freq": 2.1, "airports": {"BSL": {"7freq": 2.1, "airlines": {"Wizz Air": {"7freq": 2.1}}}}}, "Cluj-Napoca": {"7freq": 29.1, "airports": {"CLJ": {"7freq": 29.1, "airlines": {"Tarom": {"7freq": 17.4}, "Blue Air": {"7freq": 5.8}, "Wizz Air": {"7freq": 5.9}}}}}, "Billund": {"7freq": 2.0, "airports": {"BLL": {"7freq": 2.0, "airlines": {"Wizz Air": {"7freq": 2.0}}}}}, "Satu Mare": {"7freq": 5.0, "airports": {"SUJ": {"7freq": 5.0, "airlines": {"Tarom": {"7freq": 5.0}}}}}, "Dubai": {"7freq": 6.3, "airports": {"DWC": {"7freq": 2.9, "airlines": {"Wizz Air": {"7freq": 2.9}}}, "DXB": {"7freq": 3.4, "airlines": {"FlyDubai": {"7freq": 3.4}}}}}, "Nurnberg": {"7freq": 1.9, "airports": {"NUE": {"7freq": 1.9, "airlines": {"Wizz Air": {"7freq": 1.9}}}}}, "Lisbon": {"7freq": 3.95, "airports": {"LIS": {"7freq": 3.95, "airlines": {"Blue Air": {"7freq": 1.9}, "Wizz Air": {"7freq": 2.05}}}}}, "Oradea": {"7freq": 9.7, "airports": {"OMR": {"7freq": 9.7, "airlines": {"Blue Air": {"7freq": 2.9}, "Tarom": {"7freq": 6.8}}}}}, "Valencia": {"7freq": 5.65, "airports": {"VLC": {"7freq": 5.65, "airlines": {"Tarom": {"7freq": 0.7}, "Blue Air": {"7freq": 2.75}, "Wizz Air": {"7freq": 2.05}}}}}, "Chisinau": {"7freq": 16.5, "airports": {"KIV": {"7freq": 16.5, "airlines": {"Tarom": {"7freq": 11.7}, "Air Moldova": {"7freq": 4.8}}}}}, "Malmo": {"7freq": 2.0, "airports": {"MMX": {"7freq": 2.0, "airlines": {"Wizz Air": {"7freq": 2.0}}}}}, "Birmingham": {"7freq": 4.85, "airports": {"BHX": {"7freq": 4.85, "airlines": {"Blue Air": {"7freq": 2.9}, "Wizz Air": {"7freq": 1.95}}}}}, "Glasgow": {"7freq": 4.0, "airports": {"GLA": {"7freq": 4.0, "airlines": {"Blue Air": {"7freq": 1.85}, "Wizz Air": {"7freq": 2.0}}}}}, "Vienna": {"7freq": 21.15, "airports": {"VIE": {"7freq": 21.15, "airlines": {"Tarom": {"7freq": 5.9}, "Austrian Airlines": {"7freq": 15.0}}}}}, "Cologne": {"7freq": 2.95, "airports": {"CGN": {"7freq": 2.95, "airlines": {"Blue Air": {"7freq": 2.9}}}}}, "Liverpool": {"7freq": 2.9, "airports": {"LPL": {"7freq": 2.9, "airlines": {"Blue Air": {"7freq": 2.9}}}}}, "Pune": {"7freq": 0.9, "airports": {"PNQ": {"7freq": 0.9, "airlines": {"Lufthansa": {"7freq": 0.85}}}}}, "Stockholm": {"7freq": 6.2, "airports": {"NYO": {"7freq": 2.0, "airlines": {"Wizz Air": {"7freq": 2.0}}}, "ARN": {"7freq": 4.2, "airlines": {"Blue Air": {"7freq": 1.95}, "Tarom": {"7freq": 2.2}}}}}, "Verona": {"7freq": 2.0, "airports": {"VRN": {"7freq": 2.0, "airlines": {"Wizz Air": {"7freq": 2.0}}}}}, "Moscow": {"7freq": 3.1, "airports": {"SVO": {"7freq": 3.1, "airlines": {"Aeroflot": {"7freq": 3.1}}}}}, "Sibiu": {"7freq": 2.4, "airports": {"SBZ": {"7freq": 2.4, "airlines": {"Tarom": {"7freq": 2.4}}}}}, "Munich": {"7freq": 11.85, "airports": {"MUC": {"7freq": 11.85, "airlines": {"Tarom": {"7freq": 2.95}, "Lufthansa": {"7freq": 8.9}}}}}, "Naples": {"7freq": 4.0, "airports": {"NAP": {"7freq": 4.0, "airlines": {"Blue Air": {"7freq": 2.0}, "Wizz Air": {"7freq": 2.0}}}}}, "Larnaca": {"7freq": 7.55, "airports": {"LCA": {"7freq": 7.55, "airlines": {"Blue Air": {"7freq": 3.0}, "Tarom": {"7freq": 2.65}, "Wizz Air": {"7freq": 1.9}}}}}, "Berlin": {"7freq": 10.9, "airports": {"TXL": {"7freq": 4.9, "airlines": {"Air Berlin": {"7freq": 4.9}}}, "SXF": {"7freq": 6.0, "airlines": {"Ryanair": {"7freq": 6.0}}}}}, "Castellon de la Plana": {"7freq": 2.0, "airports": {"CDT": {"7freq": 2.0, "airlines": {"Blue Air": {"7freq": 2.0}}}}}, "Bologna": {"7freq": 8.8, "airports": {"BLQ": {"7freq": 8.8, "airlines": {"Blue Air": {"7freq": 2.9}, "Ryanair": {"7freq": 3.0}, "Wizz Air": {"7freq": 2.9}}}}}, "Catania": {"7freq": 5.8, "airports": {"CTA": {"7freq": 5.8, "airlines": {"Blue Air": {"7freq": 2.8}, "Wizz Air": {"7freq": 3.0}}}}}, "Treviso": {"7freq": 2.9, "airports": {"TSF": {"7freq": 2.9, "airlines": {"Wizz Air": {"7freq": 2.9}}}}}, "Brussels": {"7freq": 16.5, "airports": {"BRU": {"7freq": 8.65, "airlines": {"Blue Air": {"7freq": 3.0}, "Tarom": {"7freq": 5.65}}}, "CRL": {"7freq": 7.85, "airlines": {"Ryanair": {"7freq": 5.0}, "Wizz Air": {"7freq": 2.85}}}}}, "Pisa": {"7freq": 2.0, "airports": {"PSA": {"7freq": 2.0, "airlines": {"Wizz Air": {"7freq": 2.0}}}}}, "Alghero": {"7freq": 1.1, "airports": {"AHO": {"7freq": 1.1, "airlines": {"Wizz Air": {"7freq": 1.1}}}}}, "Suceava": {"7freq": 2.9, "airports": {"SCV": {"7freq": 2.9, "airlines": {"Tarom": {"7freq": 2.9}}}}}, "Thessaloniki": {"7freq": 5.0, "airports": {"SKG": {"7freq": 5.0, "airlines": {"Tarom": {"7freq": 3.0}, "Astra Airlines": {"7freq": 2.0}}}}}, "Budapest": {"7freq": 11.65, "airports": {"BUD": {"7freq": 11.65, "airlines": {"Tarom": {"7freq": 8.65}, "Wizz Air": {"7freq": 3.0}}}}}, "Eindhoven": {"7freq": 2.0, "airports": {"EIN": {"7freq": 2.0, "airlines": {"Wizz Air": {"7freq": 2.0}}}}}, "Malaga": {"7freq": 3.9, "airports": {"AGP": {"7freq": 3.9, "airlines": {"Blue Air": {"7freq": 2.75}, "Wizz Air": {"7freq": 1.0}}}}}, "Zaragoza": {"7freq": 2.0, "airports": {"ZAZ": {"7freq": 2.0, "airlines": {"Wizz Air": {"7freq": 2.0}}}}}, "Hamburg": {"7freq": 4.85, "airports": {"HAM": {"7freq": 4.85, "airlines": {"Tarom": {"7freq": 3.0}, "Blue Air": {"7freq": 1.7}}}}}, "Dublin": {"7freq": 5.9, "airports": {"DUB": {"7freq": 5.9, "airlines": {"Blue Air": {"7freq": 2.9}, "Ryanair": {"7freq": 3.0}}}}}, "Dusseldorf": {"7freq": 3.95, "airports": {"DUS": {"7freq": 3.95, "airlines": {"Germanwings": {"7freq": 2.9}, "Eurowings": {"7freq": 1.0}}}}}, "Barcelona": {"7freq": 9.25, "airports": {"BCN": {"7freq": 9.25, "airlines": {"Tarom": {"7freq": 3.0}, "Blue Air": {"7freq": 2.95}, "Vueling": {"7freq": 0.3}, "Wizz Air": {"7freq": 2.9}}}}}, "Athens": {"7freq": 11.25, "airports": {"ATH": {"7freq": 11.25, "airlines": {"Tarom": {"7freq": 3.0}, "Ryanair": {"7freq": 3.0}, "Aegean Airlines": {"7freq": 5.25}}}}}, "Stuttgart": {"7freq": 3.05, "airports": {"STR": {"7freq": 3.05, "airlines": {"Blue Air": {"7freq": 3.05}}}}}, "Rome": {"7freq": 25.7, "airports": {"CIA": {"7freq": 11.9, "airlines": {"Ryanair": {"7freq": 6.0}, "Wizz Air": {"7freq": 5.9}}}, "FCO": {"7freq": 13.8, "airlines": {"Blue Air": {"7freq": 6.05}, "Tarom": {"7freq": 2.8}, "Alitalia": {"7freq": 4.95}}}}}, "Turin": {"7freq": 6.0, "airports": {"TRN": {"7freq": 6.0, "airlines": {"Blue Air": {"7freq": 2.0}, "Wizz Air": {"7freq": 2.0}, "Meridiana": {"7freq": 2.0}}}}}, "Tenerife": {"7freq": 1.0, "airports": {"TFS": {"7freq": 1.0, "airlines": {"Wizz Air": {"7freq": 1.0}}}}}, "Bristol": {"7freq": 1.1, "airports": {"BRS": {"7freq": 1.1, "airlines": {"Ryanair": {"7freq": 1.1}}}}}, "Tel Aviv": {"7freq": 27.35, "airports": {"TLV": {"7freq": 27.35, "airlines": {"Wizz Air": {"7freq": 2.9}, "El Al": {"7freq": 5.95}, "Tarom": {"7freq": 7.2}, "Blue Air": {"7freq": 2.45}, "Israir Airlines": {"7freq": 7.9}, "Arkia Israeli Airlines": {"7freq": 0.65}}}}}, "Hannover": {"7freq": 1.85, "airports": {"HAJ": {"7freq": 1.85, "airlines": {"Wizz Air": {"7freq": 1.85}}}}}, "Frankfurt": {"7freq": 12.8, "airports": {"FRA": {"7freq": 12.8, "airlines": {"Tarom": {"7freq": 6.0}, "Lufthansa": {"7freq": 6.75}}}}}, "Doncaster": {"7freq": 2.05, "airports": {"DSA": {"7freq": 2.05, "airlines": {"Wizz Air": {"7freq": 2.05}}}}}, "Timisoara": {"7freq": 20.15, "airports": {"TSR": {"7freq": 20.15, "airlines": {"Tarom": {"7freq": 14.15}, "Ryanair": {"7freq": 6.0}}}}}, "Luqa": {"7freq": 1.1, "airports": {"MLA": {"7freq": 1.1, "airlines": {"Wizz Air": {"7freq": 1.1}}}}}, "Belgrade": {"7freq": 9.25, "airports": {"BEG": {"7freq": 9.25, "airlines": {"Tarom": {"7freq": 4.7}, "AirSERBIA": {"7freq": 4.55}}}}}, "Doha": {"7freq": 6.0, "airports": {"DOH": {"7freq": 6.0, "airlines": {"Qatar Airways": {"7freq": 6.0}}}}}, "Zurich": {"7freq": 3.0, "airports": {"ZRH": {"7freq": 3.0, "airlines": {"Swiss": {"7freq": 2.4}, "Helvetic Airways": {"7freq": 0.6}}}}}, "Perugia": {"7freq": 2.0, "airports": {"PEG": {"7freq": 2.0, "airlines": {"Wizz Air": {"7freq": 2.0}}}}}, "Madrid": {"7freq": 12.3, "airports": {"MAD": {"7freq": 12.3, "airlines": {"Tarom": {"7freq": 3.0}, "Blue Air": {"7freq": 2.85}, "Wizz Air": {"7freq": 2.9}, "Ryanair": {"7freq": 3.4}}}}}, "Prague": {"7freq": 6.1, "airports": {"PRG": {"7freq": 6.1, "airlines": {"Czech Airlines": {"7freq": 3.1}, "Tarom": {"7freq": 3.0}}}}}, "Sofia": {"7freq": 7.85, "airports": {"SOF": {"7freq": 7.85, "airlines": {"Tarom": {"7freq": 7.8}}}}}, "Pescara": {"7freq": 1.9, "airports": {"PSR": {"7freq": 1.9, "airlines": {"Wizz Air": {"7freq": 1.9}}}}}, "Nice": {"7freq": 2.0, "airports": {"NCE": {"7freq": 2.0, "airlines": {"Blue Air": {"7freq": 2.0}}}}}, "Copenhagen": {"7freq": 2.1, "airports": {"CPH": {"7freq": 2.1, "airlines": {"SAS": {"7freq": 2.1}}}}}, "Milan": {"7freq": 17.75, "airports": {"BGY": {"7freq": 8.55, "airlines": {"Ryanair": {"7freq": 5.15}, "Wizz Air": {"7freq": 3.4}}}, "LIN": {"7freq": 6.05, "airlines": {"Blue Air": {"7freq": 3.05}, "Meridiana": {"7freq": 3.0}}}, "MXP": {"7freq": 3.15, "airlines": {"Ryanair": {"7freq": 3.1}}}}}, "Alicante": {"7freq": 1.0, "airports": {"ALC": {"7freq": 1.0, "airlines": {"Wizz Air": {"7freq": 1.0}}}}}, "London": {"7freq": 33.65, "airports": {"STN": {"7freq": 6.25, "airlines": {"Ryanair": {"7freq": 6.25}}}, "LGW": {"7freq": 2.9, "airlines": {"Wizz Air": {"7freq": 2.9}}}, "LTN": {"7freq": 15.5, "airlines": {"Blue Air": {"7freq": 4.9}, "Wizz Air": {"7freq": 10.5}}}, "LHR": {"7freq": 9.0, "airlines": {"Tarom": {"7freq": 3.0}, "British Airways": {"7freq": 6.0}}}}}, "Geneva": {"7freq": 1.85, "airports": {"GVA": {"7freq": 1.85, "airlines": {"Wizz Air": {"7freq": 1.85}}}}}, "Bari": {"7freq": 3.0, "airports": {"BRI": {"7freq": 3.0, "airlines": {"Wizz Air": {"7freq": 3.0}}}}}, "Amsterdam": {"7freq": 11.95, "airports": {"AMS": {"7freq": 11.95, "airlines": {"Tarom": {"7freq": 6.0}, "KLM": {"7freq": 5.95}}}}}, "Iasi": {"7freq": 23.7, "airports": {"IAS": {"7freq": 23.7, "airlines": {"Tarom": {"7freq": 14.9}, "Blue Air": {"7freq": 8.8}}}}}, "Florence": {"7freq": 3.0, "airports": {"FLR": {"7freq": 3.0, "airlines": {"Blue Air": {"7freq": 3.0}}}}}, "Warsaw": {"7freq": 8.95, "airports": {"WAW": {"7freq": 8.95, "airlines": {"LOT": {"7freq": 8.9}}}}}}, "SCV": {"Bucharest": {"7freq": 2.9, "airports": {"OTP": {"7freq": 2.9, "airlines": {"Tarom": {"7freq": 2.9}}}}}, "Milan": {"7freq": 2.0, "airports": {"BGY": {"7freq": 2.0, "airlines": {"Wizz Air": {"7freq": 2.0}}}}}, "London": {"7freq": 2.9, "airports": {"LTN": {"7freq": 2.9, "airlines": {"Wizz Air": {"7freq": 2.9}}}}}}, "TSR": {"Bucharest": {"7freq": 20.15, "airports": {"OTP": {"7freq": 20.15, "airlines": {"Tarom": {"7freq": 14.15}, "Ryanair": {"7freq": 6.0}}}}}, "Valencia": {"7freq": 1.1, "airports": {"VLC": {"7freq": 1.1, "airlines": {"Wizz Air": {"7freq": 1.1}}}}}, "Cluj-Napoca": {"7freq": 2.9, "airports": {"CLJ": {"7freq": 2.9, "airlines": {"Blue Air": {"7freq": 2.9}}}}}, "Eindhoven": {"7freq": 2.0, "airports": {"EIN": {"7freq": 2.0, "airlines": {"Wizz Air": {"7freq": 2.0}}}}}, "Paris": {"7freq": 2.0, "airports": {"BVA": {"7freq": 2.0, "airlines": {"Wizz Air": {"7freq": 2.0}}}}}, "Dortmund": {"7freq": 2.0, "airports": {"DTM": {"7freq": 2.0, "airlines": {"Wizz Air": {"7freq": 2.0}}}}}, "Madrid": {"7freq": 1.95, "airports": {"MAD": {"7freq": 1.95, "airlines": {"Wizz Air": {"7freq": 1.95}}}}}, "Berlin": {"7freq": 2.1, "airports": {"SXF": {"7freq": 2.1, "airlines": {"Ryanair": {"7freq": 2.1}}}}}, "Munich": {"7freq": 9.0, "airports": {"MUC": {"7freq": 9.0, "airlines": {"Lufthansa": {"7freq": 9.0}}}}}, "Bologna": {"7freq": 2.0, "airports": {"BLQ": {"7freq": 2.0, "airlines": {"Wizz Air": {"7freq": 2.0}}}}}, "Milan": {"7freq": 5.7, "airports": {"BGY": {"7freq": 5.7, "airlines": {"Ryanair": {"7freq": 2.8}, "Wizz Air": {"7freq": 2.9}}}}}, "Rome": {"7freq": 2.0, "airports": {"CIA": {"7freq": 2.0, "airlines": {"Wizz Air": {"7freq": 2.0}}}}}, "London": {"7freq": 6.2, "airports": {"STN": {"7freq": 3.2, "airlines": {"Ryanair": {"7freq": 3.2}}}, "LTN": {"7freq": 3.0, "airlines": {"Wizz Air": {"7freq": 3.0}}}}}, "Barcelona": {"7freq": 2.0, "airports": {"BCN": {"7freq": 2.0, "airlines": {"Wizz Air": {"7freq": 2.0}}}}}, "Treviso": {"7freq": 2.05, "airports": {"TSF": {"7freq": 2.05, "airlines": {"Wizz Air": {"7freq": 2.05}}}}}, "Bari": {"7freq": 2.0, "airports": {"BRI": {"7freq": 2.0, "airlines": {"Wizz Air": {"7freq": 2.0}}}}}, "Memmingen": {"7freq": 2.0, "airports": {"FMM": {"7freq": 2.0, "airlines": {"Wizz Air": {"7freq": 2.0}}}}}, "Iasi": {"7freq": 2.9, "airports": {"IAS": {"7freq": 2.9, "airlines": {"Blue Air": {"7freq": 2.9}}}}}, "Brussels": {"7freq": 4.9, "airports": {"CRL": {"7freq": 4.9, "airlines": {"Ryanair": {"7freq": 2.9}, "Wizz Air": {"7freq": 2.0}}}}}, "Frankfurt": {"7freq": 4.2, "airports": {"HHN": {"7freq": 4.2, "airlines": {"Ryanair": {"7freq": 2.2}, "Wizz Air": {"7freq": 2.0}}}}}, "Weeze": {"7freq": 2.25, "airports": {"NRN": {"7freq": 2.25, "airlines": {"Ryanair": {"7freq": 2.25}}}}}}, "IAS": {"Bucharest": {"7freq": 23.7, "airports": {"OTP": {"7freq": 23.7, "airlines": {"Tarom": {"7freq": 14.9}, "Blue Air": {"7freq": 8.8}}}}}, "Treviso": {"7freq": 2.0, "airports": {"TSF": {"7freq": 2.0, "airlines": {"Wizz Air": {"7freq": 2.0}}}}}, "Cluj-Napoca": {"7freq": 2.9, "airports": {"CLJ": {"7freq": 2.9, "airlines": {"Blue Air": {"7freq": 2.9}}}}}, "Paris": {"7freq": 2.0, "airports": {"BVA": {"7freq": 2.0, "airlines": {"Blue Air": {"7freq": 2.0}}}}}, "Bologna": {"7freq": 3.65, "airports": {"BLQ": {"7freq": 3.65, "airlines": {"Tarom": {"7freq": 1.6}, "Wizz Air": {"7freq": 2.05}}}}}, "Timisoara": {"7freq": 2.9, "airports": {"TSR": {"7freq": 2.9, "airlines": {"Blue Air": {"7freq": 2.9}}}}}, "Barcelona": {"7freq": 1.9, "airports": {"BCN": {"7freq": 1.9, "airlines": {"Blue Air": {"7freq": 1.9}}}}}, "Cologne": {"7freq": 2.0, "airports": {"CGN": {"7freq": 2.0, "airlines": {"Blue Air": {"7freq": 2.0}}}}}, "Larnaca": {"7freq": 1.1, "airports": {"LCA": {"7freq": 1.1, "airlines": {"Wizz Air": {"7freq": 1.1}}}}}, "Milan": {"7freq": 2.1, "airports": {"BGY": {"7freq": 2.1, "airlines": {"Wizz Air": {"7freq": 2.1}}}}}, "Rome": {"7freq": 6.3, "airports": {"CIA": {"7freq": 2.0, "airlines": {"Wizz Air": {"7freq": 2.0}}}, "FCO": {"7freq": 4.3, "airlines": {"Blue Air": {"7freq": 2.9}, "Tarom": {"7freq": 1.4}}}}}, "London": {"7freq": 8.2, "airports": {"LTN": {"7freq": 8.2, "airlines": {"Blue Air": {"7freq": 3.0}, "Tarom": {"7freq": 2.3}, "Wizz Air": {"7freq": 2.9}}}}}, "Munich": {"7freq": 2.9, "airports": {"MUC": {"7freq": 2.9, "airlines": {"Tarom": {"7freq": 2.9}}}}}, "Madrid": {"7freq": 1.5, "airports": {"MAD": {"7freq": 1.5, "airlines": {"Tarom": {"7freq": 1.5}}}}}, "Catania": {"7freq": 1.3, "airports": {"CTA": {"7freq": 1.3, "airlines": {"Wizz Air": {"7freq": 1.3}}}}}, "Tel Aviv": {"7freq": 3.4, "airports": {"TLV": {"7freq": 3.4, "airlines": {"Tarom": {"7freq": 1.5}, "Wizz Air": {"7freq": 1.9}}}}}, "Brussels": {"7freq": 2.0, "airports": {"BRU": {"7freq": 2.0, "airlines": {"Blue Air": {"7freq": 2.0}}}}}, "Turin": {"7freq": 2.7, "airports": {"TRN": {"7freq": 2.7, "airlines": {"Tarom": {"7freq": 2.7}}}}}, "Vienna": {"7freq": 2.9, "airports": {"VIE": {"7freq": 2.9, "airlines": {"Austrian Airlines": {"7freq": 2.9}}}}}}, "TGM": {"Budapest": {"7freq": 2.0, "airports": {"BUD": {"7freq": 2.0, "airlines": {"Wizz Air": {"7freq": 2.0}}}}}, "Paris": {"7freq": 2.0, "airports": {"BVA": {"7freq": 2.0, "airlines": {"Wizz Air": {"7freq": 2.0}}}}}, "Madrid": {"7freq": 2.0, "airports": {"MAD": {"7freq": 2.0, "airlines": {"Wizz Air": {"7freq": 2.0}}}}}, "Rome": {"7freq": 2.0, "airports": {"CIA": {"7freq": 2.0, "airlines": {"Wizz Air": {"7freq": 2.0}}}}}, "Memmingen": {"7freq": 2.0, "airports": {"FMM": {"7freq": 2.0, "airlines": {"Wizz Air": {"7freq": 2.0}}}}}, "Dortmund": {"7freq": 2.0, "airports": {"DTM": {"7freq": 2.0, "airlines": {"Wizz Air": {"7freq": 2.0}}}}}, "Karlsruhe/Baden-Baden": {"7freq": 2.0, "airports": {"FKB": {"7freq": 2.0, "airlines": {"Wizz Air": {"7freq": 2.0}}}}}, "London": {"7freq": 1.625, "airports": {"LTN": {"7freq": 1.625, "airlines": {"Wizz Air": {"7freq": 1.625}}}}}, "Frankfurt": {"7freq": 2.0, "airports": {"HHN": {"7freq": 2.0, "airlines": {"Wizz Air": {"7freq": 2.0}}}}}}}