{"DEB": {"Paris": {"7freq": 2.0, "airports": {"BVA": {"7freq": 2.0, "airlines": {"Wizz Air": {"7freq": 2.0}}}}}, "Milan": {"7freq": 2.0, "airports": {"BGY": {"7freq": 2.0, "airlines": {"Wizz Air": {"7freq": 2.0}}}}}, "Eindhoven": {"7freq": 2.0, "airports": {"EIN": {"7freq": 2.0, "airlines": {"Wizz Air": {"7freq": 2.0}}}}}, "London": {"7freq": 5.8, "airports": {"LTN": {"7freq": 5.8, "airlines": {"Wizz Air": {"7freq": 5.8}}}}}, "Munich": {"7freq": 2.9, "airports": {"MUC": {"7freq": 2.9, "airlines": {"Lufthansa": {"7freq": 2.75}}}}}}, "SOB": {}, "BUD": {"Kiev": {"7freq": 4.4, "airports": {"KBP": {"7freq": 1.5, "airlines": {"Turkish Airlines": {"7freq": 1.05}, "ULS Airlines Cargo": {"7freq": 0.4}}}, "IEV": {"7freq": 2.9, "airlines": {"Wizz Air": {"7freq": 2.9}}}}}, "Paris": {"7freq": 17.2, "airports": {"BVA": {"7freq": 2.9, "airlines": {"Ryanair": {"7freq": 2.9}}}, "CDG": {"7freq": 12.6, "airlines": {"EasyJet": {"7freq": 3.7}, "Air France": {"7freq": 8.9}}}, "ORY": {"7freq": 1.7, "airlines": {"Transavia": {"7freq": 1.45}}}}}, "Bologna": {"7freq": 2.0, "airports": {"BLQ": {"7freq": 2.0, "airlines": {"Wizz Air": {"7freq": 2.0}}}}}, "Basel": {"7freq": 3.0, "airports": {"BSL": {"7freq": 3.0, "airlines": {"EasyJet": {"7freq": 3.0}}}}}, "Liverpool": {"7freq": 2.0, "airports": {"LPL": {"7freq": 2.0, "airlines": {"Wizz Air": {"7freq": 2.0}}}}}, "Malmo": {"7freq": 2.9, "airports": {"MMX": {"7freq": 2.9, "airlines": {"Wizz Air": {"7freq": 2.9}}}}}, "Oslo": {"7freq": 3.5, "airports": {"OSL": {"7freq": 3.5, "airlines": {"Norwegian": {"7freq": 3.5}}}}}, "Catania": {"7freq": 1.85, "airports": {"CTA": {"7freq": 1.85, "airlines": {"Wizz Air": {"7freq": 1.85}}}}}, "Treviso": {"7freq": 3.0, "airports": {"TSF": {"7freq": 3.0, "airlines": {"Ryanair": {"7freq": 3.0}}}}}, "Brussels": {"7freq": 19.05, "airports": {"BRU": {"7freq": 8.95, "airlines": {"Brussels Airlines": {"7freq": 8.95}}}, "CRL": {"7freq": 10.1, "airlines": {"Ryanair": {"7freq": 4.9}, "Wizz Air": {"7freq": 5.2}}}}}, "Porto": {"7freq": 2.0, "airports": {"OPO": {"7freq": 2.0, "airlines": {"Wizz Air": {"7freq": 2.0}}}}}, "Dubai": {"7freq": 5.95, "airports": {"DWC": {"7freq": 2.95, "airlines": {"Wizz Air": {"7freq": 2.95}}}, "DXB": {"7freq": 3.0, "airlines": {"Emirates": {"7freq": 3.0}}}}}, "Dublin": {"7freq": 8.15, "airports": {"DUB": {"7freq": 8.15, "airlines": {"Ryanair": {"7freq": 5.2}, "Aer Lingus": {"7freq": 2.95}}}}}, "Rome": {"7freq": 10.95, "airports": {"CIA": {"7freq": 4.95, "airlines": {"Ryanair": {"7freq": 4.95}}}, "FCO": {"7freq": 6.0, "airlines": {"Wizz Air": {"7freq": 3.0}, "Alitalia": {"7freq": 3.0}}}}}, "St. Petersburg": {"7freq": 0.4, "airports": {"LED": {"7freq": 0.4, "airlines": {"UTair": {"7freq": 0.4}}}}}, "East Midlands": {"7freq": 1.0, "airports": {"EMA": {"7freq": 1.0, "airlines": {"Jet2": {"7freq": 1.0}}}}}, "Luqa": {"7freq": 2.0, "airports": {"MLA": {"7freq": 2.0, "airlines": {"Wizz Air": {"7freq": 2.0}}}}}, "Cairo": {"7freq": 2.9, "airports": {"CAI": {"7freq": 2.9, "airlines": {"EgyptAir": {"7freq": 2.9}}}}}, "Cologne": {"7freq": 2.9, "airports": {"CGN": {"7freq": 2.9, "airlines": {"Germanwings": {"7freq": 2.9}}}}}, "Milan": {"7freq": 9.15, "airports": {"BGY": {"7freq": 3.2, "airlines": {"Ryanair": {"7freq": 3.2}}}, "MXP": {"7freq": 5.95, "airlines": {"Wizz Air": {"7freq": 5.95}}}}}, "Manchester": {"7freq": 6.1, "airports": {"MAN": {"7freq": 6.1, "airlines": {"Ryanair": {"7freq": 3.1}, "Jet2": {"7freq": 3.0}}}}}, "Karlsruhe/Baden-Baden": {"7freq": 2.0, "airports": {"FKB": {"7freq": 2.0, "airlines": {"Wizz Air": {"7freq": 2.0}}}}}, "Dortmund": {"7freq": 2.9, "airports": {"DTM": {"7freq": 2.9, "airlines": {"Wizz Air": {"7freq": 2.9}}}}}, "Nurnberg": {"7freq": 3.0, "airports": {"NUE": {"7freq": 3.0, "airlines": {"Ryanair": {"7freq": 3.0}}}}}, "Vienna": {"7freq": 10.25, "airports": {"VIE": {"7freq": 10.25, "airlines": {"Austrian Airlines": {"7freq": 10.25}}}}}, "Edinburgh": {"7freq": 2.1, "airports": {"EDI": {"7freq": 2.1, "airlines": {"Jet2": {"7freq": 2.1}}}}}, "Moscow": {"7freq": 9.25, "airports": {"SVO": {"7freq": 6.3, "airlines": {"Aeroflot": {"7freq": 6.3}}}, "VKO": {"7freq": 2.95, "airlines": {"Wizz Air": {"7freq": 2.95}}}}}, "Kutaisi": {"7freq": 1.95, "airports": {"KUT": {"7freq": 1.95, "airlines": {"Wizz Air": {"7freq": 1.95}}}}}, "Berlin": {"7freq": 16.85, "airports": {"TXL": {"7freq": 8.9, "airlines": {"Air Berlin": {"7freq": 8.9}}}, "SXF": {"7freq": 7.95, "airlines": {"EasyJet": {"7freq": 4.9}, "Ryanair": {"7freq": 3.05}}}}}, "Leeds": {"7freq": 1.1, "airports": {"LBA": {"7freq": 1.1, "airlines": {"Jet2": {"7freq": 1.1}}}}}, "London": {"7freq": 39.55, "airports": {"STN": {"7freq": 9.15, "airlines": {"Ryanair": {"7freq": 9.15}}}, "LTN": {"7freq": 12.5, "airlines": {"Wizz Air": {"7freq": 12.5}}}, "LHR": {"7freq": 9.0, "airlines": {"British Airways": {"7freq": 8.65}, "Titan Airways": {"7freq": 0.3}}}, "LGW": {"7freq": 8.9, "airlines": {"EasyJet": {"7freq": 6.0}, "Norwegian": {"7freq": 2.7}}}}}, "Eindhoven": {"7freq": 5.95, "airports": {"EIN": {"7freq": 5.95, "airlines": {"Wizz Air": {"7freq": 5.95}}}}}, "Stuttgart": {"7freq": 7.05, "airports": {"STR": {"7freq": 7.05, "airlines": {"Germanwings": {"7freq": 6.0}, "Eurowings": {"7freq": 1.0}}}}}, "Alicante": {"7freq": 1.1, "airports": {"ALC": {"7freq": 1.1, "airlines": {"Wizz Air": {"7freq": 1.1}}}}}, "Barcelona": {"7freq": 6.05, "airports": {"BCN": {"7freq": 6.05, "airlines": {"Ryanair": {"7freq": 3.0}, "Wizz Air": {"7freq": 2.95}}}}}, "Frankfurt": {"7freq": 13.95, "airports": {"FRA": {"7freq": 11.95, "airlines": {"Lufthansa": {"7freq": 11.95}}}, "HHN": {"7freq": 2.0, "airlines": {"Wizz Air": {"7freq": 2.0}}}}}, "Thessaloniki": {"7freq": 2.0, "airports": {"SKG": {"7freq": 2.0, "airlines": {"Wizz Air": {"7freq": 2.0}}}}}, "Zurich": {"7freq": 9.0, "airports": {"ZRH": {"7freq": 9.0, "airlines": {"Swiss": {"7freq": 7.0}, "Helvetic Airways": {"7freq": 1.95}}}}}, "Madrid": {"7freq": 5.85, "airports": {"MAD": {"7freq": 5.85, "airlines": {"Ryanair": {"7freq": 2.9}, "Wizz Air": {"7freq": 2.95}}}}}, "Baku": {"7freq": 1.05, "airports": {"GYD": {"7freq": 1.05, "airlines": {"Wizz Air": {"7freq": 1.05}}}}}, "Bari": {"7freq": 2.9, "airports": {"BRI": {"7freq": 2.9, "airlines": {"Wizz Air": {"7freq": 2.9}}}}}, "Hurghada": {"7freq": 1.15, "airports": {"HRG": {"7freq": 1.15, "airlines": {"Air Cairo": {"7freq": 1.15}}}}}, "Lyon": {"7freq": 3.0, "airports": {"LYS": {"7freq": 3.0, "airlines": {"EasyJet": {"7freq": 3.0}}}}}, "Istanbul": {"7freq": 11.15, "airports": {"SAW": {"7freq": 3.0, "airlines": {"Pegasus Airlines": {"7freq": 3.0}}}, "IST": {"7freq": 8.15, "airlines": {"Turkish Airlines": {"7freq": 7.9}}}}}, "Pisa": {"7freq": 2.0, "airports": {"PSA": {"7freq": 2.0, "airlines": {"Ryanair": {"7freq": 2.0}}}}}, "Luxembourg": {"7freq": 1.45, "airports": {"LUX": {"7freq": 1.45, "airlines": {"Air Chathams": {"7freq": 0.8}, "Cargolux": {"7freq": 0.65}}}}}, "Rotterdam": {"7freq": 4.5, "airports": {"RTM": {"7freq": 4.5, "airlines": {"Transavia": {"7freq": 4.5}}}}}, "Nice": {"7freq": 1.95, "airports": {"NCE": {"7freq": 1.95, "airlines": {"Wizz Air": {"7freq": 1.95}}}}}, "Larnaca": {"7freq": 2.0, "airports": {"LCA": {"7freq": 2.0, "airlines": {"Wizz Air": {"7freq": 2.0}}}}}, "Fuerteventura": {"7freq": 1.0, "airports": {"FUE": {"7freq": 1.0, "airlines": {"Wizz Air": {"7freq": 1.0}}}}}, "Hong Kong": {"7freq": 1.45, "airports": {"HKG": {"7freq": 1.45, "airlines": {"Air Chathams": {"7freq": 0.85}, "Cargolux": {"7freq": 0.6}}}}}, "Algiers": {"7freq": 2.0, "airports": {"ALG": {"7freq": 2.0, "airlines": {"Air Algerie": {"7freq": 2.0}}}}}, "Malaga": {"7freq": 4.05, "airports": {"AGP": {"7freq": 4.05, "airlines": {"Ryanair": {"7freq": 2.1}, "Wizz Air": {"7freq": 1.95}}}}}, "Helsinki": {"7freq": 8.5, "airports": {"HEL": {"7freq": 8.5, "airlines": {"Norwegian": {"7freq": 2.05}, "Norwegian Air International": {"7freq": 0.35}, "Finnair": {"7freq": 5.9}}}}}, "Hamburg": {"7freq": 3.0, "airports": {"HAM": {"7freq": 3.0, "airlines": {"Germanwings": {"7freq": 3.0}}}}}, "Lanzarote": {"7freq": 1.0, "airports": {"ACE": {"7freq": 1.0, "airlines": {"Wizz Air": {"7freq": 1.0}}}}}, "Stockholm": {"7freq": 6.3, "airports": {"NYO": {"7freq": 2.9, "airlines": {"Wizz Air": {"7freq": 2.9}}}, "ARN": {"7freq": 3.4, "airlines": {"SAS": {"7freq": 0.4}, "Norwegian": {"7freq": 3.0}}}}}, "Tel Aviv": {"7freq": 8.5, "airports": {"TLV": {"7freq": 8.5, "airlines": {"Wizz Air": {"7freq": 2.95}, "El Al": {"7freq": 5.35}}}}}, "Las Palmas": {"7freq": 0.9, "airports": {"LPA": {"7freq": 0.9, "airlines": {"Ryanair": {"7freq": 0.9}}}}}, "Bucharest": {"7freq": 11.65, "airports": {"OTP": {"7freq": 11.65, "airlines": {"Tarom": {"7freq": 8.65}, "Wizz Air": {"7freq": 3.0}}}}}, "Beijing": {"7freq": 0.8, "airports": {"PEK": {"7freq": 0.8, "airlines": {"Air China": {"7freq": 0.8}}}}}, "Reykjavik": {"7freq": 2.0, "airports": {"KEF": {"7freq": 2.0, "airlines": {"Wizz Air": {"7freq": 2.0}}}}}, "Doha": {"7freq": 6.7, "airports": {"DOH": {"7freq": 6.7, "airlines": {"Qatar Air Cargo": {"7freq": 0.75}, "Qatar Airways": {"7freq": 5.95}}}}}, "Birmingham": {"7freq": 2.0, "airports": {"BHX": {"7freq": 2.0, "airlines": {"Wizz Air": {"7freq": 2.0}}}}}, "Venice": {"7freq": 2.9, "airports": {"VCE": {"7freq": 2.9, "airlines": {"EasyJet": {"7freq": 2.9}}}}}, "Riga": {"7freq": 2.3, "airports": {"RIX": {"7freq": 2.3, "airlines": {"Air Baltic": {"7freq": 2.3}}}}}, "Athens": {"7freq": 5.95, "airports": {"ATH": {"7freq": 5.95, "airlines": {"Ryanair": {"7freq": 3.0}, "Aegean Airlines": {"7freq": 2.95}}}}}, "Glasgow": {"7freq": 2.0, "airports": {"GLA": {"7freq": 2.0, "airlines": {"Wizz Air": {"7freq": 2.0}}}}}, "Gothenburg": {"7freq": 2.9, "airports": {"GOT": {"7freq": 2.9, "airlines": {"Wizz Air": {"7freq": 2.9}}}}}, "Geneva": {"7freq": 3.0, "airports": {"GVA": {"7freq": 3.0, "airlines": {"EasyJet": {"7freq": 3.0}}}}}, "Munich": {"7freq": 14.8, "airports": {"MUC": {"7freq": 14.8, "airlines": {"Lufthansa": {"7freq": 13.2}, "Air Dolomiti": {"7freq": 1.6}}}}}, "Naples": {"7freq": 2.0, "airports": {"NAP": {"7freq": 2.0, "airlines": {"Wizz Air": {"7freq": 2.0}}}}}, "Eilat": {"7freq": 2.0, "airports": {"VDA": {"7freq": 2.0, "airlines": {"Ryanair": {"7freq": 2.0}}}}}, "Cluj-Napoca": {"7freq": 2.0, "airports": {"CLJ": {"7freq": 2.0, "airlines": {"Wizz Air": {"7freq": 2.0}}}}}, "Dusseldorf": {"7freq": 8.55, "airports": {"DUS": {"7freq": 8.55, "airlines": {"Germanwings": {"7freq": 2.45}, "Eurowings": {"7freq": 6.0}}}}}, "Tenerife": {"7freq": 1.95, "airports": {"TFS": {"7freq": 1.95, "airlines": {"Wizz Air": {"7freq": 1.95}}}}}, "Billund": {"7freq": 1.9, "airports": {"BLL": {"7freq": 1.9, "airlines": {"Ryanair": {"7freq": 1.9}}}}}, "Minsk": {"7freq": 3.85, "airports": {"MSQ": {"7freq": 3.85, "airlines": {"Belavia": {"7freq": 2.4}, "Air China": {"7freq": 1.45}}}}}, "Bristol": {"7freq": 2.9, "airports": {"BRS": {"7freq": 2.9, "airlines": {"Ryanair": {"7freq": 2.9}}}}}, "Belgrade": {"7freq": 1.5, "airports": {"BEG": {"7freq": 1.5, "airlines": {"Belavia": {"7freq": 1.4}}}}}, "Prague": {"7freq": 9.6, "airports": {"PRG": {"7freq": 9.6, "airlines": {"Czech Airlines": {"7freq": 8.85}, "Qatar Air Cargo": {"7freq": 0.7}}}}}, "Sofia": {"7freq": 2.0, "airports": {"SOF": {"7freq": 2.0, "airlines": {"Wizz Air": {"7freq": 2.0}}}}}, "Lisbon": {"7freq": 2.95, "airports": {"LIS": {"7freq": 2.95, "airlines": {"Wizz Air": {"7freq": 2.95}}}}}, "Amsterdam": {"7freq": 10.45, "airports": {"AMS": {"7freq": 10.45, "airlines": {"EasyJet": {"7freq": 1.5}, "KLM": {"7freq": 8.95}}}}}, "Copenhagen": {"7freq": 5.9, "airports": {"CPH": {"7freq": 5.9, "airlines": {"Norwegian": {"7freq": 1.7}, "SmartLynx": {"7freq": 1.0}, "Ryanair": {"7freq": 3.0}}}}}, "Warsaw": {"7freq": 14.9, "airports": {"WAW": {"7freq": 14.9, "airlines": {"Wizz Air": {"7freq": 3.0}, "LOT": {"7freq": 11.9}}}}}}}