{"rome-fiumicino": {"country": "Italy", "coords": [41.7998868, 12.2462384], "name": "Leonardo da Vinci International Airport"}, "sofia": {"country": "Bulgaria", "coords": [42.6893691, 23.4144249], "name": "Sofia International Airport"}, "birmingham": {"country": "United States", "coords": [33.5624269, -86.754126], "name": "Birmingham-Shuttlesworth International Airport"}, "venice": {"country": "Italy", "coords": [45.5047775, 12.3396246], "name": "Venice Marco Polo Airport"}, "london-gatwick": {"country": "United Kingdom", "coords": [51.1536621, -0.1820629], "name": "Gatwick Airport"}, "rotterdam": {"country": "Netherlands", "coords": [51.95550859999999, 4.4398832], "name": "Rotterdam The Hague Airport"}, "reykjav\u00edk-keflav\u00edk": {"country": "Iceland", "coords": [63.98680669999999, -22.6279668], "name": "Keflavik International Airport"}, "istanbul-atat\u00fcrk": {"country": "Turkey", "coords": [40.9829888, 28.8104425], "name": "Istanbul Ataturk Airport"}, "leeds/bradford": {"country": "United Kingdom", "coords": [53.86794339999999, -1.6615306], "name": "Leeds Bradford Airport"}, "nuremberg": {"country": "Germany", "coords": [49.4971202, 11.079808], "name": "Airport N\u00fcrnberg"}, "munich": {"country": "Germany", "coords": [48.3536621, 11.7750279], "name": "Munich International Airport"}, "larnaca": {"country": "Cyprus", "coords": [34.8723402, 33.6203516], "name": "Larnaca International Airport"}, "treviso": {"country": "Italy", "coords": [45.6532764, 12.2020813], "name": "Treviso Airport"}, "porto": {"country": "Portugal", "coords": [41.2421186, -8.6785514], "name": "Francisco S\u00e1 Carneiro Airport"}, "toronto-pearson": {"country": "Canada", "coords": [43.67771760000001, -79.6248197], "name": "Toronto Pearson International Airport"}, "m\u00e1laga": {"country": "Spain", "coords": [36.6744295, -4.4913013], "name": "Malaga airport - Costa del Sol"}, "beauvais": {"country": "France", "coords": [49.4544677, 2.1115111], "name": "A\u00e9roport Paris Beauvais Till\u00e9"}, "london-stansted": {"country": "United Kingdom", "coords": [51.8860181, 0.2388661], "name": "Stansted Airport"}, "podgorica": {"country": "Montenegro", "coords": [42.3603394, 19.2507601], "name": "Podgorica Airport"}, "alicante": {"country": "Spain", "coords": [38.285483, -0.560056], "name": "Alicante Airport"}, "sarajevo": {"country": "Bosnia and Herzegovina", "coords": [43.824731, 18.3313595], "name": "Sarajevo International Airport"}, "manchester": {"country": "United Kingdom", "coords": [53.3588026, -2.2727303], "name": "Manchester Airport"}, "bucharest": {"country": "Romania", "coords": [44.5707306, 26.0844123], "name": "Henri Coand\u0103 International Airport"}, "cluj-napoca": {"country": "Romania", "coords": [46.7846851, 23.6889981], "name": "Avram Iancu International Airport Cluj"}, "belgrade": {"country": "Serbia", "coords": [44.820498, 20.291691], "name": "Nikola Tesla Airport"}, "tenerife-south": {"country": "Spain", "coords": [28.0457718, -16.576216], "name": "Tenerife South Airport"}, "cairo": {"country": "Egypt", "coords": [30.1188025, 31.4103638], "name": "Cairo International Airport"}, "prague": {"country": "Czechia", "coords": [50.10179100000001, 14.2631811], "name": "V\u00e1clav Havel Airport Prague"}, "baku": {"country": "Azerbaijan", "coords": [40.4650264, 50.0522984], "name": "Baku Airport - Heydar Aliyev Int'l Airport"}, "antalya": {"country": "Turkey", "coords": [36.9043327, 30.8018768], "name": "Antalya Airport"}, "bari": {"country": "Italy", "coords": [41.137508, 16.765202], "name": "Bari International Airport-Karol Wojtyla"}, "copenhagen": {"country": "Denmark", "coords": [55.6180236, 12.6507628], "name": "Copenhagen Airport"}, "lyon": {"country": "France", "coords": [45.7234181, 5.0887768], "name": "Lyon-Saint Exup\u00e9ry Airport"}, "london-heathrow": {"country": "United Kingdom", "coords": [51.4700223, -0.4542955], "name": "Heathrow Airport"}, "eastmidlands": {"country": "United Kingdom", "coords": [52.82937399999999, -1.332134], "name": "East Midlands Airport"}, "d\u00fcsseldorf": {"country": "Germany", "coords": [51.2876146, 6.7667912], "name": "D\u00fcsseldorf International Airport"}, "pisa": {"country": "Italy", "coords": [43.6890842, 10.3978845], "name": "Pisa International Airport"}, "tampere": {"country": "Finland", "coords": [61.41485689999999, 23.6046296], "name": "Tampere\u2013Pirkkala Airport"}, "istanbul-sabihag\u00f6kcen": {"country": "Turkey", "coords": [40.905371, 29.3168603], "name": "Sabiha Gokcen International Airport"}, "pristina": {"country": null, "coords": [42.5735366, 21.0346155], "name": "Aeroporti Nd\u00ebrkomb\u00ebtar i Prishtin\u00ebs Adem Jashari"}, "glasgow": {"country": "United Kingdom", "coords": [55.8690744, -4.4350529], "name": "Glasgow Airport"}, "dresden": {"country": "Germany", "coords": [51.1321529, 13.7672072], "name": "Dresden Airport"}, "charter:ingolstadt-manching": {"country": "Germany", "coords": [48.7155569, 11.533889], "name": "Manching Airport"}, "lameziaterme": {"country": "Italy", "coords": [38.9065845, 16.2434017], "name": "Lamezia Terme International Airport"}, "t\u00e2rgumure\u0219": {"country": "Romania", "coords": [46.4673469, 24.412382], "name": "T\u00e2rgu Mure\u0219 Transilvania Airport"}, "malm\u00f6": {"country": "Sweden", "coords": [55.5355336, 13.3723829], "name": "Malm\u00f6 Airport"}, "alghero": {"country": "Italy", "coords": [40.6332779, 8.2896846], "name": "Alghero-Fertilia Airport"}, "beijing-capital": {"country": "China", "coords": [40.0798573, 116.6031121], "name": "Beijing Capital International Airport"}, "telaviv-bengurion": {"country": "Israel", "coords": [32.005532, 34.8854112], "name": "Ben Gurion Airport"}, "rhodes": {"country": "Greece", "coords": [36.402288, 28.09022], "name": "Rodos International Airport"}, "dublin": {"country": "Ireland", "coords": [53.42644809999999, -6.249909799999999], "name": "Dublin Airport"}, "billund": {"country": "Denmark", "coords": [55.7408067, 9.1525999], "name": "Billund Airport"}, "minsk": {"country": "Belarus", "coords": [53.8825, 28.0325], "name": "Minsk National Airport"}, "bristol": {"country": "United Kingdom", "coords": [51.38363039999999, -2.7135463], "name": "Bristol Airport"}, "bologna": {"country": "Italy", "coords": [44.5345216, 11.2878593], "name": "Bologna Guglielmo Marconi Airport"}, "thessaloniki": {"country": "Greece", "coords": [40.5204227, 22.9716758], "name": "Thessaloniki Airport Makedonia"}, "z\u00fcrich": {"country": "Switzerland", "coords": [47.4582165, 8.5554755], "name": "Zurich Airport"}, "milan-malpensa": {"country": "Italy", "coords": [45.6300625, 8.7255307], "name": "Malpensa Airport"}, "leipzig/halle": {"country": "Germany", "coords": [51.4220814, 12.2203805], "name": "Leipzig/Halle Airport"}, "amsterdam": {"country": "Netherlands", "coords": [52.3105386, 4.7682744], "name": "Amsterdam Airport Schiphol"}, "bergen": {"country": "Norway", "coords": [60.29183, 5.2220173], "name": "Bergen Airport"}, "brussels": {"country": "Belgium", "coords": [50.900999, 4.4855744], "name": "Brussels Airport"}, "dubai-almaktoum": {"country": "United Arab Emirates", "coords": [24.8977876, 55.1431018], "name": "Al Maktoum International Airport-DWC"}, "dortmund": {"country": "Germany", "coords": [51.517319, 7.6120193], "name": "Dortmund Airport"}, "riga": {"country": "Latvia", "coords": [56.9226554, 23.9733129], "name": "Riga International Airport"}, "athens": {"country": "Greece", "coords": [37.9356467, 23.9484156], "name": "Athens International Airport"}, "heraklion": {"country": "Greece", "coords": [35.3395798, 25.1747483], "name": "Heraklion Airport N. Kazantzakis"}, "kiev-boryspil": {"country": "Ukraine", "coords": [50.33822199999999, 30.8939274], "name": "Kyiv Boryspil International Airport"}, "madrid": {"country": "Spain", "coords": [40.4839361, -3.5679515], "name": "Madrid-Barajas Airport"}, "marrakesh": {"country": "Morocco", "coords": [31.6097976, -8.0347755], "name": "Marrakech Menara Airport"}, "naples": {"country": "United States", "coords": [26.14829, -81.7747536], "name": "Naples Municipal Airport"}, "gothenburg": {"country": "Sweden", "coords": [57.668799, 12.292314], "name": "Gothenburg-Landvetter Airport"}, "liverpool": {"country": "United Kingdom", "coords": [53.3375129, -2.8544274], "name": "Liverpool John Lennon Airport"}, "geneva": {"country": "Switzerland", "coords": [46.23700969999999, 6.1091564], "name": "Gen\u00e8ve A\u00e9roport"}, "zakynthos": {"country": "Greece", "coords": [37.7531714, 20.8851608], "name": "Zakynthos Airport"}, "eindhoven": {"country": "Netherlands", "coords": [51.4583691, 5.3920556], "name": "Eindhoven Airport"}, "hamburg": {"country": "Germany", "coords": [53.633622, 9.9974128], "name": "Hamburg Airport"}, "catania": {"country": "Italy", "coords": [37.4673046, 15.0657746], "name": "Catania Fontanarossa Airport"}, "palmademallorca": {"country": "Spain", "coords": [39.5517407, 2.7361649], "name": "Palma de Mallorca Airport"}, "kiev-zhulyany": {"country": "Ukraine", "coords": [50.4119842, 30.4432539], "name": "Airport Kyiv Zulyany (IEV)"}, "dubai-international": {"country": "United Arab Emirates", "coords": [25.2531745, 55.3656728], "name": "Dubai International Airport"}, "berlin-tegel": {"country": "Germany", "coords": [52.5588327, 13.2884374], "name": "Berlin Tegel Airport"}, "algiers": {"country": "Algeria", "coords": [36.6981425, 3.2067834], "name": "Algiers International Airport Houari Boumediene"}, "bergamo": {"country": "Italy", "coords": [45.66957070000001, 9.7036313], "name": "Orio al Serio International Airport"}, "london-southend": {"country": "United Kingdom", "coords": [51.5710338, 0.6976146999999999], "name": "London Southend Airport"}, "berlin-sch\u00f6nefeld": {"country": "Germany", "coords": [52.38544109999999, 13.5216148], "name": "Berlin Sch\u00f6nefeld Airport"}, "lanzarote": {"country": "Spain", "coords": [28.950438, -13.6057769], "name": "Lanzarote Airport"}, "charleroi": {"country": "Belgium", "coords": [50.4642198, 4.4649753], "name": "Brussels South Charleroi Airport"}, "vienna": {"country": "Austria", "coords": [48.1158333, 16.5665751], "name": "Vienna International Airport"}, "paris-orly": {"country": "France", "coords": [48.7262433, 2.3652472], "name": "Orly Airport"}, "cologne/bonn": {"country": "Germany", "coords": [50.8707168, 7.140734399999999], "name": "Cologne Bonn Airport"}, "doha": {"country": "Qatar", "coords": [25.2605946, 51.6137665], "name": "Hamad International Airport"}, "lisbon": {"country": "Portugal", "coords": [38.7755936, -9.135366699999999], "name": "Lisbon Portela Airport"}, "hahn": {"country": "Germany", "coords": [49.9458052, 7.2641958], "name": "Frankfurt-Hahn Airport"}, "paris-charlesdegaulle": {"country": "France", "coords": [49.0096906, 2.5479245], "name": "Charles de Gaulle Airport"}, "corfu": {"country": "Greece", "coords": [39.6076445, 19.9144861], "name": "LGKR"}, "stuttgart": {"country": "Germany", "coords": [48.6876365, 9.205575999999999], "name": "Stuttgart Airport"}, "fuerteventura": {"country": "Spain", "coords": [28.4526212, -13.8694245], "name": "Airport De Fuerteventura"}, "burgas": {"country": "Bulgaria", "coords": [42.5652706, 27.5160873], "name": "Airport Burgas"}, "malta": {"country": "Malta", "coords": [35.8541135, 14.4832795], "name": "Malta International Airport"}, "basel/mulhouse": {"country": "France", "coords": [47.5981804, 7.525495799999999], "name": "EuroAirport Basel-Mulhouse-Freiburg"}, "stockholm-arlanda": {"country": "Sweden", "coords": [59.6497622, 17.9237807], "name": "Stockholm Arlanda Airport"}, "tirana": {"country": "Albania", "coords": [41.41444509999999, 19.7192999], "name": "Tirana International Airport N\u00ebn\u00eb Tereza"}, "nice": {"country": "France", "coords": [43.6597689, 7.214821400000001], "name": "A\u00e9roport Nice C\u00f4te d'Azur"}, "moscow-sheremetyevo": {"country": "Russia", "coords": [55.9736482, 37.4125029], "name": "Sheremetyevo International Airport"}, "edinburgh": {"country": "United Kingdom", "coords": [55.950785, -3.3614532], "name": "Edinburgh Airport"}, "warsaw-chopin": {"country": "Poland", "coords": [52.1672369, 20.9678911], "name": "Warsaw Chopin Airport"}, "london-luton": {"country": "United Kingdom", "coords": [51.87626460000001, -0.3717471], "name": "London Luton Airport"}, "faro": {"country": "Portugal", "coords": [37.0175956, -7.96972], "name": "Faro Airport"}, "stockholm-skavsta": {"country": "Sweden", "coords": [58.78902009999999, 16.9153649], "name": "Stockholm Skavsta Airport"}, "kutaisi": {"country": "Georgia", "coords": [42.18206929999999, 42.4656021], "name": "David the Builder Kutaisi International Airport"}, "skopje": {"country": "Macedonia (FYROM)", "coords": [41.963161, 21.6223532], "name": "Skopje Alexander the Great Airport"}, "oslo-gardermoen": {"country": "Norway", "coords": [60.1975501, 11.1004153], "name": "Oslo Airport"}, "karlsruhe/baden-baden": {"country": "Germany", "coords": [48.786504, 8.1011832], "name": "Flughafen Karlsruhe / Baden-Baden"}, "erfurt/weimar": {"country": "Germany", "coords": [50.9796148, 10.9569312], "name": "Erfurt-Weimar Airport"}, "rome-ciampino": {"country": "Italy", "coords": [41.7995234, 12.5907988], "name": "Ciampino Airport"}, "eilat-ovda": {"country": "Israel", "coords": [29.951085, 34.936194], "name": "Ovda Airport"}, "hannover": {"country": "Germany", "coords": [52.4618486, 9.6889919], "name": "Hannover Airport"}, "helsinki": {"country": "Finland", "coords": [60.32104159999999, 24.9528604], "name": "Helsinki Airport"}, "barcelona": {"country": "Spain", "coords": [41.297445, 2.0832941], "name": "Barcelona\u2013El Prat Airport"}, "ibiza": {"country": "Spain", "coords": [38.8748594, 1.3712232], "name": "Ibiza Airport"}, "moscow-vnukovo": {"country": "Russia", "coords": [55.59964799999999, 37.27123419999999], "name": "Vnukovo International Airport"}, "grancanaria": {"country": "Spain", "coords": [27.9331848, -15.3877066], "name": "Gran Canaria Airport"}, "bordeaux": {"country": "France", "coords": [44.8305935, -0.7103052], "name": "Bordeaux-M\u00e9rignac Airport"}, "frankfurt": {"country": "Germany", "coords": [50.0379326, 8.562151799999999], "name": "Frankfurt Airport"}}