{"rome-fiumicino": {"country": "Italy", "coords": [41.7998868, 12.2462384], "name": "Leonardo da Vinci International Airport"}, "perugia": {"country": "Italy", "coords": [43.0968391, 12.5115538], "name": "Aeroporto Internazionale dell'Umbria - Perugia \"San Francesco d'Assisi\" - S.A.S.E. SpA"}, "sofia": {"country": "Bulgaria", "coords": [42.6893691, 23.4144249], "name": "Sofia International Airport"}, "birmingham": {"country": "United States", "coords": [33.5624269, -86.754126], "name": "Birmingham-Shuttlesworth International Airport"}, "suceava": {"country": "Romania", "coords": [47.6867968, 26.3526861], "name": "Suceava International Airport"}, "london-gatwick": {"country": "United Kingdom", "coords": [51.1536621, -0.1820629], "name": "Gatwick Airport"}, "oradea": {"country": "Romania", "coords": [47.0258002, 21.8973261], "name": "Oradea International Airport"}, "zagreb": {"country": "Croatia", "coords": [45.7407504, 16.0674365], "name": "Zagreb Airport"}, "istanbul-atat\u00fcrk": {"country": "Turkey", "coords": [40.9829888, 28.8104425], "name": "Istanbul Ataturk Airport"}, "munich": {"country": "Germany", "coords": [48.3536621, 11.7750279], "name": "Munich International Airport"}, "bratislava": {"country": "Slovakia", "coords": [48.1702634, 17.2105238], "name": "Bratislava Airport"}, "larnaca": {"country": "Cyprus", "coords": [34.8723402, 33.6203516], "name": "Larnaca International Airport"}, "castellon": {"country": "Spain", "coords": [40.206784, 0.069178], "name": "Aeropuerto de Castell\u00f3n"}, "treviso": {"country": "Italy", "coords": [45.6532764, 12.2020813], "name": "Treviso Airport"}, "skiathos": {"country": "Greece", "coords": [39.17871460000001, 23.5023599], "name": "Skiathos Airport \u2018Alexandros Papadiamantis"}, "palermo": {"country": "Italy", "coords": [38.1824001, 13.1005819], "name": "Aeroporto di Palermo Falcone e Borsellino"}, "budapest": {"country": "Hungary", "coords": [47.4384587, 19.2522958], "name": "Budapest Airport"}, "m\u00e1laga": {"country": "Spain", "coords": [36.6744295, -4.4913013], "name": "Malaga airport - Costa del Sol"}, "beauvais": {"country": "France", "coords": [49.4544677, 2.1115111], "name": "A\u00e9roport Paris Beauvais Till\u00e9"}, "london-stansted": {"country": "United Kingdom", "coords": [51.8860181, 0.2388661], "name": "Stansted Airport"}, "glasgow": {"country": "United Kingdom", "coords": [55.8690744, -4.4350529], "name": "Glasgow Airport"}, "preveza": {"country": "Greece", "coords": [38.9259515, 20.7681962], "name": "Aktion National Airport"}, "alicante": {"country": "Spain", "coords": [38.285483, -0.560056], "name": "Alicante Airport"}, "doncaster/sheffield": {"country": "United Kingdom", "coords": [53.4807451, -1.0109145], "name": "Doncaster Sheffield Airport"}, "bucharest": {"country": "Romania", "coords": [44.5707306, 26.0844123], "name": "Henri Coand\u0103 International Airport"}, "cluj-napoca": {"country": "Romania", "coords": [46.7846851, 23.6889981], "name": "Avram Iancu International Airport Cluj"}, "belgrade": {"country": "Serbia", "coords": [44.820498, 20.291691], "name": "Nikola Tesla Airport"}, "tenerife-south": {"country": "Spain", "coords": [28.0457718, -16.576216], "name": "Tenerife South Airport"}, "madrid": {"country": "Spain", "coords": [40.4839361, -3.5679515], "name": "Madrid-Barajas Airport"}, "prague": {"country": "Czechia", "coords": [50.10179100000001, 14.2631811], "name": "V\u00e1clav Havel Airport Prague"}, "pescara": {"country": "Italy", "coords": [42.4318438, 14.1829232], "name": "Aeroporto Internazionale d\u2019Abruzzo"}, "lisbon": {"country": "Portugal", "coords": [38.7755936, -9.135366699999999], "name": "Lisbon Portela Airport"}, "bari": {"country": "Italy", "coords": [41.137508, 16.765202], "name": "Bari International Airport-Karol Wojtyla"}, "copenhagen": {"country": "Denmark", "coords": [55.6180236, 12.6507628], "name": "Copenhagen Airport"}, "milan-linate": {"country": "Italy", "coords": [45.452176, 9.276308], "name": "Milan Linate Airport"}, "hurghada": {"country": "Egypt", "coords": [27.180494, 33.807566], "name": "Hurghada International Airport"}, "lyon": {"country": "France", "coords": [45.7234181, 5.0887768], "name": "Lyon-Saint Exup\u00e9ry Airport"}, "london-heathrow": {"country": "United Kingdom", "coords": [51.4700223, -0.4542955], "name": "Heathrow Airport"}, "d\u00fcsseldorf": {"country": "Germany", "coords": [51.2876146, 6.7667912], "name": "D\u00fcsseldorf International Airport"}, "pisa": {"country": "Italy", "coords": [43.6890842, 10.3978845], "name": "Pisa International Airport"}, "chania": {"country": "Greece", "coords": [35.5398503, 24.1403444], "name": "Chania International Airport"}, "amman-queenalia": {"country": "Jordan", "coords": [31.7202574, 35.994232], "name": "Queen Alia International Airport"}, "zaragoza": {"country": "Spain", "coords": [41.663511, -1.0079225], "name": "Zaragoza Airport"}, "lameziaterme": {"country": "Italy", "coords": [38.9065845, 16.2434017], "name": "Lamezia Terme International Airport"}, "girona": {"country": "Spain", "coords": [41.8975373, 2.7662477], "name": "Girona-Costa Brava Airport"}, "malm\u00f6": {"country": "Sweden", "coords": [55.5355336, 13.3723829], "name": "Malm\u00f6 Airport"}, "alghero": {"country": "Italy", "coords": [40.6332779, 8.2896846], "name": "Alghero-Fertilia Airport"}, "weeze": {"country": "Germany", "coords": [51.5995781, 6.1503945], "name": "Airport Weeze"}, "telaviv-bengurion": {"country": "Israel", "coords": [32.005532, 34.8854112], "name": "Ben Gurion Airport"}, "rhodes": {"country": "Greece", "coords": [36.402288, 28.09022], "name": "Rodos International Airport"}, "dublin": {"country": "Ireland", "coords": [53.42644809999999, -6.249909799999999], "name": "Dublin Airport"}, "bilbao": {"country": "Spain", "coords": [43.302494, -2.911116], "name": "Bilbao Airport"}, "billund": {"country": "Denmark", "coords": [55.7408067, 9.1525999], "name": "Billund Airport"}, "bristol": {"country": "United Kingdom", "coords": [51.38363039999999, -2.7135463], "name": "Bristol Airport"}, "mykonos": {"country": "Greece", "coords": [37.4353506, 25.3476325], "name": "Mykonos Island National Airport"}, "thessaloniki": {"country": "Greece", "coords": [40.5204227, 22.9716758], "name": "Thessaloniki Airport Makedonia"}, "baiamare": {"country": "Romania", "coords": [47.661179, 23.466813], "name": "Aeroportul International Baia Mare"}, "z\u00fcrich": {"country": "Switzerland", "coords": [47.4582165, 8.5554755], "name": "Zurich Airport"}, "milan-malpensa": {"country": "Italy", "coords": [45.6300625, 8.7255307], "name": "Malpensa Airport"}, "satumare": {"country": "Romania", "coords": [47.7061308, 22.8824023], "name": "Aeroportul Interna\u021bional Satu Mare"}, "naples": {"country": "United States", "coords": [26.14829, -81.7747536], "name": "Naples Municipal Airport"}, "antalya": {"country": "Turkey", "coords": [36.9043327, 30.8018768], "name": "Antalya Airport"}, "florence": {"country": "Italy", "coords": [43.8086534, 11.2012247], "name": "Florence Airport, Peretola"}, "brussels": {"country": "Belgium", "coords": [50.900999, 4.4855744], "name": "Brussels Airport"}, "dubai-almaktoum": {"country": "United Arab Emirates", "coords": [24.8977876, 55.1431018], "name": "Al Maktoum International Airport-DWC"}, "dortmund": {"country": "Germany", "coords": [51.517319, 7.6120193], "name": "Dortmund Airport"}, "amsterdam": {"country": "Netherlands", "coords": [52.3105386, 4.7682744], "name": "Amsterdam Airport Schiphol"}, "athens": {"country": "Greece", "coords": [37.9356467, 23.9484156], "name": "Athens International Airport"}, "heraklion": {"country": "Greece", "coords": [35.3395798, 25.1747483], "name": "Heraklion Airport N. Kazantzakis"}, "kiev-boryspil": {"country": "Ukraine", "coords": [50.33822199999999, 30.8939274], "name": "Kyiv Boryspil International Airport"}, "valencia": {"country": "Spain", "coords": [39.4892327, -0.4780256], "name": "Valencia Airport"}, "kos": {"country": "Greece", "coords": [36.8003475, 27.087821], "name": "Kos Island International Airport"}, "turin": {"country": "Italy", "coords": [45.1965359, 7.647867000000001], "name": "Turin Airport"}, "vienna": {"country": "Austria", "coords": [48.1158333, 16.5665751], "name": "Vienna International Airport"}, "liverpool": {"country": "United Kingdom", "coords": [53.3375129, -2.8544274], "name": "Liverpool John Lennon Airport"}, "geneva": {"country": "Switzerland", "coords": [46.23700969999999, 6.1091564], "name": "Gen\u00e8ve A\u00e9roport"}, "zakynthos": {"country": "Greece", "coords": [37.7531714, 20.8851608], "name": "Zakynthos Airport"}, "eindhoven": {"country": "Netherlands", "coords": [51.4583691, 5.3920556], "name": "Eindhoven Airport"}, "memmingen": {"country": "Germany", "coords": [47.98792, 10.2325154], "name": "Allgaeu Airport"}, "hamburg": {"country": "Germany", "coords": [53.633622, 9.9974128], "name": "Hamburg Airport"}, "catania": {"country": "Italy", "coords": [37.4673046, 15.0657746], "name": "Catania Fontanarossa Airport"}, "palmademallorca": {"country": "Spain", "coords": [39.5517407, 2.7361649], "name": "Palma de Mallorca Airport"}, "dubai-international": {"country": "United Arab Emirates", "coords": [25.2531745, 55.3656728], "name": "Dubai International Airport"}, "berlin-tegel": {"country": "Germany", "coords": [52.5588327, 13.2884374], "name": "Berlin Tegel Airport"}, "nuremberg": {"country": "Germany", "coords": [49.4971202, 11.079808], "name": "Airport N\u00fcrnberg"}, "bodrum": {"country": "Turkey", "coords": [37.248656, 27.6639925], "name": "Milas\u2013Bodrum Airport"}, "bergamo": {"country": "Italy", "coords": [45.66957070000001, 9.7036313], "name": "Orio al Serio International Airport"}, "sharmel-sheikh": {"country": "Egypt", "coords": [27.9768276, 34.3935273], "name": "Sharm El Sheikh International Airport"}, "berlin-sch\u00f6nefeld": {"country": "Germany", "coords": [52.38544109999999, 13.5216148], "name": "Berlin Sch\u00f6nefeld Airport"}, "tunis": {"country": "Tunisia", "coords": [35.758056, 10.7547219], "name": "Habib Bourguiba International"}, "charleroi": {"country": "Belgium", "coords": [50.4642198, 4.4649753], "name": "Brussels South Charleroi Airport"}, "cologne/bonn": {"country": "Germany", "coords": [50.8707168, 7.140734399999999], "name": "Cologne Bonn Airport"}, "doha": {"country": "Qatar", "coords": [25.2605946, 51.6137665], "name": "Hamad International Airport"}, "istanbul-sabihag\u00f6k\u00e7en": {"country": "Turkey", "coords": [40.905371, 29.3168603], "name": "Sabiha Gokcen International Airport"}, "hahn": {"country": "Germany", "coords": [49.9458052, 7.2641958], "name": "Frankfurt-Hahn Airport"}, "sandefjord": {"country": "Norway", "coords": [59.1824458, 10.2569121], "name": "TORP Sandefjord Airport"}, "paris-charlesdegaulle": {"country": "France", "coords": [49.0096906, 2.5479245], "name": "Charles de Gaulle Airport"}, "corfu": {"country": "Greece", "coords": [39.6076445, 19.9144861], "name": "LGKR"}, "stuttgart": {"country": "Germany", "coords": [48.6876365, 9.205575999999999], "name": "Stuttgart Airport"}, "ia\u0219i": {"country": "Romania", "coords": [47.17714489999999, 27.6173116], "name": "Ia\u0219i International Airport"}, "bologna": {"country": "Italy", "coords": [44.5345216, 11.2878593], "name": "Bologna Guglielmo Marconi Airport"}, "malta": {"country": "Malta", "coords": [35.8541135, 14.4832795], "name": "Malta International Airport"}, "basel/mulhouse": {"country": "France", "coords": [47.5981804, 7.525495799999999], "name": "EuroAirport Basel-Mulhouse-Freiburg"}, "stockholm-arlanda": {"country": "Sweden", "coords": [59.6497622, 17.9237807], "name": "Stockholm Arlanda Airport"}, "chi\u0219in\u0103u": {"country": "Moldova", "coords": [46.9326367, 28.9316481], "name": "Chi\u0219in\u0103u International Airport"}, "beirut": {"country": "Lebanon", "coords": [33.8193756, 35.4912043], "name": "Beirut-Rafic Hariri International Airport"}, "nice": {"country": "France", "coords": [43.6597689, 7.214821400000001], "name": "A\u00e9roport Nice C\u00f4te d'Azur"}, "moscow-sheremetyevo": {"country": "Russia", "coords": [55.9736482, 37.4125029], "name": "Sheremetyevo International Airport"}, "warsaw-chopin": {"country": "Poland", "coords": [52.1672369, 20.9678911], "name": "Warsaw Chopin Airport"}, "verona": {"country": "Italy", "coords": [45.4000011, 10.8901406], "name": "Verona Villafranca Airport"}, "london-luton": {"country": "United Kingdom", "coords": [51.87626460000001, -0.3717471], "name": "London Luton Airport"}, "stockholm-skavsta": {"country": "Sweden", "coords": [58.78902009999999, 16.9153649], "name": "Stockholm Skavsta Airport"}, "oslo-gardermoen": {"country": "Norway", "coords": [60.1975501, 11.1004153], "name": "Oslo Airport"}, "santorini": {"country": "Greece", "coords": [36.4003185, 25.4776476], "name": "Santorini Airport"}, "karlsruhe/baden-baden": {"country": "Germany", "coords": [48.786504, 8.1011832], "name": "Flughafen Karlsruhe / Baden-Baden"}, "rome-ciampino": {"country": "Italy", "coords": [41.7995234, 12.5907988], "name": "Ciampino Airport"}, "hannover": {"country": "Germany", "coords": [52.4618486, 9.6889919], "name": "Hannover Airport"}, "helsinki": {"country": "Finland", "coords": [60.32104159999999, 24.9528604], "name": "Helsinki Airport"}, "barcelona": {"country": "Spain", "coords": [41.297445, 2.0832941], "name": "Barcelona\u2013El Prat Airport"}, "timi\u0219oara": {"country": "Romania", "coords": [45.8102336, 21.320193], "name": "Aeroportul Interna\u021bional Traian Vuia"}, "bordeaux": {"country": "France", "coords": [44.8305935, -0.7103052], "name": "Bordeaux-M\u00e9rignac Airport"}, "frankfurt": {"country": "Germany", "coords": [50.0379326, 8.562151799999999], "name": "Frankfurt Airport"}}