{"Canada": "Kanada", "East Timor": "Kelet-Timor", "Turkmenistan": "T\u00fcrkmeniszt\u00e1n", "Lithuania": "Litv\u00e1nia", "Cambodia": "Kambodzsa", "Ethiopia": "Eti\u00f3pia", "Swaziland": "Szv\u00e1zif\u00f6ld", "Palestine": "Palesztina", "Argentina": "Argent\u00edna", "Bolivia": "Bol\u00edvia", "Cameroon": "Kamerun", "Burkina Faso": "Burkina Faso", "Bahrain": "Bahrein", "Saudi Arabia": "Sza\u00fad-Ar\u00e1bia", "Japan": "Jap\u00e1n", "Cape Verde": "Z\u00f6ld-foki k\u00f6zt\u00e1rsas\u00e1g", "Slovenia": "Szlov\u00e9nia", "Guatemala": "Guatemala", "Bosnia and Herzegovina": "Bosznia \u00e9s Hercegovina", "Kuwait": "Kuwait", "Jordan": "Jord\u00e1nia", "Spain": "Spanyolorsz\u00e1g", "Australia": "Ausztr\u00e1lia", "Liberia": "Lib\u00e9ria", "Maldives": "Mald\u00edv-szigetek", "Paraguay": "Paraguay", "Pakistan": "Pakiszt\u00e1n", "Oman": "Om\u00e1n", "Tanzania": "Tanz\u00e1nia", "Gabon": "Gabon", "New Zealand": "\u00daj-Z\u00e9land", "Yemen": "Jemen", "Jamaica": "Jamaica", "Albania": "Alb\u00e1nia", "Samoa": "Samoa", "United Arab Emirates": "Egyes\u00fclt Arab Em\u00edrs\u00e9gek", "Kosovo": "Koszov\u00f3", "India": "India", "Azerbaijan": "Azerbajdzs\u00e1n", "Madagascar": "Madagaszk\u00e1r", "Lesotho": "Lesotho", "Kenya": "Kenya", "South Korea": "D\u00e9l-Korea", "Tajikistan": "T\u00e1dzsikiszt\u00e1n", "Turkey": "T\u00f6r\u00f6korsz\u00e1g", "Afghanistan": "Afganiszt\u00e1n", "Czech Republic": "Cseh K\u00f6zt\u00e1rsas\u00e1g", "Mauritania": "Maurit\u00e1nia", "Kyrgyzstan": "Kirgiziszt\u00e1n", "Mongolia": "Mong\u00f3lia", "France": "Franciaorsz\u00e1g", "Rwanda": "Ruanda", "Slovakia": "Szlov\u00e1kia", "Somalia": "Szom\u00e1lia", "Peru": "Peru", "Laos": "Laosz", "Norway": "Norv\u00e9gia", "Malawi": "Malawi", "Benin": "Benin", "Cuba": "Kuba", "Montenegro": "Montenegr\u00f3", "Republic of the Congo": "Kong\u00f3i K\u00f6zt\u00e1rsas\u00e1g", "Togo": "Togo", "China": "K\u00edna", "Armenia": "\u00d6rm\u00e9nyorsz\u00e1g", "Dominican Republic": "Dominikai K\u00f6zt\u00e1rsas\u00e1g", "Ukraine": "Ukrajna", "Ghana": "Gh\u00e1na", "Tonga": "Tonga", "Finland": "Finnorsz\u00e1g", "Libya": "L\u00edbia", "Indonesia": "Indon\u00e9zia", "Central African Republic": "K\u00f6z\u00e9p-afrikai K\u00f6zt\u00e1rsas\u00e1g", "Mauritius": "Mauritius", "Sweden": "Sv\u00e9dorsz\u00e1g", "Vietnam": "Vietnam", "Mali": "Mali", "Russia": "Oroszorsz\u00e1g", "Bulgaria": "Bulg\u00e1ria", "United States": "Egyes\u00fclt \u00c1llamok", "Romania": "Rom\u00e1nia", "Angola": "Angola", "Portugal": "Portug\u00e1lia", "South Africa": "D\u00e9l-Afrika", "Cyprus": "Ciprus", "Liechtenstein": "Liechtenstein", "Malaysia": "Malajzia", "Senegal": "Szeneg\u00e1l", "Mozambique": "Mozambik", "Uganda": "Uganda", "Hungary": "Magyarorsz\u00e1g", "Niger": "Niger", "Brazil": "Braz\u00edlia", "Guinea": "Guinea", "Panama": "Panama", "Costa Rica": "Costa Rica", "Luxembourg": "Luxemburg", "Andorra": "Andorra", "Ivory Coast": "Elef\u00e1ntcsontpart", "Nigeria": "Nig\u00e9ria", "Ecuador": "Ecuador", "Bangladesh": "Banglades", "Brunei": "Brunei", "Belarus": "Feh\u00e9roroszorsz\u00e1g", "Iran": "Ir\u00e1n", "Algeria": "Alg\u00e9ria", "El Salvador": "El Salvador", "Chile": "Chile", "Belgium": "Belgium", "Thailand": "Thaif\u00f6ld", "Haiti": "Haiti", "Belize": "Belize", "Hong Kong": "Hong Kong", "Sierra Leone": "Sierra Leone", "Georgia": "Gr\u00fazia", "Denmark": "D\u00e1nia", "Philippines": "F\u00fcl\u00f6p-szigetek", "Moldova": "Moldova", "Morocco": "Marokk\u00f3", "Namibia": "Nam\u00edbia", "Guinea-Bissau": "Bissau-Guinea", "Switzerland": "Sv\u00e1jc", "Myanmar [Burma]": "Mianmar [Burma]", "Seychelles": "Seychelle-szigetek", "Chad": "Cs\u00e1d", "Estonia": "\u00c9sztorsz\u00e1g", "Uruguay": "Uruguay", "Mexico": "Mexik\u00f3", "Lebanon": "Libanon", "Uzbekistan": "\u00dczbegiszt\u00e1n", "Egypt": "Egyiptom", "Djibouti": "Dzsibuti", "Colombia": "Kolumbia", "Burundi": "Burundi", "Taiwan": "Tajvan", "Fiji": "Fidzsi-szigetek", "Qatar": "Katar", "Italy": "Olaszorsz\u00e1g", "Bhutan": "Bhut\u00e1n", "Sudan": "Szud\u00e1n", "Nepal": "Nep\u00e1l", "Malta": "M\u00e1lta", "Democratic Republic of the Congo": "Kong\u00f3i Demokratikus K\u00f6zt\u00e1rsas\u00e1g", "Netherlands": "Hollandia", "Suriname": "Suriname", "Venezuela": "Venezuela", "Israel": "Izrael", "Iceland": "Izland", "Zambia": "Zambia", "Austria": "Ausztria", "Papua New Guinea": "P\u00e1pua \u00daj-Guinea", "Zimbabwe": "Zimbabwe", "Germany": "N\u00e9metorsz\u00e1g", "Gambia": "Gambia", "Kazakhstan": "Kazahszt\u00e1n", "Poland": "Lengyelorsz\u00e1g", "Eritrea": "Eritrea", "Ireland": "\u00cdrorsz\u00e1g", "Iraq": "Irak", "Macedonia": "Maced\u00f3nia", "North Korea": "\u00c9szak-Korea", "Trinidad and Tobago": "Trinidad \u00e9s Tobago", "Latvia": "Lettorsz\u00e1g", "South Sudan": "D\u00e9l-Szud\u00e1n", "Guyana": "Guyana", "Syria": "Sz\u00edria", "Honduras": "Honduras", "Equatorial Guinea": "Egyenl\u00edt\u0151i Guinea", "Tunisia": "Tun\u00e9zia", "Nicaragua": "Nicaragua", "Singapore": "Szingap\u00far", "Serbia": "Szerbia", "Botswana": "Botswana", "United Kingdom": "Egyes\u00fclt Kir\u00e1lys\u00e1g", "Greece": "G\u00f6r\u00f6gorsz\u00e1g", "Sri Lanka": "Sri Lanka", "Croatia": "Horv\u00e1torsz\u00e1g", "Comoros": "Comore-szigetek"}