{"Turkey": {"count": 22.7, "OTP": {"count": 17.95, "cities": {"Istanbul": {"7freq": 17.95, "airports": {"SAW": {"7freq": 3.0, "airlines": {"Pegasus Airlines": {"7freq": 3.0}}}, "IST": {"7freq": 14.95, "airlines": {"Tarom": {"7freq": 6.05}, "Turkish Airlines": {"7freq": 8.9}}}}}}}, "CND": {"count": 0.95, "cities": {"Istanbul": {"7freq": 0.95, "airports": {"IST": {"7freq": 0.95, "airlines": {"Turkish Airlines": {"7freq": 0.95}}}}}}}, "coords": [38.963745, 35.243322], "CLJ": {"count": 3.8, "cities": {"Istanbul": {"7freq": 3.8, "airports": {"IST": {"7freq": 3.8, "airlines": {"Turkish Airlines": {"7freq": 3.8}}}}}}}}, "Qatar": {"count": 6.0, "OTP": {"count": 6.0, "cities": {"Doha": {"7freq": 6.0, "airports": {"DOH": {"7freq": 6.0, "airlines": {"Qatar Airways": {"7freq": 6.0}}}}}}}, "coords": [25.354826, 51.183884]}, "Italy": {"count": 151.3, "BCM": {"count": 10.6, "cities": {"Bologna": {"7freq": 1.9, "airports": {"BLQ": {"7freq": 1.9, "airlines": {"Blue Air": {"7freq": 1.9}}}}}, "Milan": {"7freq": 2.9, "airports": {"BGY": {"7freq": 2.9, "airlines": {"Blue Air": {"7freq": 2.9}}}}}, "Rome": {"7freq": 2.9, "airports": {"FCO": {"7freq": 2.9, "airlines": {"Blue Air": {"7freq": 2.9}}}}}, "Turin": {"7freq": 2.9, "airports": {"TRN": {"7freq": 2.9, "airlines": {"Blue Air": {"7freq": 2.9}}}}}}}, "CLJ": {"count": 10.25, "cities": {"Bari": {"7freq": 1.1, "airports": {"BRI": {"7freq": 1.1, "airlines": {"Wizz Air": {"7freq": 1.1}}}}}, "Bologna": {"7freq": 3.0, "airports": {"BLQ": {"7freq": 3.0, "airlines": {"Wizz Air": {"7freq": 3.0}}}}}, "Milan": {"7freq": 2.95, "airports": {"BGY": {"7freq": 2.95, "airlines": {"Wizz Air": {"7freq": 2.95}}}}}, "Rome": {"7freq": 1.2000000000000002, "airports": {"CIA": {"7freq": 1.2000000000000002, "airlines": {"Wizz Air": {"7freq": 1.2000000000000002}}}}}, "Treviso": {"7freq": 2.0, "airports": {"TSF": {"7freq": 2.0, "airlines": {"Wizz Air": {"7freq": 2.0}}}}}}}, "SBZ": {"count": 1.9, "cities": {"Milan": {"7freq": 1.9, "airports": {"MXP": {"7freq": 1.9, "airlines": {"Wizz Air": {"7freq": 1.9}}}}}}}, "CRA": {"count": 6.800000000000001, "cities": {"Bologna": {"7freq": 2.0, "airports": {"BLQ": {"7freq": 2.0, "airlines": {"Wizz Air": {"7freq": 2.0}}}}}, "Milan": {"7freq": 2.9, "airports": {"BGY": {"7freq": 2.9, "airlines": {"Wizz Air": {"7freq": 2.9}}}}}, "Rome": {"7freq": 1.9, "airports": {"CIA": {"7freq": 1.9, "airlines": {"Wizz Air": {"7freq": 1.9}}}}}}}, "coords": [41.87194, 12.56738], "OTP": {"count": 85.94999999999999, "cities": {"Verona": {"7freq": 2.0, "airports": {"VRN": {"7freq": 2.0, "airlines": {"Wizz Air": {"7freq": 2.0}}}}}, "Perugia": {"7freq": 2.0, "airports": {"PEG": {"7freq": 2.0, "airlines": {"Wizz Air": {"7freq": 2.0}}}}}, "Alghero": {"7freq": 1.1, "airports": {"AHO": {"7freq": 1.1, "airlines": {"Wizz Air": {"7freq": 1.1}}}}}, "Pescara": {"7freq": 1.9, "airports": {"PSR": {"7freq": 1.9, "airlines": {"Wizz Air": {"7freq": 1.9}}}}}, "Pisa": {"7freq": 2.0, "airports": {"PSA": {"7freq": 2.0, "airlines": {"Wizz Air": {"7freq": 2.0}}}}}, "Turin": {"7freq": 6.0, "airports": {"TRN": {"7freq": 6.0, "airlines": {"Blue Air": {"7freq": 2.0}, "Wizz Air": {"7freq": 2.0}, "Meridiana": {"7freq": 2.0}}}}}, "Bari": {"7freq": 3.0, "airports": {"BRI": {"7freq": 3.0, "airlines": {"Wizz Air": {"7freq": 3.0}}}}}, "Milan": {"7freq": 17.75, "airports": {"BGY": {"7freq": 8.55, "airlines": {"Ryanair": {"7freq": 5.15}, "Wizz Air": {"7freq": 3.4}}}, "LIN": {"7freq": 6.05, "airlines": {"Blue Air": {"7freq": 3.05}, "Meridiana": {"7freq": 3.0}}}, "MXP": {"7freq": 3.15, "airlines": {"Ryanair": {"7freq": 3.1}}}}}, "Rome": {"7freq": 25.7, "airports": {"CIA": {"7freq": 11.9, "airlines": {"Ryanair": {"7freq": 6.0}, "Wizz Air": {"7freq": 5.9}}}, "FCO": {"7freq": 13.8, "airlines": {"Blue Air": {"7freq": 6.05}, "Tarom": {"7freq": 2.8}, "Alitalia": {"7freq": 4.95}}}}}, "Bologna": {"7freq": 8.8, "airports": {"BLQ": {"7freq": 8.8, "airlines": {"Blue Air": {"7freq": 2.9}, "Ryanair": {"7freq": 3.0}, "Wizz Air": {"7freq": 2.9}}}}}, "Catania": {"7freq": 5.8, "airports": {"CTA": {"7freq": 5.8, "airlines": {"Blue Air": {"7freq": 2.8}, "Wizz Air": {"7freq": 3.0}}}}}, "Treviso": {"7freq": 2.9, "airports": {"TSF": {"7freq": 2.9, "airlines": {"Wizz Air": {"7freq": 2.9}}}}}, "Florence": {"7freq": 3.0, "airports": {"FLR": {"7freq": 3.0, "airlines": {"Blue Air": {"7freq": 3.0}}}}}, "Naples": {"7freq": 4.0, "airports": {"NAP": {"7freq": 4.0, "airlines": {"Blue Air": {"7freq": 2.0}, "Wizz Air": {"7freq": 2.0}}}}}}}, "SCV": {"count": 2.0, "cities": {"Milan": {"7freq": 2.0, "airports": {"BGY": {"7freq": 2.0, "airlines": {"Wizz Air": {"7freq": 2.0}}}}}}}, "TSR": {"count": 13.75, "cities": {"Bari": {"7freq": 2.0, "airports": {"BRI": {"7freq": 2.0, "airlines": {"Wizz Air": {"7freq": 2.0}}}}}, "Treviso": {"7freq": 2.05, "airports": {"TSF": {"7freq": 2.05, "airlines": {"Wizz Air": {"7freq": 2.05}}}}}, "Milan": {"7freq": 5.7, "airports": {"BGY": {"7freq": 5.7, "airlines": {"Ryanair": {"7freq": 2.8}, "Wizz Air": {"7freq": 2.9}}}}}, "Rome": {"7freq": 2.0, "airports": {"CIA": {"7freq": 2.0, "airlines": {"Wizz Air": {"7freq": 2.0}}}}}, "Bologna": {"7freq": 2.0, "airports": {"BLQ": {"7freq": 2.0, "airlines": {"Wizz Air": {"7freq": 2.0}}}}}}}, "IAS": {"count": 18.05, "cities": {"Bologna": {"7freq": 3.65, "airports": {"BLQ": {"7freq": 3.65, "airlines": {"Tarom": {"7freq": 1.6}, "Wizz Air": {"7freq": 2.05}}}}}, "Milan": {"7freq": 2.1, "airports": {"BGY": {"7freq": 2.1, "airlines": {"Wizz Air": {"7freq": 2.1}}}}}, "Rome": {"7freq": 6.3, "airports": {"CIA": {"7freq": 2.0, "airlines": {"Wizz Air": {"7freq": 2.0}}}, "FCO": {"7freq": 4.3, "airlines": {"Blue Air": {"7freq": 2.9}, "Tarom": {"7freq": 1.4}}}}}, "Catania": {"7freq": 1.3, "airports": {"CTA": {"7freq": 1.3, "airlines": {"Wizz Air": {"7freq": 1.3}}}}}, "Treviso": {"7freq": 2.0, "airports": {"TSF": {"7freq": 2.0, "airlines": {"Wizz Air": {"7freq": 2.0}}}}}, "Turin": {"7freq": 2.7, "airports": {"TRN": {"7freq": 2.7, "airlines": {"Tarom": {"7freq": 2.7}}}}}}}, "TGM": {"count": 2.0, "cities": {"Rome": {"7freq": 2.0, "airports": {"CIA": {"7freq": 2.0, "airlines": {"Wizz Air": {"7freq": 2.0}}}}}}}}, "India": {"count": 0.9, "OTP": {"count": 0.9, "cities": {"Pune": {"7freq": 0.9, "airports": {"PNQ": {"7freq": 0.9, "airlines": {"Lufthansa": {"7freq": 0.85}}}}}}}, "coords": [20.593684, 78.96288]}, "Malta": {"count": 1.1, "OTP": {"count": 1.1, "cities": {"Luqa": {"7freq": 1.1, "airports": {"MLA": {"7freq": 1.1, "airlines": {"Wizz Air": {"7freq": 1.1}}}}}}}, "coords": [35.937496, 14.375416]}, "France": {"count": 28.1, "CLJ": {"count": 1.15, "cities": {"Paris": {"7freq": 1.15, "airports": {"BVA": {"7freq": 1.15, "airlines": {"Wizz Air": {"7freq": 1.15}}}}}}}, "coords": [46.227638, 2.213749], "OTP": {"count": 20.95, "cities": {"Paris": {"7freq": 17.05, "airports": {"BVA": {"7freq": 5.1, "airlines": {"Blue Air": {"7freq": 3.0}, "Wizz Air": {"7freq": 2.1}}}, "CDG": {"7freq": 11.95, "airlines": {"Tarom": {"7freq": 6.0}, "Air France": {"7freq": 5.95}}}}}, "Lyon": {"7freq": 1.9, "airports": {"LYS": {"7freq": 1.9, "airlines": {"Blue Air": {"7freq": 1.7}}}}}, "Nice": {"7freq": 2.0, "airports": {"NCE": {"7freq": 2.0, "airlines": {"Blue Air": {"7freq": 2.0}}}}}}}, "TSR": {"count": 2.0, "cities": {"Paris": {"7freq": 2.0, "airports": {"BVA": {"7freq": 2.0, "airlines": {"Wizz Air": {"7freq": 2.0}}}}}}}, "IAS": {"count": 2.0, "cities": {"Paris": {"7freq": 2.0, "airports": {"BVA": {"7freq": 2.0, "airlines": {"Blue Air": {"7freq": 2.0}}}}}}}, "TGM": {"count": 2.0, "cities": {"Paris": {"7freq": 2.0, "airports": {"BVA": {"7freq": 2.0, "airlines": {"Wizz Air": {"7freq": 2.0}}}}}}}}, "Slovakia": {"count": 0, "coords": [48.669026, 19.699024]}, "Ireland": {"count": 9.9, "BCM": {"count": 2.0, "cities": {"Dublin": {"7freq": 2.0, "airports": {"DUB": {"7freq": 2.0, "airlines": {"Blue Air": {"7freq": 2.0}}}}}}}, "coords": [53.41291, -8.24389], "OTP": {"count": 5.9, "cities": {"Dublin": {"7freq": 5.9, "airports": {"DUB": {"7freq": 5.9, "airlines": {"Blue Air": {"7freq": 2.9}, "Ryanair": {"7freq": 3.0}}}}}}}, "CLJ": {"count": 2.0, "cities": {"Dublin": {"7freq": 2.0, "airports": {"DUB": {"7freq": 2.0, "airlines": {"Blue Air": {"7freq": 2.0}}}}}}}}, "Norway": {"count": 2.1, "OTP": {"count": 2.1, "cities": {"Oslo": {"7freq": 2.1, "airports": {"TRF": {"7freq": 2.1, "airlines": {"Wizz Air": {"7freq": 2.1}}}}}}}, "coords": [60.47202399999999, 8.468945999999999]}, "Israel": {"count": 32.75, "OTP": {"count": 27.35, "cities": {"Tel Aviv": {"7freq": 27.35, "airports": {"TLV": {"7freq": 27.35, "airlines": {"Wizz Air": {"7freq": 2.9}, "El Al": {"7freq": 5.95}, "Tarom": {"7freq": 7.2}, "Blue Air": {"7freq": 2.45}, "Israir Airlines": {"7freq": 7.9}, "Arkia Israeli Airlines": {"7freq": 0.65}}}}}}}, "coords": [31.046051, 34.851612], "IAS": {"count": 3.4, "cities": {"Tel Aviv": {"7freq": 3.4, "airports": {"TLV": {"7freq": 3.4, "airlines": {"Tarom": {"7freq": 1.5}, "Wizz Air": {"7freq": 1.9}}}}}}}, "CLJ": {"count": 2.0, "cities": {"Tel Aviv": {"7freq": 2.0, "airports": {"TLV": {"7freq": 2.0, "airlines": {"Wizz Air": {"7freq": 2.0}}}}}}}}, "Czechia": {"count": 6.1, "OTP": {"count": 6.1, "cities": {"Prague": {"7freq": 6.1, "airports": {"PRG": {"7freq": 6.1, "airlines": {"Czech Airlines": {"7freq": 3.1}, "Tarom": {"7freq": 3.0}}}}}}}, "coords": [49.81749199999999, 15.472962]}, "Germany": {"count": 122.45, "CLJ": {"count": 13.45, "cities": {"Dortmund": {"7freq": 1.2000000000000002, "airports": {"DTM": {"7freq": 1.2000000000000002, "airlines": {"Wizz Air": {"7freq": 1.2000000000000002}}}}}, "Munich": {"7freq": 5.95, "airports": {"MUC": {"7freq": 5.95, "airlines": {"Air Dolomiti": {"7freq": 5.75}}}}}, "Cologne": {"7freq": 2.0, "airports": {"CGN": {"7freq": 2.0, "airlines": {"Wizz Air": {"7freq": 2.0}}}}}, "Berlin": {"7freq": 2.0, "airports": {"SXF": {"7freq": 2.0, "airlines": {"Wizz Air": {"7freq": 2.0}}}}}, "Memmingen": {"7freq": 0.2999999999999998, "airports": {"FMM": {"7freq": 0.2999999999999998, "airlines": {"Wizz Air": {"7freq": 0.2999999999999998}}}}}, "Nurnberg": {"7freq": 2.0, "airports": {"NUE": {"7freq": 2.0, "airlines": {"Wizz Air": {"7freq": 2.0}}}}}}}, "SBZ": {"count": 17.45, "cities": {"Dortmund": {"7freq": 2.1, "airports": {"DTM": {"7freq": 2.1, "airlines": {"Wizz Air": {"7freq": 2.1}}}}}, "Memmingen": {"7freq": 2.0, "airports": {"FMM": {"7freq": 2.0, "airlines": {"Wizz Air": {"7freq": 2.0}}}}}, "Nurnberg": {"7freq": 2.1, "airports": {"NUE": {"7freq": 2.1, "airlines": {"Wizz Air": {"7freq": 2.1}}}}}, "Munich": {"7freq": 8.4, "airports": {"MUC": {"7freq": 8.4, "airlines": {"Tarom": {"7freq": 2.45}, "Lufthansa": {"7freq": 5.95}}}}}, "Stuttgart": {"7freq": 2.85, "airports": {"STR": {"7freq": 2.85, "airlines": {"Blue Air": {"7freq": 2.85}}}}}}}, "coords": [51.165691, 10.451526], "OTP": {"count": 57.10000000000001, "cities": {"Hannover": {"7freq": 1.85, "airports": {"HAJ": {"7freq": 1.85, "airlines": {"Wizz Air": {"7freq": 1.85}}}}}, "Dortmund": {"7freq": 3.0, "airports": {"DTM": {"7freq": 3.0, "airlines": {"Wizz Air": {"7freq": 3.0}}}}}, "Dusseldorf": {"7freq": 3.95, "airports": {"DUS": {"7freq": 3.95, "airlines": {"Germanwings": {"7freq": 2.9}, "Eurowings": {"7freq": 1.0}}}}}, "Munich": {"7freq": 11.85, "airports": {"MUC": {"7freq": 11.85, "airlines": {"Tarom": {"7freq": 2.95}, "Lufthansa": {"7freq": 8.9}}}}}, "Cologne": {"7freq": 2.95, "airports": {"CGN": {"7freq": 2.95, "airlines": {"Blue Air": {"7freq": 2.9}}}}}, "Stuttgart": {"7freq": 3.05, "airports": {"STR": {"7freq": 3.05, "airlines": {"Blue Air": {"7freq": 3.05}}}}}, "Berlin": {"7freq": 10.9, "airports": {"TXL": {"7freq": 4.9, "airlines": {"Air Berlin": {"7freq": 4.9}}}, "SXF": {"7freq": 6.0, "airlines": {"Ryanair": {"7freq": 6.0}}}}}, "Nurnberg": {"7freq": 1.9, "airports": {"NUE": {"7freq": 1.9, "airlines": {"Wizz Air": {"7freq": 1.9}}}}}, "Hamburg": {"7freq": 4.85, "airports": {"HAM": {"7freq": 4.85, "airlines": {"Tarom": {"7freq": 3.0}, "Blue Air": {"7freq": 1.7}}}}}, "Frankfurt": {"7freq": 12.8, "airports": {"FRA": {"7freq": 12.8, "airlines": {"Tarom": {"7freq": 6.0}, "Lufthansa": {"7freq": 6.75}}}}}}}, "TSR": {"count": 21.55, "cities": {"Dortmund": {"7freq": 2.0, "airports": {"DTM": {"7freq": 2.0, "airlines": {"Wizz Air": {"7freq": 2.0}}}}}, "Munich": {"7freq": 9.0, "airports": {"MUC": {"7freq": 9.0, "airlines": {"Lufthansa": {"7freq": 9.0}}}}}, "Berlin": {"7freq": 2.1, "airports": {"SXF": {"7freq": 2.1, "airlines": {"Ryanair": {"7freq": 2.1}}}}}, "Memmingen": {"7freq": 2.0, "airports": {"FMM": {"7freq": 2.0, "airlines": {"Wizz Air": {"7freq": 2.0}}}}}, "Frankfurt": {"7freq": 4.2, "airports": {"HHN": {"7freq": 4.2, "airlines": {"Ryanair": {"7freq": 2.2}, "Wizz Air": {"7freq": 2.0}}}}}, "Weeze": {"7freq": 2.25, "airports": {"NRN": {"7freq": 2.25, "airlines": {"Ryanair": {"7freq": 2.25}}}}}}}, "IAS": {"count": 4.9, "cities": {"Cologne": {"7freq": 2.0, "airports": {"CGN": {"7freq": 2.0, "airlines": {"Blue Air": {"7freq": 2.0}}}}}, "Munich": {"7freq": 2.9, "airports": {"MUC": {"7freq": 2.9, "airlines": {"Tarom": {"7freq": 2.9}}}}}}}, "TGM": {"count": 8.0, "cities": {"Karlsruhe/Baden-Baden": {"7freq": 2.0, "airports": {"FKB": {"7freq": 2.0, "airlines": {"Wizz Air": {"7freq": 2.0}}}}}, "Dortmund": {"7freq": 2.0, "airports": {"DTM": {"7freq": 2.0, "airlines": {"Wizz Air": {"7freq": 2.0}}}}}, "Memmingen": {"7freq": 2.0, "airports": {"FMM": {"7freq": 2.0, "airlines": {"Wizz Air": {"7freq": 2.0}}}}}, "Frankfurt": {"7freq": 2.0, "airports": {"HHN": {"7freq": 2.0, "airlines": {"Wizz Air": {"7freq": 2.0}}}}}}}}, "Belgium": {"count": 27.5, "BCM": {"count": 1.9, "cities": {"Brussels": {"7freq": 1.9, "airports": {"BRU": {"7freq": 1.9, "airlines": {"Blue Air": {"7freq": 1.9}}}}}}}, "CLJ": {"count": 2.2, "cities": {"Brussels": {"7freq": 2.2, "airports": {"CRL": {"7freq": 2.2, "airlines": {"Wizz Air": {"7freq": 2.2}}}}}}}, "coords": [50.503887, 4.469936], "OTP": {"count": 16.5, "cities": {"Brussels": {"7freq": 16.5, "airports": {"BRU": {"7freq": 8.65, "airlines": {"Blue Air": {"7freq": 3.0}, "Tarom": {"7freq": 5.65}}}, "CRL": {"7freq": 7.85, "airlines": {"Ryanair": {"7freq": 5.0}, "Wizz Air": {"7freq": 2.85}}}}}}}, "TSR": {"count": 4.9, "cities": {"Brussels": {"7freq": 4.9, "airports": {"CRL": {"7freq": 4.9, "airlines": {"Ryanair": {"7freq": 2.9}, "Wizz Air": {"7freq": 2.0}}}}}}}, "IAS": {"count": 2.0, "cities": {"Brussels": {"7freq": 2.0, "airports": {"BRU": {"7freq": 2.0, "airlines": {"Blue Air": {"7freq": 2.0}}}}}}}}, "Jordan": {"count": 0, "coords": [30.585164, 36.238414]}, "Serbia": {"count": 9.25, "OTP": {"count": 9.25, "cities": {"Belgrade": {"7freq": 9.25, "airports": {"BEG": {"7freq": 9.25, "airlines": {"Tarom": {"7freq": 4.7}, "AirSERBIA": {"7freq": 4.55}}}}}}}, "coords": [44.016521, 21.005859]}, "Spain": {"count": 64.10000000000001, "BCM": {"count": 2.0, "cities": {"Madrid": {"7freq": 2.0, "airports": {"MAD": {"7freq": 2.0, "airlines": {"Blue Air": {"7freq": 2.0}}}}}}}, "CLJ": {"count": 9.5, "cities": {"Zaragoza": {"7freq": 2.0, "airports": {"ZAZ": {"7freq": 2.0, "airlines": {"Wizz Air": {"7freq": 2.0}}}}}, "Malaga": {"7freq": 1.1, "airports": {"AGP": {"7freq": 1.1, "airlines": {"Wizz Air": {"7freq": 1.1}}}}}, "Madrid": {"7freq": 1.1, "airports": {"MAD": {"7freq": 1.1, "airlines": {"Wizz Air": {"7freq": 1.1}}}}}, "Barcelona": {"7freq": 3.0, "airports": {"BCN": {"7freq": 3.0, "airlines": {"Wizz Air": {"7freq": 3.0}}}}}, "Alicante": {"7freq": 0.3, "airports": {"ALC": {"7freq": 0.3, "airlines": {"Wizz Air": {"7freq": 0.3}}}}}, "Valencia": {"7freq": 2.0, "airports": {"VLC": {"7freq": 2.0, "airlines": {"Wizz Air": {"7freq": 2.0}}}}}}}, "SBZ": {"count": 1.95, "cities": {"Madrid": {"7freq": 1.95, "airports": {"MAD": {"7freq": 1.95, "airlines": {"Wizz Air": {"7freq": 1.95}}}}}}}, "CRA": {"count": 3.1, "cities": {"Valencia": {"7freq": 2.1, "airports": {"VLC": {"7freq": 2.1, "airlines": {"Ryanair": {"7freq": 2.1}}}}}, "Barcelona": {"7freq": 1.0, "airports": {"BCN": {"7freq": 1.0, "airlines": {"Wizz Air": {"7freq": 1.0}}}}}}}, "coords": [40.46366700000001, -3.74922], "OTP": {"count": 37.1, "cities": {"Zaragoza": {"7freq": 2.0, "airports": {"ZAZ": {"7freq": 2.0, "airlines": {"Wizz Air": {"7freq": 2.0}}}}}, "Malaga": {"7freq": 3.9, "airports": {"AGP": {"7freq": 3.9, "airlines": {"Blue Air": {"7freq": 2.75}, "Wizz Air": {"7freq": 1.0}}}}}, "Madrid": {"7freq": 12.3, "airports": {"MAD": {"7freq": 12.3, "airlines": {"Tarom": {"7freq": 3.0}, "Blue Air": {"7freq": 2.85}, "Wizz Air": {"7freq": 2.9}, "Ryanair": {"7freq": 3.4}}}}}, "Barcelona": {"7freq": 9.25, "airports": {"BCN": {"7freq": 9.25, "airlines": {"Tarom": {"7freq": 3.0}, "Blue Air": {"7freq": 2.95}, "Vueling": {"7freq": 0.3}, "Wizz Air": {"7freq": 2.9}}}}}, "Alicante": {"7freq": 1.0, "airports": {"ALC": {"7freq": 1.0, "airlines": {"Wizz Air": {"7freq": 1.0}}}}}, "Castellon de la Plana": {"7freq": 2.0, "airports": {"CDT": {"7freq": 2.0, "airlines": {"Blue Air": {"7freq": 2.0}}}}}, "Tenerife": {"7freq": 1.0, "airports": {"TFS": {"7freq": 1.0, "airlines": {"Wizz Air": {"7freq": 1.0}}}}}, "Valencia": {"7freq": 5.65, "airports": {"VLC": {"7freq": 5.65, "airlines": {"Tarom": {"7freq": 0.7}, "Blue Air": {"7freq": 2.75}, "Wizz Air": {"7freq": 2.05}}}}}}}, "TSR": {"count": 5.050000000000001, "cities": {"Madrid": {"7freq": 1.95, "airports": {"MAD": {"7freq": 1.95, "airlines": {"Wizz Air": {"7freq": 1.95}}}}}, "Barcelona": {"7freq": 2.0, "airports": {"BCN": {"7freq": 2.0, "airlines": {"Wizz Air": {"7freq": 2.0}}}}}, "Valencia": {"7freq": 1.1, "airports": {"VLC": {"7freq": 1.1, "airlines": {"Wizz Air": {"7freq": 1.1}}}}}}}, "IAS": {"count": 3.4, "cities": {"Madrid": {"7freq": 1.5, "airports": {"MAD": {"7freq": 1.5, "airlines": {"Tarom": {"7freq": 1.5}}}}}, "Barcelona": {"7freq": 1.9, "airports": {"BCN": {"7freq": 1.9, "airlines": {"Blue Air": {"7freq": 1.9}}}}}}}, "TGM": {"count": 2.0, "cities": {"Madrid": {"7freq": 2.0, "airports": {"MAD": {"7freq": 2.0, "airlines": {"Wizz Air": {"7freq": 2.0}}}}}}}}, "Ukraine": {"count": 3.0, "OTP": {"count": 3.0, "cities": {"Kiev": {"7freq": 3.0, "airports": {"KBP": {"7freq": 3.0, "airlines": {"Dniproavia": {"7freq": 3.0}}}}}}}, "coords": [48.379433, 31.16558]}, "Netherlands": {"count": 17.95, "OTP": {"count": 13.95, "cities": {"Amsterdam": {"7freq": 11.95, "airports": {"AMS": {"7freq": 11.95, "airlines": {"Tarom": {"7freq": 6.0}, "KLM": {"7freq": 5.95}}}}}, "Eindhoven": {"7freq": 2.0, "airports": {"EIN": {"7freq": 2.0, "airlines": {"Wizz Air": {"7freq": 2.0}}}}}}}, "TSR": {"count": 2.0, "cities": {"Eindhoven": {"7freq": 2.0, "airports": {"EIN": {"7freq": 2.0, "airlines": {"Wizz Air": {"7freq": 2.0}}}}}}}, "coords": [52.132633, 5.291265999999999], "CLJ": {"count": 2.0, "cities": {"Eindhoven": {"7freq": 2.0, "airports": {"EIN": {"7freq": 2.0, "airlines": {"Wizz Air": {"7freq": 2.0}}}}}}}}, "Denmark": {"count": 6.1, "OTP": {"count": 4.1, "cities": {"Billund": {"7freq": 2.0, "airports": {"BLL": {"7freq": 2.0, "airlines": {"Wizz Air": {"7freq": 2.0}}}}}, "Copenhagen": {"7freq": 2.1, "airports": {"CPH": {"7freq": 2.1, "airlines": {"SAS": {"7freq": 2.1}}}}}}}, "coords": [56.26392, 9.501785], "CLJ": {"count": 2.0, "cities": {"Billund": {"7freq": 2.0, "airports": {"BLL": {"7freq": 2.0, "airlines": {"Wizz Air": {"7freq": 2.0}}}}}}}}, "Poland": {"count": 13.75, "OTP": {"count": 8.95, "cities": {"Warsaw": {"7freq": 8.95, "airports": {"WAW": {"7freq": 8.95, "airlines": {"LOT": {"7freq": 8.9}}}}}}}, "coords": [51.919438, 19.145136], "CLJ": {"count": 4.8, "cities": {"Warsaw": {"7freq": 4.8, "airports": {"WAW": {"7freq": 4.8, "airlines": {"LOT": {"7freq": 4.8}}}}}}}}, "Moldova": {"count": 16.5, "OTP": {"count": 16.5, "cities": {"Chisinau": {"7freq": 16.5, "airports": {"KIV": {"7freq": 16.5, "airlines": {"Tarom": {"7freq": 11.7}, "Air Moldova": {"7freq": 4.8}}}}}}}, "coords": [47.411631, 28.369885]}, "Sweden": {"count": 10.2, "OTP": {"count": 8.2, "cities": {"Stockholm": {"7freq": 6.2, "airports": {"NYO": {"7freq": 2.0, "airlines": {"Wizz Air": {"7freq": 2.0}}}, "ARN": {"7freq": 4.2, "airlines": {"Blue Air": {"7freq": 1.95}, "Tarom": {"7freq": 2.2}}}}}, "Malmo": {"7freq": 2.0, "airports": {"MMX": {"7freq": 2.0, "airlines": {"Wizz Air": {"7freq": 2.0}}}}}}}, "coords": [60.12816100000001, 18.643501], "CLJ": {"count": 2.0, "cities": {"Malmo": {"7freq": 2.0, "airports": {"MMX": {"7freq": 2.0, "airlines": {"Wizz Air": {"7freq": 2.0}}}}}}}}, "Switzerland": {"count": 8.85, "OTP": {"count": 6.95, "cities": {"Basel": {"7freq": 2.1, "airports": {"BSL": {"7freq": 2.1, "airlines": {"Wizz Air": {"7freq": 2.1}}}}}, "Geneva": {"7freq": 1.85, "airports": {"GVA": {"7freq": 1.85, "airlines": {"Wizz Air": {"7freq": 1.85}}}}}, "Zurich": {"7freq": 3.0, "airports": {"ZRH": {"7freq": 3.0, "airlines": {"Swiss": {"7freq": 2.4}, "Helvetic Airways": {"7freq": 0.6}}}}}}}, "coords": [46.818188, 8.227511999999999], "CLJ": {"count": 1.9, "cities": {"Basel": {"7freq": 1.9, "airports": {"BSL": {"7freq": 1.9, "airlines": {"Wizz Air": {"7freq": 1.9}}}}}}}}, "Russia": {"count": 3.1, "OTP": {"count": 3.1, "cities": {"Moscow": {"7freq": 3.1, "airports": {"SVO": {"7freq": 3.1, "airlines": {"Aeroflot": {"7freq": 3.1}}}}}}}, "coords": [61.52401, 105.318756]}, "Bulgaria": {"count": 8.799999999999999, "OTP": {"count": 7.85, "cities": {"Sofia": {"7freq": 7.85, "airports": {"SOF": {"7freq": 7.85, "airlines": {"Tarom": {"7freq": 7.8}}}}}}}, "CND": {"count": 0.95, "cities": {"Varna": {"7freq": 0.95, "airports": {"VAR": {"7freq": 0.95, "airlines": {"Turkish Airlines": {"7freq": 0.95}}}}}}}, "coords": [42.733883, 25.48583]}, "Romania": {"count": 203.30000000000004, "CLJ": {"count": 34.9, "cities": {"Bucharest": {"7freq": 29.1, "airports": {"OTP": {"7freq": 29.1, "airlines": {"Tarom": {"7freq": 17.4}, "Blue Air": {"7freq": 5.8}, "Wizz Air": {"7freq": 5.9}}}}}, "Timisoara": {"7freq": 2.9, "airports": {"TSR": {"7freq": 2.9, "airlines": {"Blue Air": {"7freq": 2.9}}}}}, "Iasi": {"7freq": 2.9, "airports": {"IAS": {"7freq": 2.9, "airlines": {"Blue Air": {"7freq": 2.9}}}}}}}, "SBZ": {"count": 2.4, "cities": {"Bucharest": {"7freq": 2.4, "airports": {"OTP": {"7freq": 2.4, "airlines": {"Tarom": {"7freq": 2.4}}}}}}}, "SUJ": {"count": 5.0, "cities": {"Bucharest": {"7freq": 5.0, "airports": {"OTP": {"7freq": 5.0, "airlines": {"Tarom": {"7freq": 5.0}}}}}}}, "OMR": {"count": 9.7, "cities": {"Bucharest": {"7freq": 9.7, "airports": {"OTP": {"7freq": 9.7, "airlines": {"Tarom": {"7freq": 6.8}, "Blue Air": {"7freq": 2.9}}}}}}}, "coords": [46.052612, 24.954499], "OTP": {"count": 92.95, "cities": {"Timisoara": {"7freq": 20.15, "airports": {"TSR": {"7freq": 20.15, "airlines": {"Tarom": {"7freq": 14.15}, "Ryanair": {"7freq": 6.0}}}}}, "Cluj-Napoca": {"7freq": 29.1, "airports": {"CLJ": {"7freq": 29.1, "airlines": {"Tarom": {"7freq": 17.4}, "Blue Air": {"7freq": 5.8}, "Wizz Air": {"7freq": 5.9}}}}}, "Suceava": {"7freq": 2.9, "airports": {"SCV": {"7freq": 2.9, "airlines": {"Tarom": {"7freq": 2.9}}}}}, "Sibiu": {"7freq": 2.4, "airports": {"SBZ": {"7freq": 2.4, "airlines": {"Tarom": {"7freq": 2.4}}}}}, "Satu Mare": {"7freq": 5.0, "airports": {"SUJ": {"7freq": 5.0, "airlines": {"Tarom": {"7freq": 5.0}}}}}, "Oradea": {"7freq": 9.7, "airports": {"OMR": {"7freq": 9.7, "airlines": {"Blue Air": {"7freq": 2.9}, "Tarom": {"7freq": 6.8}}}}}, "Iasi": {"7freq": 23.7, "airports": {"IAS": {"7freq": 23.7, "airlines": {"Tarom": {"7freq": 14.9}, "Blue Air": {"7freq": 8.8}}}}}}}, "SCV": {"count": 2.9, "cities": {"Bucharest": {"7freq": 2.9, "airports": {"OTP": {"7freq": 2.9, "airlines": {"Tarom": {"7freq": 2.9}}}}}}}, "TSR": {"count": 25.949999999999996, "cities": {"Bucharest": {"7freq": 20.15, "airports": {"OTP": {"7freq": 20.15, "airlines": {"Tarom": {"7freq": 14.15}, "Ryanair": {"7freq": 6.0}}}}}, "Cluj-Napoca": {"7freq": 2.9, "airports": {"CLJ": {"7freq": 2.9, "airlines": {"Blue Air": {"7freq": 2.9}}}}}, "Iasi": {"7freq": 2.9, "airports": {"IAS": {"7freq": 2.9, "airlines": {"Blue Air": {"7freq": 2.9}}}}}}}, "IAS": {"count": 29.499999999999996, "cities": {"Bucharest": {"7freq": 23.7, "airports": {"OTP": {"7freq": 23.7, "airlines": {"Tarom": {"7freq": 14.9}, "Blue Air": {"7freq": 8.8}}}}}, "Timisoara": {"7freq": 2.9, "airports": {"TSR": {"7freq": 2.9, "airlines": {"Blue Air": {"7freq": 2.9}}}}}, "Cluj-Napoca": {"7freq": 2.9, "airports": {"CLJ": {"7freq": 2.9, "airlines": {"Blue Air": {"7freq": 2.9}}}}}}}}, "Portugal": {"count": 3.95, "OTP": {"count": 3.95, "cities": {"Lisbon": {"7freq": 3.95, "airports": {"LIS": {"7freq": 3.95, "airlines": {"Blue Air": {"7freq": 1.9}, "Wizz Air": {"7freq": 2.05}}}}}}}, "coords": [39.39987199999999, -8.224454]}, "United Arab Emirates": {"count": 7.4, "OTP": {"count": 6.3, "cities": {"Dubai": {"7freq": 6.3, "airports": {"DWC": {"7freq": 2.9, "airlines": {"Wizz Air": {"7freq": 2.9}}}, "DXB": {"7freq": 3.4, "airlines": {"FlyDubai": {"7freq": 3.4}}}}}}}, "coords": [23.424076, 53.847818], "CLJ": {"count": 1.1, "cities": {"Dubai": {"7freq": 1.1, "airports": {"DWC": {"7freq": 1.1, "airlines": {"Wizz Air": {"7freq": 1.1}}}}}}}}, "Lebanon": {"count": 1.95, "OTP": {"count": 1.95, "cities": {"Beirut": {"7freq": 1.95, "airports": {"BEY": {"7freq": 1.95, "airlines": {"Tarom": {"7freq": 1.95}}}}}}}, "coords": [33.854721, 35.862285]}, "United Kingdom": {"count": 94.8, "BCM": {"count": 4.8, "cities": {"Liverpool": {"7freq": 2.0, "airports": {"LPL": {"7freq": 2.0, "airlines": {"Blue Air": {"7freq": 2.0}}}}}, "London": {"7freq": 2.8, "airports": {"LTN": {"7freq": 2.8, "airlines": {"Blue Air": {"7freq": 2.8}}}}}}}, "CLJ": {"count": 12.975, "cities": {"London": {"7freq": 6.175, "airports": {"LTN": {"7freq": 6.175, "airlines": {"Wizz Air": {"7freq": 6.175}}}}}, "Doncaster": {"7freq": 2.0, "airports": {"DSA": {"7freq": 2.0, "airlines": {"Wizz Air": {"7freq": 2.0}}}}}, "Liverpool": {"7freq": 1.9, "airports": {"LPL": {"7freq": 1.9, "airlines": {"Blue Air": {"7freq": 1.9}}}}}, "Birmingham": {"7freq": 2.9, "airports": {"BHX": {"7freq": 2.9, "airlines": {"Blue Air": {"7freq": 2.9}}}}}}}, "SBZ": {"count": 2.8, "cities": {"London": {"7freq": 2.8, "airports": {"LTN": {"7freq": 2.8, "airlines": {"Wizz Air": {"7freq": 2.8}}}}}}}, "SUJ": {"count": 2.0, "cities": {"London": {"7freq": 2.0, "airports": {"LTN": {"7freq": 2.0, "airlines": {"Wizz Air": {"7freq": 2.0}}}}}}}, "CND": {"count": 1.9, "cities": {"London": {"7freq": 1.9, "airports": {"LTN": {"7freq": 1.9, "airlines": {"Wizz Air": {"7freq": 1.9}}}}}}}, "CRA": {"count": 2.85, "cities": {"London": {"7freq": 2.85, "airports": {"LTN": {"7freq": 2.85, "airlines": {"Wizz Air": {"7freq": 2.85}}}}}}}, "coords": [55.378051, -3.435973], "OTP": {"count": 48.55, "cities": {"Liverpool": {"7freq": 2.9, "airports": {"LPL": {"7freq": 2.9, "airlines": {"Blue Air": {"7freq": 2.9}}}}}, "Birmingham": {"7freq": 4.85, "airports": {"BHX": {"7freq": 4.85, "airlines": {"Blue Air": {"7freq": 2.9}, "Wizz Air": {"7freq": 1.95}}}}}, "Bristol": {"7freq": 1.1, "airports": {"BRS": {"7freq": 1.1, "airlines": {"Ryanair": {"7freq": 1.1}}}}}, "London": {"7freq": 33.65, "airports": {"STN": {"7freq": 6.25, "airlines": {"Ryanair": {"7freq": 6.25}}}, "LGW": {"7freq": 2.9, "airlines": {"Wizz Air": {"7freq": 2.9}}}, "LHR": {"7freq": 9.0, "airlines": {"Tarom": {"7freq": 3.0}, "British Airways": {"7freq": 6.0}}}, "LTN": {"7freq": 15.5, "airlines": {"Blue Air": {"7freq": 4.9}, "Wizz Air": {"7freq": 10.5}}}}}, "Doncaster": {"7freq": 2.05, "airports": {"DSA": {"7freq": 2.05, "airlines": {"Wizz Air": {"7freq": 2.05}}}}}, "Glasgow": {"7freq": 4.0, "airports": {"GLA": {"7freq": 4.0, "airlines": {"Blue Air": {"7freq": 1.85}, "Wizz Air": {"7freq": 2.0}}}}}}}, "SCV": {"count": 2.9, "cities": {"London": {"7freq": 2.9, "airports": {"LTN": {"7freq": 2.9, "airlines": {"Wizz Air": {"7freq": 2.9}}}}}}}, "TSR": {"count": 6.2, "cities": {"London": {"7freq": 6.2, "airports": {"STN": {"7freq": 3.2, "airlines": {"Ryanair": {"7freq": 3.2}}}, "LTN": {"7freq": 3.0, "airlines": {"Wizz Air": {"7freq": 3.0}}}}}}}, "IAS": {"count": 8.2, "cities": {"London": {"7freq": 8.2, "airports": {"LTN": {"7freq": 8.2, "airlines": {"Blue Air": {"7freq": 3.0}, "Tarom": {"7freq": 2.3}, "Wizz Air": {"7freq": 2.9}}}}}}}, "TGM": {"count": 1.625, "cities": {"London": {"7freq": 1.625, "airports": {"LTN": {"7freq": 1.625, "airlines": {"Wizz Air": {"7freq": 1.625}}}}}}}}, "Austria": {"count": 29.749999999999996, "CLJ": {"count": 2.8, "cities": {"Vienna": {"7freq": 2.8, "airports": {"VIE": {"7freq": 2.8, "airlines": {"Tarom": {"7freq": 2.8}}}}}}}, "SBZ": {"count": 2.9, "cities": {"Vienna": {"7freq": 2.9, "airports": {"VIE": {"7freq": 2.9, "airlines": {"Austrian Airlines": {"7freq": 2.9}}}}}}}, "coords": [47.516231, 14.550072], "OTP": {"count": 21.15, "cities": {"Vienna": {"7freq": 21.15, "airports": {"VIE": {"7freq": 21.15, "airlines": {"Tarom": {"7freq": 5.9}, "Austrian Airlines": {"7freq": 15.0}}}}}}}, "IAS": {"count": 2.9, "cities": {"Vienna": {"7freq": 2.9, "airports": {"VIE": {"7freq": 2.9, "airlines": {"Austrian Airlines": {"7freq": 2.9}}}}}}}}, "Greece": {"count": 16.25, "OTP": {"count": 16.25, "cities": {"Thessaloniki": {"7freq": 5.0, "airports": {"SKG": {"7freq": 5.0, "airlines": {"Tarom": {"7freq": 3.0}, "Astra Airlines": {"7freq": 2.0}}}}}, "Athens": {"7freq": 11.25, "airports": {"ATH": {"7freq": 11.25, "airlines": {"Tarom": {"7freq": 3.0}, "Ryanair": {"7freq": 3.0}, "Aegean Airlines": {"7freq": 5.25}}}}}}}, "coords": [39.074208, 21.824312]}, "Sri Lanka": {"count": 0, "coords": [7.873053999999999, 80.77179699999999]}, "Hungary": {"count": 13.65, "OTP": {"count": 11.65, "cities": {"Budapest": {"7freq": 11.65, "airports": {"BUD": {"7freq": 11.65, "airlines": {"Tarom": {"7freq": 8.65}, "Wizz Air": {"7freq": 3.0}}}}}}}, "coords": [47.162494, 19.503304], "TGM": {"count": 2.0, "cities": {"Budapest": {"7freq": 2.0, "airports": {"BUD": {"7freq": 2.0, "airlines": {"Wizz Air": {"7freq": 2.0}}}}}}}}, "Cyprus": {"count": 8.65, "OTP": {"count": 7.55, "cities": {"Larnaca": {"7freq": 7.55, "airports": {"LCA": {"7freq": 7.55, "airlines": {"Blue Air": {"7freq": 3.0}, "Tarom": {"7freq": 2.65}, "Wizz Air": {"7freq": 1.9}}}}}}}, "coords": [35.126413, 33.429859], "IAS": {"count": 1.1, "cities": {"Larnaca": {"7freq": 1.1, "airports": {"LCA": {"7freq": 1.1, "airlines": {"Wizz Air": {"7freq": 1.1}}}}}}}}}