{"cities": {"Turkey": {"count": 9, "OTP": {"count": 6, "country": "Turkey", "coords": [0, 0], "airline": ["Air Bucharest", "Blue Air", "Pegasus Airlines", "TAROM", "TAROM", "Turkish Airlines"], "type": ["N", "N", "N", "N", "N", "N"]}, "CND": {"count": 1, "country": "Turkey", "coords": [0, 0], "airline": ["Turkish Airlines"], "type": ["N"]}, "coords": [38.963745, 35.243322], "CLJ": {"count": 2, "country": "Turkey", "coords": [0, 0], "airline": ["Blue Air", "Turkish Airlines"], "type": ["N", "N"]}}, "Qatar": {"count": 1, "OTP": {"count": 1, "country": "Qatar", "coords": [0, 0], "airline": ["Qatar Airways"], "type": ["N"]}, "coords": [25.354826, 51.183884]}, "Italy": {"count": 62, "BCM": {"count": 3, "country": "Italy", "coords": [0, 0], "airline": ["Blue Air", "Blue Air", "Blue Air"], "type": ["N", "N", "N"]}, "CLJ": {"count": 5, "country": "Italy", "coords": [0, 0], "airline": ["Wizz Air", "Wizz Air", "Wizz Air", "Wizz Air", "Wizz Air"], "type": ["N", "N", "N", "N", "N"]}, "SBZ": {"count": 1, "country": "Italy", "coords": [0, 0], "airline": ["Wizz Air"], "type": ["N"]}, "OMR": {"count": 1, "country": "Italy", "coords": [0, 0], "airline": ["Ryanair"], "type": ["N"]}, "CRA": {"count": 4, "country": "Italy", "coords": [0, 0], "airline": ["Wizz Air", "Wizz Air", "Wizz Air", "Wizz Air"], "type": ["N", "N", "N", "N"]}, "coords": [41.87194, 12.56738], "OTP": {"count": 26, "country": "Italy", "coords": [0, 0], "airline": ["Blue Air", "Blue Air", "Blue Air", "Blue Air", "Blue Air", "Blue Air", "Blue Air", "Ryanair", "Ryanair", "Ryanair", "Ryanair", "Ryanair", "TAROM", "Wizz Air", "Wizz Air", "Wizz Air", "Wizz Air", "Wizz Air", "Wizz Air", "Wizz Air", "Wizz Air", "Wizz Air", "Wizz Air", "Wizz Air", "Wizz Air", "Wizz Air"], "type": ["N", "N", "N", "N", "N", "N", "N", "N", "N", "N", "N", "N", "N", "N", "N", "N", "N", "N", "N", "N", "N", "N", "N", "N", "N", "N"]}, "SCV": {"count": 4, "country": "Italy", "coords": [0, 0], "airline": ["Wizz Air", "Wizz Air", "Wizz Air", "Wizz Air"], "type": ["N", "N", "N", "N"]}, "TSR": {"count": 6, "country": "Italy", "coords": [0, 0], "airline": ["Ryanair", "Wizz Air", "Wizz Air", "Wizz Air", "Wizz Air", "Wizz Air"], "type": ["N", "N", "N", "N", "N", "N"]}, "IAS": {"count": 11, "country": "Italy", "coords": [0, 0], "airline": ["Blue Air", "Blue Air", "Blue Air", "Blue Air", "TAROM", "TAROM", "Wizz Air", "Wizz Air", "Wizz Air", "Wizz Air", "Wizz Air"], "type": ["N", "N", "N", "N", "N", "N", "N", "N", "N", "N", "N"]}, "TGM": {"count": 1, "country": "Italy", "coords": [0, 0], "airline": ["Wizz Air"], "type": ["N"]}}, "Lebanon": {"count": 1, "OTP": {"count": 1, "country": "Lebanon", "coords": [0, 0], "airline": ["TAROM"], "type": ["N"]}, "coords": [33.854721, 35.862285]}, "Malta": {"count": 2, "OTP": {"count": 1, "country": "Malta", "coords": [0, 0], "airline": ["Wizz Air"], "type": ["N"]}, "coords": [35.937496, 14.375416], "CLJ": {"count": 1, "country": "Malta", "coords": [0, 0], "airline": ["Wizz Air"], "type": ["N"]}}, "France": {"count": 16, "CLJ": {"count": 3, "country": "France", "coords": [0, 0], "airline": ["Blue Air", "Wizz Air", "Wizz Air"], "type": ["N", "N", "N"]}, "CND": {"count": 1, "country": "France", "coords": [0, 0], "airline": ["Blue Air"], "type": ["N"]}, "CRA": {"count": 1, "country": "France", "coords": [0, 0], "airline": ["Wizz Air"], "type": ["N"]}, "coords": [46.227638, 2.213749], "OTP": {"count": 8, "country": "France", "coords": [0, 0], "airline": ["Air France", "Blue Air", "Blue Air", "Blue Air", "Blue Air", "TAROM", "Wizz Air", "Wizz Air"], "type": ["N", "N", "N", "N", "N", "N", "N", "N"]}, "TSR": {"count": 1, "country": "France", "coords": [0, 0], "airline": ["Wizz Air"], "type": ["N"]}, "IAS": {"count": 1, "country": "France", "coords": [0, 0], "airline": ["Blue Air"], "type": ["N"]}, "TGM": {"count": 1, "country": "France", "coords": [0, 0], "airline": ["Wizz Air"], "type": ["N"]}}, "Slovakia": {"count": 1, "coords": [48.669026, 19.699024], "CLJ": {"count": 1, "country": "Slovakia", "coords": [0, 0], "airline": ["Wizz Air"], "type": ["N"]}}, "Ireland": {"count": 4, "BCM": {"count": 1, "country": "Ireland", "coords": [0, 0], "airline": ["Blue Air"], "type": ["N"]}, "coords": [53.41291, -8.24389], "OTP": {"count": 2, "country": "Ireland", "coords": [0, 0], "airline": ["Blue Air", "Ryanair"], "type": ["N", "N"]}, "CLJ": {"count": 1, "country": "Ireland", "coords": [0, 0], "airline": ["Blue Air"], "type": ["N"]}}, "Norway": {"count": 2, "OTP": {"count": 2, "country": "Norway", "coords": [0, 0], "airline": ["Blue Air", "Wizz Air"], "type": ["N", "N"]}, "coords": [60.47202399999999, 8.468945999999999]}, "Israel": {"count": 6, "OTP": {"count": 4, "country": "Israel", "coords": [0, 0], "airline": ["Blue Air", "El Al", "TAROM", "Wizz Air"], "type": ["N", "N", "N", "N"]}, "coords": [31.046051, 34.851612], "IAS": {"count": 1, "country": "Israel", "coords": [0, 0], "airline": ["Wizz Air"], "type": ["N"]}, "CLJ": {"count": 1, "country": "Israel", "coords": [0, 0], "airline": ["Wizz Air"], "type": ["N"]}}, "Czechia": {"count": 2, "OTP": {"count": 2, "country": "Czechia", "coords": [0, 0], "airline": ["Czech Airlines", "TAROM"], "type": ["N", "N"]}, "coords": [49.81749199999999, 15.472962]}, "Jordan": {"count": 1, "OTP": {"count": 1, "country": "Jordan", "coords": [0, 0], "airline": ["TAROM"], "type": ["N"]}, "coords": [30.585164, 36.238414]}, "Belgium": {"count": 10, "BCM": {"count": 1, "country": "Belgium", "coords": [0, 0], "airline": ["Blue Air"], "type": ["N"]}, "CLJ": {"count": 1, "country": "Belgium", "coords": [0, 0], "airline": ["Wizz Air"], "type": ["N"]}, "CND": {"count": 1, "country": "Belgium", "coords": [0, 0], "airline": ["Blue Air"], "type": ["N"]}, "coords": [50.503887, 4.469936], "OTP": {"count": 4, "country": "Belgium", "coords": [0, 0], "airline": ["Blue Air", "Ryanair", "TAROM", "Wizz Air"], "type": ["N", "N", "N", "N"]}, "TSR": {"count": 2, "country": "Belgium", "coords": [0, 0], "airline": ["Ryanair", "Wizz Air"], "type": ["N", "N"]}, "IAS": {"count": 1, "country": "Belgium", "coords": [0, 0], "airline": ["Blue Air"], "type": ["N"]}}, "Germany": {"count": 45, "CLJ": {"count": 9, "country": "Germany", "coords": [0, 0], "airline": ["Blue Air", "Lufthansa Regional operated by Air Dolomiti", "Wizz Air", "Wizz Air", "Wizz Air", "Wizz Air", "Wizz Air", "Wizz Air", "Wizz Air"], "type": ["N", "N", "N", "N", "N", "N", "N", "N", "N"]}, "SBZ": {"count": 6, "country": "Germany", "coords": [0, 0], "airline": ["Blue Air", "Lufthansa operated by Lufthansa CityLine", "TAROM", "Wizz Air", "Wizz Air", "Wizz Air"], "type": ["N", "N", "N", "N", "N", "N"]}, "CRA": {"count": 1, "country": "Germany", "coords": [0, 0], "airline": ["Wizz Air"], "type": ["N"]}, "coords": [51.165691, 10.451526], "OTP": {"count": 15, "country": "Germany", "coords": [0, 0], "airline": ["Blue Air", "Blue Air", "Blue Air", "Eurowings", "Lufthansa", "Lufthansa", "Lufthansa Regional operated by Lufthansa CityLine", "Lufthansa Regional operated by Lufthansa CityLine", "Ryanair", "TAROM", "TAROM", "TAROM", "Wizz Air", "Wizz Air", "Wizz Air"], "type": ["N", "N", "N", "N", "N", "N", "N", "N", "N", "N", "N", "N", "N", "N", "N"]}, "TSR": {"count": 7, "country": "Germany", "coords": [0, 0], "airline": ["Lufthansa Regional operated by Lufthansa CityLine", "Ryanair", "Ryanair", "Ryanair", "Wizz Air", "Wizz Air", "Wizz Air"], "type": ["N", "N", "N", "N", "N", "N", "N"]}, "IAS": {"count": 3, "country": "Germany", "coords": [0, 0], "airline": ["Blue Air", "Blue Air", "TAROM"], "type": ["N", "N", "N"]}, "TGM": {"count": 4, "country": "Germany", "coords": [0, 0], "airline": ["Wizz Air", "Wizz Air", "Wizz Air", "Wizz Air"], "type": ["N", "N", "N", "N"]}}, "Spain": {"count": 38, "BCM": {"count": 1, "country": "Spain", "coords": [0, 0], "airline": ["Blue Air"], "type": ["N"]}, "CLJ": {"count": 5, "country": "Spain", "coords": [0, 0], "airline": ["Wizz Air", "Wizz Air", "Wizz Air", "Wizz Air", "Wizz Air"], "type": ["N", "N", "N", "N", "N"]}, "SBZ": {"count": 1, "country": "Spain", "coords": [0, 0], "airline": ["Wizz Air"], "type": ["N"]}, "OMR": {"count": 1, "country": "Spain", "coords": [0, 0], "airline": ["Ryanair"], "type": ["N"]}, "CRA": {"count": 3, "country": "Spain", "coords": [0, 0], "airline": ["Ryanair", "Wizz Air", "Wizz Air"], "type": ["N", "N", "N"]}, "coords": [40.46366700000001, -3.74922], "OTP": {"count": 20, "country": "Spain", "coords": [0, 0], "airline": ["Air Bucharest", "Blue Air", "Blue Air", "Blue Air", "Blue Air", "Ryanair", "TAROM", "TAROM", "TAROM", "TAROM", "TAROM", "Vueling", "Vueling", "Wizz Air", "Wizz Air", "Wizz Air", "Wizz Air", "Wizz Air", "Wizz Air", "Wizz Air"], "type": ["N", "N", "N", "N", "N", "N", "N", "N", "N", "N", "N", "N", "N", "N", "N", "N", "N", "N", "N", "N"]}, "TSR": {"count": 4, "country": "Spain", "coords": [0, 0], "airline": ["Blue Air", "Wizz Air", "Wizz Air", "Wizz Air"], "type": ["N", "N", "N", "N"]}, "IAS": {"count": 2, "country": "Spain", "coords": [0, 0], "airline": ["Blue Air", "TAROM"], "type": ["N", "N"]}, "TGM": {"count": 1, "country": "Spain", "coords": [0, 0], "airline": ["Wizz Air"], "type": ["N"]}}, "Ukraine": {"count": 1, "OTP": {"count": 1, "country": "Ukraine", "coords": [0, 0], "airline": ["Dniproavia"], "type": ["N"]}, "coords": [48.379433, 31.16558]}, "Netherlands": {"count": 6, "CLJ": {"count": 1, "country": "Netherlands", "coords": [0, 0], "airline": ["Wizz Air"], "type": ["N"]}, "OMR": {"count": 1, "country": "Netherlands", "coords": [0, 0], "airline": ["Ryanair"], "type": ["N"]}, "coords": [52.132633, 5.291265999999999], "OTP": {"count": 3, "country": "Netherlands", "coords": [0, 0], "airline": ["KLM", "TAROM", "Wizz Air"], "type": ["N", "N", "N"]}, "TSR": {"count": 1, "country": "Netherlands", "coords": [0, 0], "airline": ["Wizz Air"], "type": ["N"]}}, "Denmark": {"count": 4, "OTP": {"count": 3, "country": "Denmark", "coords": [0, 0], "airline": ["Blue Air", "Scandinavian Airlines", "Wizz Air"], "type": ["N", "N", "N"]}, "coords": [56.26392, 9.501785], "CLJ": {"count": 1, "country": "Denmark", "coords": [0, 0], "airline": ["Wizz Air"], "type": ["N"]}}, "Poland": {"count": 3, "OTP": {"count": 2, "country": "Poland", "coords": [0, 0], "airline": ["LOT Polish Airlines", "Wizz Air"], "type": ["N", "N"]}, "coords": [51.919438, 19.145136], "CLJ": {"count": 1, "country": "Poland", "coords": [0, 0], "airline": ["LOT Polish Airlines"], "type": ["N"]}}, "Finland": {"count": 1, "OTP": {"count": 1, "country": "Finland", "coords": [0, 0], "airline": ["Blue Air"], "type": ["N"]}, "coords": [61.92410999999999, 25.748151]}, "Moldova": {"count": 2, "OTP": {"count": 2, "country": "Moldova", "coords": [0, 0], "airline": ["Air Moldova", "TAROM"], "type": ["N", "N"]}, "coords": [47.411631, 28.369885]}, "United States": {"count": 5, "OTP": {"count": 4, "country": "United States", "coords": [0, 0], "airline": ["Blue Air", "Blue Air", "Wizz Air", "Wizz Air"], "type": ["N", "N", "N", "N"]}, "coords": [57, -29], "CLJ": {"count": 1, "country": "United States", "coords": [0, 0], "airline": ["Blue Air"], "type": ["N"]}}, "Sweden": {"count": 6, "OTP": {"count": 4, "country": "Sweden", "coords": [0, 0], "airline": ["Blue Air", "TAROM", "Wizz Air", "Wizz Air"], "type": ["N", "N", "N", "N"]}, "coords": [60.12816100000001, 18.643501], "CLJ": {"count": 2, "country": "Sweden", "coords": [0, 0], "airline": ["Wizz Air", "Wizz Air"], "type": ["N", "N"]}}, "Croatia": {"count": 0, "coords": [45.1, 15.2]}, "Switzerland": {"count": 3, "OTP": {"count": 3, "country": "Switzerland", "coords": [0, 0], "airline": ["Swiss International Air Lines", "TAROM", "Wizz Air"], "type": ["N", "N", "N"]}, "coords": [46.818188, 8.227511999999999]}, "Russia": {"count": 1, "OTP": {"count": 1, "country": "Russia", "coords": [0, 0], "airline": ["Aeroflot"], "type": ["N"]}, "coords": [61.52401, 105.318756]}, "Bulgaria": {"count": 1, "OTP": {"count": 1, "country": "Bulgaria", "coords": [0, 0], "airline": ["TAROM"], "type": ["N"]}, "coords": [42.733883, 25.48583]}, "Romania": {"count": 33, "CLJ": {"count": 4, "country": "Romania", "coords": [0, 0], "airline": ["Blue Air", "Blue Air", "TAROM", "Wizz Air"], "type": ["N", "N", "N", "N"]}, "SUJ": {"count": 1, "country": "Romania", "coords": [0, 0], "airline": ["TAROM"], "type": ["N"]}, "BAY": {"count": 1, "country": "Romania", "coords": [0, 0], "airline": ["TAROM"], "type": ["N"]}, "OMR": {"count": 3, "country": "Romania", "coords": [0, 0], "airline": ["Blue Air", "Blue Air", "TAROM"], "type": ["N", "N", "N"]}, "CND": {"count": 4, "country": "Romania", "coords": [0, 0], "airline": ["Blue Air", "Blue Air", "Blue Air", "Blue Air"], "type": ["N", "N", "N", "N"]}, "coords": [46.052612, 24.954499], "OTP": {"count": 12, "country": "Romania", "coords": [0, 0], "airline": ["Blue Air", "Blue Air", "Blue Air", "Ryanair", "TAROM", "TAROM", "TAROM", "TAROM", "TAROM", "TAROM", "TAROM", "Wizz Air"], "type": ["N", "N", "N", "N", "N", "N", "N", "N", "N", "N", "N", "N"]}, "SCV": {"count": 1, "country": "Romania", "coords": [0, 0], "airline": ["TAROM"], "type": ["N"]}, "TSR": {"count": 2, "country": "Romania", "coords": [0, 0], "airline": ["Blue Air", "Ryanair"], "type": ["N", "N"]}, "IAS": {"count": 5, "country": "Romania", "coords": [0, 0], "airline": ["Blue Air", "Blue Air", "Blue Air", "Blue Air", "TAROM"], "type": ["N", "N", "N", "N", "N"]}}, "Portugal": {"count": 3, "OTP": {"count": 3, "country": "Portugal", "coords": [0, 0], "airline": ["Blue Air", "TAP Portugal", "Wizz Air"], "type": ["N", "N", "N"]}, "coords": [39.39987199999999, -8.224454]}, "Egypt": {"count": 3, "OTP": {"count": 3, "country": "Egypt", "coords": [0, 0], "airline": ["Air Bucharest", "TAROM", "TAROM"], "type": ["N", "N", "N"]}, "coords": [26.820553, 30.802498]}, "United Arab Emirates": {"count": 3, "OTP": {"count": 2, "country": "United Arab Emirates", "coords": [0, 0], "airline": ["flydubai", "Wizz Air"], "type": ["N", "N"]}, "coords": [23.424076, 53.847818], "CLJ": {"count": 1, "country": "United Arab Emirates", "coords": [0, 0], "airline": ["Wizz Air"], "type": ["N"]}}, "Serbia": {"count": 2, "OTP": {"count": 2, "country": "Serbia", "coords": [0, 0], "airline": ["Air Serbia", "TAROM"], "type": ["N", "N"]}, "coords": [44.016521, 21.005859]}, "United Kingdom": {"count": 31, "BCM": {"count": 2, "country": "United Kingdom", "coords": [0, 0], "airline": ["Blue Air", "Blue Air"], "type": ["N", "N"]}, "CLJ": {"count": 4, "country": "United Kingdom", "coords": [0, 0], "airline": ["Blue Air", "Blue Air", "Wizz Air", "Wizz Air"], "type": ["N", "N", "N", "N"]}, "SBZ": {"count": 1, "country": "United Kingdom", "coords": [0, 0], "airline": ["Wizz Air"], "type": ["N"]}, "OMR": {"count": 1, "country": "United Kingdom", "coords": [0, 0], "airline": ["Ryanair"], "type": ["N"]}, "CND": {"count": 1, "country": "United Kingdom", "coords": [0, 0], "airline": ["Wizz Air"], "type": ["N"]}, "CRA": {"count": 2, "country": "United Kingdom", "coords": [0, 0], "airline": ["Wizz Air", "Wizz Air"], "type": ["N", "N"]}, "coords": [55.378051, -3.435973], "OTP": {"count": 12, "country": "United Kingdom", "coords": [0, 0], "airline": ["Blue Air", "Blue Air", "Blue Air", "Blue Air", "British Airways", "Ryanair", "Ryanair", "TAROM", "Wizz Air", "Wizz Air", "Wizz Air", "Wizz Air"], "type": ["N", "N", "N", "N", "N", "N", "N", "N", "N", "N", "N", "N"]}, "SCV": {"count": 1, "country": "United Kingdom", "coords": [0, 0], "airline": ["Wizz Air"], "type": ["N"]}, "TSR": {"count": 2, "country": "United Kingdom", "coords": [0, 0], "airline": ["Ryanair", "Wizz Air"], "type": ["N", "N"]}, "IAS": {"count": 4, "country": "United Kingdom", "coords": [0, 0], "airline": ["Blue Air", "Blue Air", "TAROM", "Wizz Air"], "type": ["N", "N", "N", "N"]}, "TGM": {"count": 1, "country": "United Kingdom", "coords": [0, 0], "airline": ["Wizz Air"], "type": ["N"]}}, "Tunisia": {"count": 0, "coords": [33.886917, 9.537499]}, "Austria": {"count": 3, "SBZ": {"count": 1, "country": "Austria", "coords": [0, 0], "airline": ["Austrian Airlines"], "type": ["N"]}, "coords": [47.516231, 14.550072], "OTP": {"count": 1, "country": "Austria", "coords": [0, 0], "airline": ["Austrian Airlines"], "type": ["N"]}, "IAS": {"count": 1, "country": "Austria", "coords": [0, 0], "airline": ["Austrian Airlines"], "type": ["N"]}}, "Greece": {"count": 40, "CLJ": {"count": 7, "country": "Greece", "coords": [0, 0], "airline": ["Aegean Airlines", "Blue Air", "Blue Air", "Blue Air", "TAROM", "TAROM", "TAROM"], "type": ["N", "N", "N", "N", "N", "N", "N"]}, "coords": [39.074208, 21.824312], "OTP": {"count": 27, "country": "Greece", "coords": [0, 0], "airline": ["Aegean Airlines", "Aegean Airlines", "Aegean Airlines", "Aegean Airlines", "Aegean Airlines", "Aegean Airlines", "Aegean Airlines", "Air Bucharest", "Air Bucharest", "Air Bucharest", "Air Bucharest", "Astra Airlines", "Blue Air", "Blue Air", "Blue Air", "Ellinair", "Ryanair", "TAROM", "TAROM", "TAROM", "TAROM", "TAROM", "TAROM", "TAROM", "TAROM", "TAROM", "TAROM"], "type": ["N", "N", "N", "N", "N", "N", "N", "N", "N", "N", "N", "N", "N", "N", "N", "N", "N", "N", "N", "N", "N", "N", "N", "N", "N", "N", "N"]}, "SCV": {"count": 1, "country": "Greece", "coords": [0, 0], "airline": ["Air Bucharest"], "type": ["N"]}, "TSR": {"count": 3, "country": "Greece", "coords": [0, 0], "airline": ["Blue Air", "Blue Air", "Blue Air"], "type": ["N", "N", "N"]}, "IAS": {"count": 2, "country": "Greece", "coords": [0, 0], "airline": ["Blue Air", "TAROM"], "type": ["N", "N"]}}, "Hungary": {"count": 4, "OTP": {"count": 2, "country": "Hungary", "coords": [0, 0], "airline": ["TAROM", "Wizz Air"], "type": ["N", "N"]}, "coords": [47.162494, 19.503304], "CLJ": {"count": 1, "country": "Hungary", "coords": [0, 0], "airline": ["Wizz Air"], "type": ["N"]}, "TGM": {"count": 1, "country": "Hungary", "coords": [0, 0], "airline": ["Wizz Air"], "type": ["N"]}}, "Cyprus": {"count": 6, "OTP": {"count": 3, "country": "Cyprus", "coords": [0, 0], "airline": ["Blue Air", "TAROM", "Wizz Air"], "type": ["N", "N", "N"]}, "coords": [35.126413, 33.429859], "IAS": {"count": 1, "country": "Cyprus", "coords": [0, 0], "airline": ["Wizz Air"], "type": ["N"]}, "CLJ": {"count": 2, "country": "Cyprus", "coords": [0, 0], "airline": ["Blue Air", "Wizz Air"], "type": ["N", "N"]}}}}