{"Turkey": {"count": 11.15, "coords": [38.963745, 35.243322], "BUD": {"count": 11.15, "cities": {"Istanbul": {"7freq": 11.15, "airports": {"SAW": {"7freq": 3.0, "airlines": {"Pegasus Airlines": {"7freq": 3.0}}}, "IST": {"7freq": 8.15, "airlines": {"Turkish Airlines": {"7freq": 7.9}}}}}}}}, "Qatar": {"count": 6.7, "coords": [25.354826, 51.183884], "BUD": {"count": 6.7, "cities": {"Doha": {"7freq": 6.7, "airports": {"DOH": {"7freq": 6.7, "airlines": {"Qatar Air Cargo": {"7freq": 0.75}, "Qatar Airways": {"7freq": 5.95}}}}}}}}, "Italy": {"count": 38.74999999999999, "DEB": {"count": 2.0, "cities": {"Milan": {"7freq": 2.0, "airports": {"BGY": {"7freq": 2.0, "airlines": {"Wizz Air": {"7freq": 2.0}}}}}}}, "coords": [41.87194, 12.56738], "BUD": {"count": 36.74999999999999, "cities": {"Venice": {"7freq": 2.9, "airports": {"VCE": {"7freq": 2.9, "airlines": {"EasyJet": {"7freq": 2.9}}}}}, "Bologna": {"7freq": 2.0, "airports": {"BLQ": {"7freq": 2.0, "airlines": {"Wizz Air": {"7freq": 2.0}}}}}, "Pisa": {"7freq": 2.0, "airports": {"PSA": {"7freq": 2.0, "airlines": {"Ryanair": {"7freq": 2.0}}}}}, "Bari": {"7freq": 2.9, "airports": {"BRI": {"7freq": 2.9, "airlines": {"Wizz Air": {"7freq": 2.9}}}}}, "Milan": {"7freq": 9.15, "airports": {"BGY": {"7freq": 3.2, "airlines": {"Ryanair": {"7freq": 3.2}}}, "MXP": {"7freq": 5.95, "airlines": {"Wizz Air": {"7freq": 5.95}}}}}, "Rome": {"7freq": 10.95, "airports": {"CIA": {"7freq": 4.95, "airlines": {"Ryanair": {"7freq": 4.95}}}, "FCO": {"7freq": 6.0, "airlines": {"Wizz Air": {"7freq": 3.0}, "Alitalia": {"7freq": 3.0}}}}}, "Catania": {"7freq": 1.85, "airports": {"CTA": {"7freq": 1.85, "airlines": {"Wizz Air": {"7freq": 1.85}}}}}, "Treviso": {"7freq": 3.0, "airports": {"TSF": {"7freq": 3.0, "airlines": {"Ryanair": {"7freq": 3.0}}}}}, "Naples": {"7freq": 2.0, "airports": {"NAP": {"7freq": 2.0, "airlines": {"Wizz Air": {"7freq": 2.0}}}}}}}}, "Malta": {"count": 2.0, "coords": [35.937496, 14.375416], "BUD": {"count": 2.0, "cities": {"Luqa": {"7freq": 2.0, "airports": {"MLA": {"7freq": 2.0, "airlines": {"Wizz Air": {"7freq": 2.0}}}}}}}}, "France": {"count": 24.15, "DEB": {"count": 2.0, "cities": {"Paris": {"7freq": 2.0, "airports": {"BVA": {"7freq": 2.0, "airlines": {"Wizz Air": {"7freq": 2.0}}}}}}}, "coords": [46.227638, 2.213749], "BUD": {"count": 22.15, "cities": {"Paris": {"7freq": 17.2, "airports": {"BVA": {"7freq": 2.9, "airlines": {"Ryanair": {"7freq": 2.9}}}, "CDG": {"7freq": 12.6, "airlines": {"EasyJet": {"7freq": 3.7}, "Air France": {"7freq": 8.9}}}, "ORY": {"7freq": 1.7, "airlines": {"Transavia": {"7freq": 1.45}}}}}, "Lyon": {"7freq": 3.0, "airports": {"LYS": {"7freq": 3.0, "airlines": {"EasyJet": {"7freq": 3.0}}}}}, "Nice": {"7freq": 1.95, "airports": {"NCE": {"7freq": 1.95, "airlines": {"Wizz Air": {"7freq": 1.95}}}}}}}}, "Netherlands": {"count": 22.9, "DEB": {"count": 2.0, "cities": {"Eindhoven": {"7freq": 2.0, "airports": {"EIN": {"7freq": 2.0, "airlines": {"Wizz Air": {"7freq": 2.0}}}}}}}, "coords": [52.132633, 5.291265999999999], "BUD": {"count": 20.9, "cities": {"Rotterdam": {"7freq": 4.5, "airports": {"RTM": {"7freq": 4.5, "airlines": {"Transavia": {"7freq": 4.5}}}}}, "Amsterdam": {"7freq": 10.45, "airports": {"AMS": {"7freq": 10.45, "airlines": {"EasyJet": {"7freq": 1.5}, "KLM": {"7freq": 8.95}}}}}, "Eindhoven": {"7freq": 5.95, "airports": {"EIN": {"7freq": 5.95, "airlines": {"Wizz Air": {"7freq": 5.95}}}}}}}}, "Ireland": {"count": 8.15, "coords": [53.41291, -8.24389], "BUD": {"count": 8.15, "cities": {"Dublin": {"7freq": 8.15, "airports": {"DUB": {"7freq": 8.15, "airlines": {"Ryanair": {"7freq": 5.2}, "Aer Lingus": {"7freq": 2.95}}}}}}}}, "Norway": {"count": 3.5, "coords": [60.47202399999999, 8.468945999999999], "BUD": {"count": 3.5, "cities": {"Oslo": {"7freq": 3.5, "airports": {"OSL": {"7freq": 3.5, "airlines": {"Norwegian": {"7freq": 3.5}}}}}}}}, "Israel": {"count": 10.5, "coords": [31.046051, 34.851612], "BUD": {"count": 10.5, "cities": {"Eilat": {"7freq": 2.0, "airports": {"VDA": {"7freq": 2.0, "airlines": {"Ryanair": {"7freq": 2.0}}}}}, "Tel Aviv": {"7freq": 8.5, "airports": {"TLV": {"7freq": 8.5, "airlines": {"Wizz Air": {"7freq": 2.95}, "El Al": {"7freq": 5.35}}}}}}}}, "Belarus": {"count": 3.85, "coords": [53.709807, 27.953389], "BUD": {"count": 3.85, "cities": {"Minsk": {"7freq": 3.85, "airports": {"MSQ": {"7freq": 3.85, "airlines": {"Belavia": {"7freq": 2.4}, "Air China": {"7freq": 1.45}}}}}}}}, "Algeria": {"count": 2.0, "coords": [28.033886, 1.659626], "BUD": {"count": 2.0, "cities": {"Algiers": {"7freq": 2.0, "airports": {"ALG": {"7freq": 2.0, "airlines": {"Air Algerie": {"7freq": 2.0}}}}}}}}, "Iceland": {"count": 2.0, "coords": [64.963051, -19.020835], "BUD": {"count": 2.0, "cities": {"Reykjavik": {"7freq": 2.0, "airports": {"KEF": {"7freq": 2.0, "airlines": {"Wizz Air": {"7freq": 2.0}}}}}}}}, "Czechia": {"count": 9.6, "coords": [49.81749199999999, 15.472962], "BUD": {"count": 9.6, "cities": {"Prague": {"7freq": 9.6, "airports": {"PRG": {"7freq": 9.6, "airlines": {"Czech Airlines": {"7freq": 8.85}, "Qatar Air Cargo": {"7freq": 0.7}}}}}}}}, "Germany": {"count": 77.89999999999999, "DEB": {"count": 2.9, "cities": {"Munich": {"7freq": 2.9, "airports": {"MUC": {"7freq": 2.9, "airlines": {"Lufthansa": {"7freq": 2.75}}}}}}}, "coords": [51.165691, 10.451526], "BUD": {"count": 75.0, "cities": {"Dortmund": {"7freq": 2.9, "airports": {"DTM": {"7freq": 2.9, "airlines": {"Wizz Air": {"7freq": 2.9}}}}}, "Dusseldorf": {"7freq": 8.55, "airports": {"DUS": {"7freq": 8.55, "airlines": {"Germanwings": {"7freq": 2.45}, "Eurowings": {"7freq": 6.0}}}}}, "Munich": {"7freq": 14.8, "airports": {"MUC": {"7freq": 14.8, "airlines": {"Lufthansa": {"7freq": 13.2}, "Air Dolomiti": {"7freq": 1.6}}}}}, "Cologne": {"7freq": 2.9, "airports": {"CGN": {"7freq": 2.9, "airlines": {"Germanwings": {"7freq": 2.9}}}}}, "Stuttgart": {"7freq": 7.05, "airports": {"STR": {"7freq": 7.05, "airlines": {"Germanwings": {"7freq": 6.0}, "Eurowings": {"7freq": 1.0}}}}}, "Berlin": {"7freq": 16.85, "airports": {"TXL": {"7freq": 8.9, "airlines": {"Air Berlin": {"7freq": 8.9}}}, "SXF": {"7freq": 7.95, "airlines": {"EasyJet": {"7freq": 4.9}, "Ryanair": {"7freq": 3.05}}}}}, "Nurnberg": {"7freq": 3.0, "airports": {"NUE": {"7freq": 3.0, "airlines": {"Ryanair": {"7freq": 3.0}}}}}, "Hamburg": {"7freq": 3.0, "airports": {"HAM": {"7freq": 3.0, "airlines": {"Germanwings": {"7freq": 3.0}}}}}, "Karlsruhe/Baden-Baden": {"7freq": 2.0, "airports": {"FKB": {"7freq": 2.0, "airlines": {"Wizz Air": {"7freq": 2.0}}}}}, "Frankfurt": {"7freq": 13.95, "airports": {"FRA": {"7freq": 11.95, "airlines": {"Lufthansa": {"7freq": 11.95}}}, "HHN": {"7freq": 2.0, "airlines": {"Wizz Air": {"7freq": 2.0}}}}}}}}, "Belgium": {"count": 19.05, "coords": [50.503887, 4.469936], "BUD": {"count": 19.05, "cities": {"Brussels": {"7freq": 19.05, "airports": {"BRU": {"7freq": 8.95, "airlines": {"Brussels Airlines": {"7freq": 8.95}}}, "CRL": {"7freq": 10.1, "airlines": {"Ryanair": {"7freq": 4.9}, "Wizz Air": {"7freq": 5.2}}}}}}}}, "China": {"count": 0.8, "coords": [35.86166, 104.195397], "BUD": {"count": 0.8, "cities": {"Beijing": {"7freq": 0.8, "airports": {"PEK": {"7freq": 0.8, "airlines": {"Air China": {"7freq": 0.8}}}}}}}}, "Hong Kong": {"count": 1.45, "coords": [22.396428, 114.109497], "BUD": {"count": 1.45, "cities": {"Hong Kong": {"7freq": 1.45, "airports": {"HKG": {"7freq": 1.45, "airlines": {"Cargolux": {"7freq": 0.6}, "Air Chathams": {"7freq": 0.85}}}}}}}}, "Spain": {"count": 21.9, "coords": [40.46366700000001, -3.74922], "BUD": {"count": 21.9, "cities": {"Malaga": {"7freq": 4.05, "airports": {"AGP": {"7freq": 4.05, "airlines": {"Ryanair": {"7freq": 2.1}, "Wizz Air": {"7freq": 1.95}}}}}, "Alicante": {"7freq": 1.1, "airports": {"ALC": {"7freq": 1.1, "airlines": {"Wizz Air": {"7freq": 1.1}}}}}, "Madrid": {"7freq": 5.85, "airports": {"MAD": {"7freq": 5.85, "airlines": {"Ryanair": {"7freq": 2.9}, "Wizz Air": {"7freq": 2.95}}}}}, "Barcelona": {"7freq": 6.05, "airports": {"BCN": {"7freq": 6.05, "airlines": {"Ryanair": {"7freq": 3.0}, "Wizz Air": {"7freq": 2.95}}}}}, "Lanzarote": {"7freq": 1.0, "airports": {"ACE": {"7freq": 1.0, "airlines": {"Wizz Air": {"7freq": 1.0}}}}}, "Tenerife": {"7freq": 1.95, "airports": {"TFS": {"7freq": 1.95, "airlines": {"Wizz Air": {"7freq": 1.95}}}}}, "Fuerteventura": {"7freq": 1.0, "airports": {"FUE": {"7freq": 1.0, "airlines": {"Wizz Air": {"7freq": 1.0}}}}}, "Las Palmas": {"7freq": 0.9, "airports": {"LPA": {"7freq": 0.9, "airlines": {"Ryanair": {"7freq": 0.9}}}}}}}}, "Ukraine": {"count": 4.4, "coords": [48.379433, 31.16558], "BUD": {"count": 4.4, "cities": {"Kiev": {"7freq": 4.4, "airports": {"KBP": {"7freq": 1.5, "airlines": {"Turkish Airlines": {"7freq": 1.05}, "ULS Airlines Cargo": {"7freq": 0.4}}}, "IEV": {"7freq": 2.9, "airlines": {"Wizz Air": {"7freq": 2.9}}}}}}}}, "Georgia": {"count": 1.95, "coords": [32.1656221, -82.9000751], "BUD": {"count": 1.95, "cities": {"Kutaisi": {"7freq": 1.95, "airports": {"KUT": {"7freq": 1.95, "airlines": {"Wizz Air": {"7freq": 1.95}}}}}}}}, "Denmark": {"count": 7.800000000000001, "coords": [56.26392, 9.501785], "BUD": {"count": 7.800000000000001, "cities": {"Billund": {"7freq": 1.9, "airports": {"BLL": {"7freq": 1.9, "airlines": {"Ryanair": {"7freq": 1.9}}}}}, "Copenhagen": {"7freq": 5.9, "airports": {"CPH": {"7freq": 5.9, "airlines": {"Norwegian": {"7freq": 1.7}, "SmartLynx": {"7freq": 1.0}, "Ryanair": {"7freq": 3.0}}}}}}}}, "Poland": {"count": 14.9, "coords": [51.919438, 19.145136], "BUD": {"count": 14.9, "cities": {"Warsaw": {"7freq": 14.9, "airports": {"WAW": {"7freq": 14.9, "airlines": {"Wizz Air": {"7freq": 3.0}, "LOT": {"7freq": 11.9}}}}}}}}, "Finland": {"count": 8.5, "coords": [61.92410999999999, 25.748151], "BUD": {"count": 8.5, "cities": {"Helsinki": {"7freq": 8.5, "airports": {"HEL": {"7freq": 8.5, "airlines": {"Norwegian": {"7freq": 2.05}, "Norwegian Air International": {"7freq": 0.35}, "Finnair": {"7freq": 5.9}}}}}}}}, "Sweden": {"count": 12.1, "coords": [60.12816100000001, 18.643501], "BUD": {"count": 12.1, "cities": {"Gothenburg": {"7freq": 2.9, "airports": {"GOT": {"7freq": 2.9, "airlines": {"Wizz Air": {"7freq": 2.9}}}}}, "Stockholm": {"7freq": 6.3, "airports": {"NYO": {"7freq": 2.9, "airlines": {"Wizz Air": {"7freq": 2.9}}}, "ARN": {"7freq": 3.4, "airlines": {"SAS": {"7freq": 0.4}, "Norwegian": {"7freq": 3.0}}}}}, "Malmo": {"7freq": 2.9, "airports": {"MMX": {"7freq": 2.9, "airlines": {"Wizz Air": {"7freq": 2.9}}}}}}}}, "Latvia": {"count": 2.3, "coords": [56.879635, 24.603189], "BUD": {"count": 2.3, "cities": {"Riga": {"7freq": 2.3, "airports": {"RIX": {"7freq": 2.3, "airlines": {"Air Baltic": {"7freq": 2.3}}}}}}}}, "Luxembourg": {"count": 1.45, "coords": [49.815273, 6.129582999999999], "BUD": {"count": 1.45, "cities": {"Luxembourg": {"7freq": 1.45, "airports": {"LUX": {"7freq": 1.45, "airlines": {"Cargolux": {"7freq": 0.65}, "Air Chathams": {"7freq": 0.8}}}}}}}}, "Switzerland": {"count": 15.0, "coords": [46.818188, 8.227511999999999], "BUD": {"count": 15.0, "cities": {"Basel": {"7freq": 3.0, "airports": {"BSL": {"7freq": 3.0, "airlines": {"EasyJet": {"7freq": 3.0}}}}}, "Geneva": {"7freq": 3.0, "airports": {"GVA": {"7freq": 3.0, "airlines": {"EasyJet": {"7freq": 3.0}}}}}, "Zurich": {"7freq": 9.0, "airports": {"ZRH": {"7freq": 9.0, "airlines": {"Swiss": {"7freq": 7.0}, "Helvetic Airways": {"7freq": 1.95}}}}}}}}, "Russia": {"count": 9.65, "coords": [61.52401, 105.318756], "BUD": {"count": 9.65, "cities": {"Moscow": {"7freq": 9.25, "airports": {"SVO": {"7freq": 6.3, "airlines": {"Aeroflot": {"7freq": 6.3}}}, "VKO": {"7freq": 2.95, "airlines": {"Wizz Air": {"7freq": 2.95}}}}}, "St. Petersburg": {"7freq": 0.4, "airports": {"LED": {"7freq": 0.4, "airlines": {"UTair": {"7freq": 0.4}}}}}}}}, "Bulgaria": {"count": 2.0, "coords": [42.733883, 25.48583], "BUD": {"count": 2.0, "cities": {"Sofia": {"7freq": 2.0, "airports": {"SOF": {"7freq": 2.0, "airlines": {"Wizz Air": {"7freq": 2.0}}}}}}}}, "Romania": {"count": 13.65, "coords": [46.052612, 24.954499], "BUD": {"count": 13.65, "cities": {"Bucharest": {"7freq": 11.65, "airports": {"OTP": {"7freq": 11.65, "airlines": {"Tarom": {"7freq": 8.65}, "Wizz Air": {"7freq": 3.0}}}}}, "Cluj-Napoca": {"7freq": 2.0, "airports": {"CLJ": {"7freq": 2.0, "airlines": {"Wizz Air": {"7freq": 2.0}}}}}}}}, "Portugal": {"count": 4.95, "coords": [39.39987199999999, -8.224454], "BUD": {"count": 4.95, "cities": {"Porto": {"7freq": 2.0, "airports": {"OPO": {"7freq": 2.0, "airlines": {"Wizz Air": {"7freq": 2.0}}}}}, "Lisbon": {"7freq": 2.95, "airports": {"LIS": {"7freq": 2.95, "airlines": {"Wizz Air": {"7freq": 2.95}}}}}}}}, "Egypt": {"count": 4.05, "coords": [26.820553, 30.802498], "BUD": {"count": 4.05, "cities": {"Cairo": {"7freq": 2.9, "airports": {"CAI": {"7freq": 2.9, "airlines": {"EgyptAir": {"7freq": 2.9}}}}}, "Hurghada": {"7freq": 1.15, "airports": {"HRG": {"7freq": 1.15, "airlines": {"Air Cairo": {"7freq": 1.15}}}}}}}}, "United Arab Emirates": {"count": 5.95, "coords": [23.424076, 53.847818], "BUD": {"count": 5.95, "cities": {"Dubai": {"7freq": 5.95, "airports": {"DWC": {"7freq": 2.95, "airlines": {"Wizz Air": {"7freq": 2.95}}}, "DXB": {"7freq": 3.0, "airlines": {"Emirates": {"7freq": 3.0}}}}}}}}, "Serbia": {"count": 1.5, "coords": [44.016521, 21.005859], "BUD": {"count": 1.5, "cities": {"Belgrade": {"7freq": 1.5, "airports": {"BEG": {"7freq": 1.5, "airlines": {"Belavia": {"7freq": 1.4}}}}}}}}, "Azerbaijan": {"count": 1.05, "coords": [40.143105, 47.576927], "BUD": {"count": 1.05, "cities": {"Baku": {"7freq": 1.05, "airports": {"GYD": {"7freq": 1.05, "airlines": {"Wizz Air": {"7freq": 1.05}}}}}}}}, "United Kingdom": {"count": 64.55, "DEB": {"count": 5.8, "cities": {"London": {"7freq": 5.8, "airports": {"LTN": {"7freq": 5.8, "airlines": {"Wizz Air": {"7freq": 5.8}}}}}}}, "coords": [55.378051, -3.435973], "BUD": {"count": 58.75, "cities": {"East Midlands": {"7freq": 1.0, "airports": {"EMA": {"7freq": 1.0, "airlines": {"Jet2": {"7freq": 1.0}}}}}, "Edinburgh": {"7freq": 2.1, "airports": {"EDI": {"7freq": 2.1, "airlines": {"Jet2": {"7freq": 2.1}}}}}, "Liverpool": {"7freq": 2.0, "airports": {"LPL": {"7freq": 2.0, "airlines": {"Wizz Air": {"7freq": 2.0}}}}}, "Manchester": {"7freq": 6.1, "airports": {"MAN": {"7freq": 6.1, "airlines": {"Ryanair": {"7freq": 3.1}, "Jet2": {"7freq": 3.0}}}}}, "Leeds": {"7freq": 1.1, "airports": {"LBA": {"7freq": 1.1, "airlines": {"Jet2": {"7freq": 1.1}}}}}, "Bristol": {"7freq": 2.9, "airports": {"BRS": {"7freq": 2.9, "airlines": {"Ryanair": {"7freq": 2.9}}}}}, "London": {"7freq": 39.55, "airports": {"STN": {"7freq": 9.15, "airlines": {"Ryanair": {"7freq": 9.15}}}, "LGW": {"7freq": 8.9, "airlines": {"EasyJet": {"7freq": 6.0}, "Norwegian": {"7freq": 2.7}}}, "LTN": {"7freq": 12.5, "airlines": {"Wizz Air": {"7freq": 12.5}}}, "LHR": {"7freq": 9.0, "airlines": {"British Airways": {"7freq": 8.65}, "Titan Airways": {"7freq": 0.3}}}}}, "Birmingham": {"7freq": 2.0, "airports": {"BHX": {"7freq": 2.0, "airlines": {"Wizz Air": {"7freq": 2.0}}}}}, "Glasgow": {"7freq": 2.0, "airports": {"GLA": {"7freq": 2.0, "airlines": {"Wizz Air": {"7freq": 2.0}}}}}}}}, "Austria": {"count": 10.25, "coords": [47.516231, 14.550072], "BUD": {"count": 10.25, "cities": {"Vienna": {"7freq": 10.25, "airports": {"VIE": {"7freq": 10.25, "airlines": {"Austrian Airlines": {"7freq": 10.25}}}}}}}}, "Greece": {"count": 7.95, "coords": [39.074208, 21.824312], "BUD": {"count": 7.95, "cities": {"Thessaloniki": {"7freq": 2.0, "airports": {"SKG": {"7freq": 2.0, "airlines": {"Wizz Air": {"7freq": 2.0}}}}}, "Athens": {"7freq": 5.95, "airports": {"ATH": {"7freq": 5.95, "airlines": {"Ryanair": {"7freq": 3.0}, "Aegean Airlines": {"7freq": 2.95}}}}}}}}, "Cyprus": {"count": 2.0, "coords": [35.126413, 33.429859], "BUD": {"count": 2.0, "cities": {"Larnaca": {"7freq": 2.0, "airports": {"LCA": {"7freq": 2.0, "airlines": {"Wizz Air": {"7freq": 2.0}}}}}}}}}