{"Pisa(43.7228386, 10.4016888)": {"count": 2.0, "country": "Italy", "coords": [43.7228386, 10.4016888], "OTP": {"count": 2.0, "airports": {"PSA": {"7freq": 2.0, "airlines": {"Wizz Air": {"7freq": 2.0}}}}}}, "Varna(43.2140504, 27.9147333)": {"count": 0.95, "country": "Bulgaria", "CND": {"count": 0.95, "airports": {"VAR": {"7freq": 0.95, "airlines": {"Turkish Airlines": {"7freq": 0.95}}}}}, "coords": [43.2140504, 27.9147333]}, "Frankfurt(50.1109221, 8.6821267)": {"count": 19.0, "country": "Germany", "coords": [50.1109221, 8.6821267], "OTP": {"count": 12.8, "airports": {"FRA": {"7freq": 12.8, "airlines": {"Tarom": {"7freq": 6.0}, "Lufthansa": {"7freq": 6.75}}}}}, "TSR": {"count": 4.2, "airports": {"HHN": {"7freq": 4.2, "airlines": {"Ryanair": {"7freq": 2.2}, "Wizz Air": {"7freq": 2.0}}}}}, "TGM": {"count": 2.0, "airports": {"HHN": {"7freq": 2.0, "airlines": {"Wizz Air": {"7freq": 2.0}}}}}}, "Thessaloniki(40.6400629, 22.9444191)": {"count": 5.0, "country": "Greece", "coords": [40.6400629, 22.9444191], "OTP": {"count": 5.0, "airports": {"SKG": {"7freq": 5.0, "airlines": {"Tarom": {"7freq": 3.0}, "Astra Airlines": {"7freq": 2.0}}}}}}, "Chisinau(47.0104529, 28.8638103)": {"count": 16.5, "country": "Moldova", "coords": [47.0104529, 28.8638103], "OTP": {"count": 16.5, "airports": {"KIV": {"7freq": 16.5, "airlines": {"Tarom": {"7freq": 11.7}, "Air Moldova": {"7freq": 4.8}}}}}}, "Suceava(47.6634521, 26.2732302)": {"count": 2.9, "country": "Romania", "coords": [47.6634521, 26.2732302], "OTP": {"count": 2.9, "airports": {"SCV": {"7freq": 2.9, "airlines": {"Tarom": {"7freq": 2.9}}}}}}, "Genf(46.2043907, 6.1431577)": {"count": 1.85, "country": "Switzerland", "coords": [46.2043907, 6.1431577], "OTP": {"count": 1.85, "airports": {"GVA": {"7freq": 1.85, "airlines": {"Wizz Air": {"7freq": 1.85}}}}}}, "Alicante(38.3459963, -0.4906855)": {"count": 1.3, "country": "Spain", "coords": [38.3459963, -0.4906855], "OTP": {"count": 1.0, "airports": {"ALC": {"7freq": 1.0, "airlines": {"Wizz Air": {"7freq": 1.0}}}}}, "CLJ": {"count": 0.3, "airports": {"ALC": {"7freq": 0.3, "airlines": {"Wizz Air": {"7freq": 0.3}}}}}}, "Belgr\u00e1d(44.786568, 20.4489216)": {"count": 9.25, "country": "Serbia", "coords": [44.786568, 20.4489216], "OTP": {"count": 9.25, "airports": {"BEG": {"7freq": 9.25, "airlines": {"Tarom": {"7freq": 4.7}, "AirSERBIA": {"7freq": 4.55}}}}}}, "Temesv\u00e1r(45.7488716, 21.2086793)": {"count": 25.949999999999996, "CLJ": {"count": 2.9, "airports": {"TSR": {"7freq": 2.9, "airlines": {"Blue Air": {"7freq": 2.9}}}}}, "country": "Romania", "coords": [45.7488716, 21.2086793], "OTP": {"count": 20.15, "airports": {"TSR": {"7freq": 20.15, "airlines": {"Tarom": {"7freq": 14.15}, "Ryanair": {"7freq": 6.0}}}}}, "IAS": {"count": 2.9, "airports": {"TSR": {"7freq": 2.9, "airlines": {"Blue Air": {"7freq": 2.9}}}}}}, "Kolozsv\u00e1r(46.7712101, 23.6236353)": {"count": 34.9, "country": "Romania", "coords": [46.7712101, 23.6236353], "OTP": {"count": 29.1, "airports": {"CLJ": {"7freq": 29.1, "airlines": {"Tarom": {"7freq": 17.4}, "Blue Air": {"7freq": 5.8}, "Wizz Air": {"7freq": 5.9}}}}}, "TSR": {"count": 2.9, "airports": {"CLJ": {"7freq": 2.9, "airlines": {"Blue Air": {"7freq": 2.9}}}}}, "IAS": {"count": 2.9, "airports": {"CLJ": {"7freq": 2.9, "airlines": {"Blue Air": {"7freq": 2.9}}}}}}, "Billund(55.728449, 9.112366)": {"count": 4.0, "country": "Denmark", "coords": [55.728449, 9.112366000000002], "OTP": {"count": 2.0, "airports": {"BLL": {"7freq": 2.0, "airlines": {"Wizz Air": {"7freq": 2.0}}}}}, "CLJ": {"count": 2.0, "airports": {"BLL": {"7freq": 2.0, "airlines": {"Wizz Air": {"7freq": 2.0}}}}}}, "Weeze(51.6266679, 6.1968442)": {"count": 2.25, "country": "Germany", "TSR": {"count": 2.25, "airports": {"NRN": {"7freq": 2.25, "airlines": {"Ryanair": {"7freq": 2.25}}}}}, "coords": [51.6266679, 6.1968442]}, "Koppenh\u00e1ga(55.6760968, 12.5683371)": {"count": 2.1, "country": "Denmark", "coords": [55.6760968, 12.5683371], "OTP": {"count": 2.1, "airports": {"CPH": {"7freq": 2.1, "airlines": {"SAS": {"7freq": 2.1}}}}}}, "Z\u00fcrich(47.3768866, 8.541694)": {"count": 3.0, "country": "Switzerland", "coords": [47.3768866, 8.541694], "OTP": {"count": 3.0, "airports": {"ZRH": {"7freq": 3.0, "airlines": {"Swiss": {"7freq": 2.4}, "Helvetic Airways": {"7freq": 0.6}}}}}}, "Tenerife(28.2915637, -16.6291304)": {"count": 1.0, "country": "Spain", "coords": [28.2915637, -16.6291304], "OTP": {"count": 1.0, "airports": {"TFS": {"7freq": 1.0, "airlines": {"Wizz Air": {"7freq": 1.0}}}}}}, "Bejr\u00fat(33.8937913, 35.5017767)": {"count": 1.95, "country": "Lebanon", "coords": [33.8937913, 35.5017767], "OTP": {"count": 1.95, "airports": {"BEY": {"7freq": 1.95, "airlines": {"Tarom": {"7freq": 1.95}}}}}}, "Valencia(39.4699075, -0.3762881)": {"count": 10.85, "CLJ": {"count": 2.0, "airports": {"VLC": {"7freq": 2.0, "airlines": {"Wizz Air": {"7freq": 2.0}}}}}, "country": "Spain", "CRA": {"count": 2.1, "airports": {"VLC": {"7freq": 2.1, "airlines": {"Ryanair": {"7freq": 2.1}}}}}, "coords": [39.4699075, -0.3762881], "OTP": {"count": 5.65, "airports": {"VLC": {"7freq": 5.65, "airlines": {"Tarom": {"7freq": 0.7}, "Blue Air": {"7freq": 2.75}, "Wizz Air": {"7freq": 2.05}}}}}, "TSR": {"count": 1.1, "airports": {"VLC": {"7freq": 1.1, "airlines": {"Wizz Air": {"7freq": 1.1}}}}}}, "Basel(47.5595986, 7.5885761)": {"count": 4.0, "country": "Switzerland", "coords": [47.5595986, 7.5885761], "OTP": {"count": 2.1, "airports": {"BSL": {"7freq": 2.1, "airlines": {"Wizz Air": {"7freq": 2.1}}}}}, "CLJ": {"count": 1.9, "airports": {"BSL": {"7freq": 1.9, "airlines": {"Wizz Air": {"7freq": 1.9}}}}}}, "J\u00e1szv\u00e1s\u00e1r(47.1584549, 27.6014418)": {"count": 29.499999999999996, "CLJ": {"count": 2.9, "airports": {"IAS": {"7freq": 2.9, "airlines": {"Blue Air": {"7freq": 2.9}}}}}, "country": "Romania", "coords": [47.1584549, 27.6014418], "OTP": {"count": 23.7, "airports": {"IAS": {"7freq": 23.7, "airlines": {"Tarom": {"7freq": 14.9}, "Blue Air": {"7freq": 8.8}}}}}, "TSR": {"count": 2.9, "airports": {"IAS": {"7freq": 2.9, "airlines": {"Blue Air": {"7freq": 2.9}}}}}}, "Pr\u00e1ga(50.0755381, 14.4378005)": {"count": 6.1, "country": "Czechia", "coords": [50.0755381, 14.4378005], "OTP": {"count": 6.1, "airports": {"PRG": {"7freq": 6.1, "airlines": {"Czech Airlines": {"7freq": 3.1}, "Tarom": {"7freq": 3.0}}}}}}, "Memmingen(47.9837999, 10.1801883)": {"count": 6.3, "CLJ": {"count": 0.2999999999999998, "airports": {"FMM": {"7freq": 0.2999999999999998, "airlines": {"Wizz Air": {"7freq": 0.2999999999999998}}}}}, "SBZ": {"count": 2.0, "airports": {"FMM": {"7freq": 2.0, "airlines": {"Wizz Air": {"7freq": 2.0}}}}}, "country": "Germany", "coords": [47.9837999, 10.1801883], "TSR": {"count": 2.0, "airports": {"FMM": {"7freq": 2.0, "airlines": {"Wizz Air": {"7freq": 2.0}}}}}, "TGM": {"count": 2.0, "airports": {"FMM": {"7freq": 2.0, "airlines": {"Wizz Air": {"7freq": 2.0}}}}}}, "Bologna(44.494887, 11.3426163)": {"count": 21.35, "BCM": {"count": 1.9, "airports": {"BLQ": {"7freq": 1.9, "airlines": {"Blue Air": {"7freq": 1.9}}}}}, "CLJ": {"count": 3.0, "airports": {"BLQ": {"7freq": 3.0, "airlines": {"Wizz Air": {"7freq": 3.0}}}}}, "country": "Italy", "CRA": {"count": 2.0, "airports": {"BLQ": {"7freq": 2.0, "airlines": {"Wizz Air": {"7freq": 2.0}}}}}, "coords": [44.494887, 11.3426163], "OTP": {"count": 8.8, "airports": {"BLQ": {"7freq": 8.8, "airlines": {"Blue Air": {"7freq": 2.9}, "Ryanair": {"7freq": 3.0}, "Wizz Air": {"7freq": 2.9}}}}}, "TSR": {"count": 2.0, "airports": {"BLQ": {"7freq": 2.0, "airlines": {"Wizz Air": {"7freq": 2.0}}}}}, "IAS": {"count": 3.65, "airports": {"BLQ": {"7freq": 3.65, "airlines": {"Tarom": {"7freq": 1.6}, "Wizz Air": {"7freq": 2.05}}}}}}, "Oslo(59.9138688, 10.7522454)": {"count": 2.1, "country": "Norway", "coords": [59.9138688, 10.7522454], "OTP": {"count": 2.1, "airports": {"TRF": {"7freq": 2.1, "airlines": {"Wizz Air": {"7freq": 2.1}}}}}}, "Perugia(43.1107168, 12.3908279)": {"count": 2.0, "country": "Italy", "coords": [43.1107168, 12.3908279], "OTP": {"count": 2.0, "airports": {"PEG": {"7freq": 2.0, "airlines": {"Wizz Air": {"7freq": 2.0}}}}}}, "Mil\u00e1n\u00f3(45.4654219, 9.1859243)": {"count": 38.2, "BCM": {"count": 2.9, "airports": {"BGY": {"7freq": 2.9, "airlines": {"Blue Air": {"7freq": 2.9}}}}}, "CLJ": {"count": 2.95, "airports": {"BGY": {"7freq": 2.95, "airlines": {"Wizz Air": {"7freq": 2.95}}}}}, "SBZ": {"count": 1.9, "airports": {"MXP": {"7freq": 1.9, "airlines": {"Wizz Air": {"7freq": 1.9}}}}}, "country": "Italy", "CRA": {"count": 2.9, "airports": {"BGY": {"7freq": 2.9, "airlines": {"Wizz Air": {"7freq": 2.9}}}}}, "coords": [45.4654219, 9.1859243], "OTP": {"count": 17.75, "airports": {"BGY": {"7freq": 8.55, "airlines": {"Ryanair": {"7freq": 5.15}, "Wizz Air": {"7freq": 3.4}}}, "LIN": {"7freq": 6.05, "airlines": {"Blue Air": {"7freq": 3.05}, "Meridiana": {"7freq": 3.0}}}, "MXP": {"7freq": 3.15, "airlines": {"Ryanair": {"7freq": 3.1}}}}}, "SCV": {"count": 2.0, "airports": {"BGY": {"7freq": 2.0, "airlines": {"Wizz Air": {"7freq": 2.0}}}}}, "TSR": {"count": 5.7, "airports": {"BGY": {"7freq": 5.7, "airlines": {"Ryanair": {"7freq": 2.8}, "Wizz Air": {"7freq": 2.9}}}}}, "IAS": {"count": 2.1, "airports": {"BGY": {"7freq": 2.1, "airlines": {"Wizz Air": {"7freq": 2.1}}}}}}, "Dublin(53.3498053, -6.2603097)": {"count": 9.9, "BCM": {"count": 2.0, "airports": {"DUB": {"7freq": 2.0, "airlines": {"Blue Air": {"7freq": 2.0}}}}}, "CLJ": {"count": 2.0, "airports": {"DUB": {"7freq": 2.0, "airlines": {"Blue Air": {"7freq": 2.0}}}}}, "country": "Ireland", "coords": [53.3498053, -6.2603097], "OTP": {"count": 5.9, "airports": {"DUB": {"7freq": 5.9, "airlines": {"Blue Air": {"7freq": 2.9}, "Ryanair": {"7freq": 3.0}}}}}}, "Catania(37.5078772, 15.0830304)": {"count": 7.1, "country": "Italy", "coords": [37.5078772, 15.0830304], "OTP": {"count": 5.8, "airports": {"CTA": {"7freq": 5.8, "airlines": {"Blue Air": {"7freq": 2.8}, "Wizz Air": {"7freq": 3.0}}}}}, "IAS": {"count": 1.3, "airports": {"CTA": {"7freq": 1.3, "airlines": {"Wizz Air": {"7freq": 1.3}}}}}}, "Malm\u00f6(55.604981, 13.003822)": {"count": 4.0, "country": "Sweden", "coords": [55.604981, 13.003822], "OTP": {"count": 2.0, "airports": {"MMX": {"7freq": 2.0, "airlines": {"Wizz Air": {"7freq": 2.0}}}}}, "CLJ": {"count": 2.0, "airports": {"MMX": {"7freq": 2.0, "airlines": {"Wizz Air": {"7freq": 2.0}}}}}}, "Craiova(44.3127651, 23.8785911)": {"count": 0, "country": "Romania", "CRA": {"count": 0, "airports": {"CRA": {"7freq": 0, "airlines": {"Airport": {"7freq": 0}}}}}, "coords": [44.3127651, 23.8785911]}, "Treviso(45.6668893, 12.2430437)": {"count": 8.95, "CLJ": {"count": 2.0, "airports": {"TSF": {"7freq": 2.0, "airlines": {"Wizz Air": {"7freq": 2.0}}}}}, "country": "Italy", "coords": [45.6668893, 12.2430437], "OTP": {"count": 2.9, "airports": {"TSF": {"7freq": 2.9, "airlines": {"Wizz Air": {"7freq": 2.9}}}}}, "TSR": {"count": 2.05, "airports": {"TSF": {"7freq": 2.05, "airlines": {"Wizz Air": {"7freq": 2.05}}}}}, "IAS": {"count": 2.0, "airports": {"TSF": {"7freq": 2.0, "airlines": {"Wizz Air": {"7freq": 2.0}}}}}}, "R\u00f3ma(41.9027835, 12.4963655)": {"count": 42.0, "BCM": {"count": 2.9, "airports": {"FCO": {"7freq": 2.9, "airlines": {"Blue Air": {"7freq": 2.9}}}}}, "CLJ": {"count": 1.2000000000000002, "airports": {"CIA": {"7freq": 1.2000000000000002, "airlines": {"Wizz Air": {"7freq": 1.2000000000000002}}}}}, "country": "Italy", "CRA": {"count": 1.9, "airports": {"CIA": {"7freq": 1.9, "airlines": {"Wizz Air": {"7freq": 1.9}}}}}, "coords": [41.9027835, 12.4963655], "OTP": {"count": 25.7, "airports": {"CIA": {"7freq": 11.9, "airlines": {"Ryanair": {"7freq": 6.0}, "Wizz Air": {"7freq": 5.9}}}, "FCO": {"7freq": 13.8, "airlines": {"Blue Air": {"7freq": 6.05}, "Tarom": {"7freq": 2.8}, "Alitalia": {"7freq": 4.95}}}}}, "TSR": {"count": 2.0, "airports": {"CIA": {"7freq": 2.0, "airlines": {"Wizz Air": {"7freq": 2.0}}}}}, "IAS": {"count": 6.3, "airports": {"CIA": {"7freq": 2.0, "airlines": {"Wizz Air": {"7freq": 2.0}}}, "FCO": {"7freq": 4.3, "airlines": {"Blue Air": {"7freq": 2.9}, "Tarom": {"7freq": 1.4}}}}}, "TGM": {"count": 2.0, "airports": {"CIA": {"7freq": 2.0, "airlines": {"Wizz Air": {"7freq": 2.0}}}}}}, "Stockholm(59.3293235, 18.0685808)": {"count": 6.2, "country": "Sweden", "coords": [59.32932349999999, 18.0685808], "OTP": {"count": 6.2, "airports": {"NYO": {"7freq": 2.0, "airlines": {"Wizz Air": {"7freq": 2.0}}}, "ARN": {"7freq": 4.2, "airlines": {"Blue Air": {"7freq": 1.95}, "Tarom": {"7freq": 2.2}}}}}}, "Isztambul(41.0082376, 28.9783589)": {"count": 22.7, "CLJ": {"count": 3.8, "airports": {"IST": {"7freq": 3.8, "airlines": {"Turkish Airlines": {"7freq": 3.8}}}}}, "country": "Turkey", "CND": {"count": 0.95, "airports": {"IST": {"7freq": 0.95, "airlines": {"Turkish Airlines": {"7freq": 0.95}}}}}, "coords": [41.0082376, 28.9783589], "OTP": {"count": 17.95, "airports": {"SAW": {"7freq": 3.0, "airlines": {"Pegasus Airlines": {"7freq": 3.0}}}, "IST": {"7freq": 14.95, "airlines": {"Tarom": {"7freq": 6.05}, "Turkish Airlines": {"7freq": 8.9}}}}}}, "Nizza(43.7101728, 7.2619532)": {"count": 2.0, "country": "France", "coords": [43.7101728, 7.261953200000001], "OTP": {"count": 2.0, "airports": {"NCE": {"7freq": 2.0, "airlines": {"Blue Air": {"7freq": 2.0}}}}}}, "Nagyv\u00e1rad(47.0465005, 21.9189438)": {"count": 9.7, "country": "Romania", "coords": [47.04650050000001, 21.9189438], "OTP": {"count": 9.7, "airports": {"OMR": {"7freq": 9.7, "airlines": {"Blue Air": {"7freq": 2.9}, "Tarom": {"7freq": 6.8}}}}}}, "Sz\u00f3fia(42.6977082, 23.3218675)": {"count": 7.85, "country": "Bulgaria", "coords": [42.6977082, 23.3218675], "OTP": {"count": 7.85, "airports": {"SOF": {"7freq": 7.85, "airlines": {"Tarom": {"7freq": 7.8}}}}}}, "Doncaster(53.52282, -1.128462)": {"count": 4.05, "country": "United Kingdom", "coords": [53.52282, -1.128462], "OTP": {"count": 2.05, "airports": {"DSA": {"7freq": 2.05, "airlines": {"Wizz Air": {"7freq": 2.05}}}}}, "CLJ": {"count": 2.0, "airports": {"DSA": {"7freq": 2.0, "airlines": {"Wizz Air": {"7freq": 2.0}}}}}}, "Torin\u00f3(45.070312, 7.6868565)": {"count": 11.600000000000001, "BCM": {"count": 2.9, "airports": {"TRN": {"7freq": 2.9, "airlines": {"Blue Air": {"7freq": 2.9}}}}}, "country": "Italy", "coords": [45.070312, 7.686856499999999], "OTP": {"count": 6.0, "airports": {"TRN": {"7freq": 6.0, "airlines": {"Blue Air": {"7freq": 2.0}, "Wizz Air": {"7freq": 2.0}, "Meridiana": {"7freq": 2.0}}}}}, "IAS": {"count": 2.7, "airports": {"TRN": {"7freq": 2.7, "airlines": {"Tarom": {"7freq": 2.7}}}}}}, "Castellon de la Plana(39.9863563, -0.0513246)": {"count": 2.0, "country": "Spain", "coords": [39.9863563, -0.0513246], "OTP": {"count": 2.0, "airports": {"CDT": {"7freq": 2.0, "airlines": {"Blue Air": {"7freq": 2.0}}}}}}, "B\u00e1k\u00f3(46.5238573, 26.9103692)": {"count": 0, "BCM": {"count": 0, "airports": {"BCM": {"7freq": 0, "airlines": {"Airport": {"7freq": 0}}}}}, "coords": [46.5238573, 26.9103692], "country": "Romania"}, "Marosv\u00e1s\u00e1rhely(46.4673469, 24.412382)": {"count": 0, "country": "Romania", "coords": [46.4673469, 24.412382], "TGM": {"count": 0, "airports": {"TGM": {"7freq": 0, "airlines": {"Airport": {"7freq": 0}}}}}}, "Hannover(52.3758916, 9.7320104)": {"count": 1.85, "country": "Germany", "coords": [52.3758916, 9.732010400000002], "OTP": {"count": 1.85, "airports": {"HAJ": {"7freq": 1.85, "airlines": {"Wizz Air": {"7freq": 1.85}}}}}}, "Karlsruhe(48.786504, 8.1011832)": {"count": 2.0, "country": "Germany", "coords": [48.786504, 8.1011832], "TGM": {"count": 2.0, "airports": {"FKB": {"7freq": 2.0, "airlines": {"Wizz Air": {"7freq": 2.0}}}}}}, "Br\u00fcsszel(50.8503463, 4.3517211)": {"count": 27.5, "BCM": {"count": 1.9, "airports": {"BRU": {"7freq": 1.9, "airlines": {"Blue Air": {"7freq": 1.9}}}}}, "CLJ": {"count": 2.2, "airports": {"CRL": {"7freq": 2.2, "airlines": {"Wizz Air": {"7freq": 2.2}}}}}, "country": "Belgium", "coords": [50.8503463, 4.3517211], "OTP": {"count": 16.5, "airports": {"BRU": {"7freq": 8.65, "airlines": {"Blue Air": {"7freq": 3.0}, "Tarom": {"7freq": 5.65}}}, "CRL": {"7freq": 7.85, "airlines": {"Ryanair": {"7freq": 5.0}, "Wizz Air": {"7freq": 2.85}}}}}, "TSR": {"count": 4.9, "airports": {"CRL": {"7freq": 4.9, "airlines": {"Ryanair": {"7freq": 2.9}, "Wizz Air": {"7freq": 2.0}}}}}, "IAS": {"count": 2.0, "airports": {"BRU": {"7freq": 2.0, "airlines": {"Blue Air": {"7freq": 2.0}}}}}}, "Barcelona(41.3850639, 2.1734035)": {"count": 17.15, "CLJ": {"count": 3.0, "airports": {"BCN": {"7freq": 3.0, "airlines": {"Wizz Air": {"7freq": 3.0}}}}}, "country": "Spain", "CRA": {"count": 1.0, "airports": {"BCN": {"7freq": 1.0, "airlines": {"Wizz Air": {"7freq": 1.0}}}}}, "coords": [41.3850639, 2.1734035], "OTP": {"count": 9.25, "airports": {"BCN": {"7freq": 9.25, "airlines": {"Tarom": {"7freq": 3.0}, "Blue Air": {"7freq": 2.95}, "Vueling": {"7freq": 0.3}, "Wizz Air": {"7freq": 2.9}}}}}, "TSR": {"count": 2.0, "airports": {"BCN": {"7freq": 2.0, "airlines": {"Wizz Air": {"7freq": 2.0}}}}}, "IAS": {"count": 1.9, "airports": {"BCN": {"7freq": 1.9, "airlines": {"Blue Air": {"7freq": 1.9}}}}}}, "Bukarest(44.4267674, 26.1025384)": {"count": 92.95, "CLJ": {"count": 29.1, "airports": {"OTP": {"7freq": 29.1, "airlines": {"Tarom": {"7freq": 17.4}, "Blue Air": {"7freq": 5.8}, "Wizz Air": {"7freq": 5.9}}}}}, "SBZ": {"count": 2.4, "airports": {"OTP": {"7freq": 2.4, "airlines": {"Tarom": {"7freq": 2.4}}}}}, "country": "Romania", "SUJ": {"count": 5.0, "airports": {"OTP": {"7freq": 5.0, "airlines": {"Tarom": {"7freq": 5.0}}}}}, "OMR": {"count": 9.7, "airports": {"OTP": {"7freq": 9.7, "airlines": {"Tarom": {"7freq": 6.8}, "Blue Air": {"7freq": 2.9}}}}}, "coords": [44.4267674, 26.1025384], "SCV": {"count": 2.9, "airports": {"OTP": {"7freq": 2.9, "airlines": {"Tarom": {"7freq": 2.9}}}}}, "TSR": {"count": 20.15, "airports": {"OTP": {"7freq": 20.15, "airlines": {"Tarom": {"7freq": 14.15}, "Ryanair": {"7freq": 6.0}}}}}, "IAS": {"count": 23.7, "airports": {"OTP": {"7freq": 23.7, "airlines": {"Tarom": {"7freq": 14.9}, "Blue Air": {"7freq": 8.8}}}}}}, "Vars\u00f3(52.2296756, 21.0122287)": {"count": 13.75, "country": "Poland", "coords": [52.2296756, 21.0122287], "OTP": {"count": 8.95, "airports": {"WAW": {"7freq": 8.95, "airlines": {"LOT": {"7freq": 8.9}}}}}, "CLJ": {"count": 4.8, "airports": {"WAW": {"7freq": 4.8, "airlines": {"LOT": {"7freq": 4.8}}}}}}, "Berlin(52.5200066, 13.404954)": {"count": 15.0, "CLJ": {"count": 2.0, "airports": {"SXF": {"7freq": 2.0, "airlines": {"Wizz Air": {"7freq": 2.0}}}}}, "country": "Germany", "coords": [52.52000659999999, 13.404954], "OTP": {"count": 10.9, "airports": {"TXL": {"7freq": 4.9, "airlines": {"Air Berlin": {"7freq": 4.9}}}, "SXF": {"7freq": 6.0, "airlines": {"Ryanair": {"7freq": 6.0}}}}}, "TSR": {"count": 2.1, "airports": {"SXF": {"7freq": 2.1, "airlines": {"Ryanair": {"7freq": 2.1}}}}}}, "Konstanca(44.361944, 28.488333)": {"count": 0, "country": "Romania", "CND": {"count": 0, "airports": {"CND": {"7freq": 0, "airlines": {"Airport": {"7freq": 0}}}}}, "coords": [44.361944, 28.488333]}, "Luqa(35.8582865, 14.4868883)": {"count": 1.1, "country": "Malta", "coords": [35.8582865, 14.4868883], "OTP": {"count": 1.1, "airports": {"MLA": {"7freq": 1.1, "airlines": {"Wizz Air": {"7freq": 1.1}}}}}}, "Glasgow(55.864237, -4.251806)": {"count": 4.0, "country": "United Kingdom", "coords": [55.864237, -4.251806], "OTP": {"count": 4.0, "airports": {"GLA": {"7freq": 4.0, "airlines": {"Blue Air": {"7freq": 1.85}, "Wizz Air": {"7freq": 2.0}}}}}}, "Firenze(43.7695604, 11.2558136)": {"count": 3.0, "country": "Italy", "coords": [43.7695604, 11.2558136], "OTP": {"count": 3.0, "airports": {"FLR": {"7freq": 3.0, "airlines": {"Blue Air": {"7freq": 3.0}}}}}}, "N\u00e1poly(40.8517746, 14.2681244)": {"count": 4.0, "country": "Italy", "coords": [40.8517746, 14.2681244], "OTP": {"count": 4.0, "airports": {"NAP": {"7freq": 4.0, "airlines": {"Blue Air": {"7freq": 2.0}, "Wizz Air": {"7freq": 2.0}}}}}}, "K\u00f6ln(50.937531, 6.9602786)": {"count": 6.95, "CLJ": {"count": 2.0, "airports": {"CGN": {"7freq": 2.0, "airlines": {"Wizz Air": {"7freq": 2.0}}}}}, "country": "Germany", "coords": [50.937531, 6.9602786], "OTP": {"count": 2.95, "airports": {"CGN": {"7freq": 2.95, "airlines": {"Blue Air": {"7freq": 2.9}}}}}, "IAS": {"count": 2.0, "airports": {"CGN": {"7freq": 2.0, "airlines": {"Blue Air": {"7freq": 2.0}}}}}}, "Ath\u00e9n(37.9838096, 23.7275388)": {"count": 11.25, "country": "Greece", "coords": [37.9838096, 23.7275388], "OTP": {"count": 11.25, "airports": {"ATH": {"7freq": 11.25, "airlines": {"Tarom": {"7freq": 3.0}, "Ryanair": {"7freq": 3.0}, "Aegean Airlines": {"7freq": 5.25}}}}}}, "Nagyszeben(45.7983273, 24.1255826)": {"count": 2.4, "country": "Romania", "coords": [45.7983273, 24.1255826], "OTP": {"count": 2.4, "airports": {"SBZ": {"7freq": 2.4, "airlines": {"Tarom": {"7freq": 2.4}}}}}}, "Hamburg(53.5510846, 9.9936818)": {"count": 4.85, "country": "Germany", "coords": [53.5510846, 9.9936818], "OTP": {"count": 4.85, "airports": {"HAM": {"7freq": 4.85, "airlines": {"Tarom": {"7freq": 3.0}, "Blue Air": {"7freq": 1.7}}}}}}, "Bristol(51.454513, -2.58791)": {"count": 1.1, "country": "United Kingdom", "coords": [51.454513, -2.58791], "OTP": {"count": 1.1, "airports": {"BRS": {"7freq": 1.1, "airlines": {"Ryanair": {"7freq": 1.1}}}}}}, "Kijev(50.4501, 30.5234)": {"count": 3.0, "country": "Ukraine", "coords": [50.4501, 30.5234], "OTP": {"count": 3.0, "airports": {"KBP": {"7freq": 3.0, "airlines": {"Dniproavia": {"7freq": 3.0}}}}}}, "Lisszabon(38.7222524, -9.1393366)": {"count": 3.95, "country": "Portugal", "coords": [38.7222524, -9.1393366], "OTP": {"count": 3.95, "airports": {"LIS": {"7freq": 3.95, "airlines": {"Blue Air": {"7freq": 1.9}, "Wizz Air": {"7freq": 2.05}}}}}}, "Larnaca(34.9002535, 33.6231723)": {"count": 8.65, "country": "Cyprus", "coords": [34.9002535, 33.6231723], "OTP": {"count": 7.55, "airports": {"LCA": {"7freq": 7.55, "airlines": {"Blue Air": {"7freq": 3.0}, "Tarom": {"7freq": 2.65}, "Wizz Air": {"7freq": 1.9}}}}}, "IAS": {"count": 1.1, "airports": {"LCA": {"7freq": 1.1, "airlines": {"Wizz Air": {"7freq": 1.1}}}}}}, "Szatm\u00e1r(47.8016702, 22.8575926)": {"count": 5.0, "country": "Romania", "coords": [47.8016702, 22.8575926], "OTP": {"count": 5.0, "airports": {"SUJ": {"7freq": 5.0, "airlines": {"Tarom": {"7freq": 5.0}}}}}}, "Tel Aviv(32.0852999, 34.7817676)": {"count": 32.75, "CLJ": {"count": 2.0, "airports": {"TLV": {"7freq": 2.0, "airlines": {"Wizz Air": {"7freq": 2.0}}}}}, "country": "Israel", "coords": [32.0852999, 34.78176759999999], "OTP": {"count": 27.35, "airports": {"TLV": {"7freq": 27.35, "airlines": {"Wizz Air": {"7freq": 2.9}, "El Al": {"7freq": 5.95}, "Tarom": {"7freq": 7.2}, "Blue Air": {"7freq": 2.45}, "Israir Airlines": {"7freq": 7.9}, "Arkia Israeli Airlines": {"7freq": 0.65}}}}}, "IAS": {"count": 3.4, "airports": {"TLV": {"7freq": 3.4, "airlines": {"Tarom": {"7freq": 1.5}, "Wizz Air": {"7freq": 1.9}}}}}}, "Dortmund(51.5135872, 7.4652981)": {"count": 10.3, "CLJ": {"count": 1.2000000000000002, "airports": {"DTM": {"7freq": 1.2000000000000002, "airlines": {"Wizz Air": {"7freq": 1.2000000000000002}}}}}, "SBZ": {"count": 2.1, "airports": {"DTM": {"7freq": 2.1, "airlines": {"Wizz Air": {"7freq": 2.1}}}}}, "country": "Germany", "coords": [51.5135872, 7.465298100000001], "OTP": {"count": 3.0, "airports": {"DTM": {"7freq": 3.0, "airlines": {"Wizz Air": {"7freq": 3.0}}}}}, "TSR": {"count": 2.0, "airports": {"DTM": {"7freq": 2.0, "airlines": {"Wizz Air": {"7freq": 2.0}}}}}, "TGM": {"count": 2.0, "airports": {"DTM": {"7freq": 2.0, "airlines": {"Wizz Air": {"7freq": 2.0}}}}}}, "Amszterdam(52.3702157, 4.8951679)": {"count": 11.95, "country": "Netherlands", "coords": [52.3702157, 4.895167900000001], "OTP": {"count": 11.95, "airports": {"AMS": {"7freq": 11.95, "airlines": {"Tarom": {"7freq": 6.0}, "KLM": {"7freq": 5.95}}}}}}, "Dusseldorf(51.2277411, 6.7734556)": {"count": 3.95, "country": "Germany", "coords": [51.2277411, 6.7734556], "OTP": {"count": 3.95, "airports": {"DUS": {"7freq": 3.95, "airlines": {"Germanwings": {"7freq": 2.9}, "Eurowings": {"7freq": 1.0}}}}}}, "Pune(18.5204303, 73.8567437)": {"count": 0.9, "country": "India", "coords": [18.5204303, 73.8567437], "OTP": {"count": 0.9, "airports": {"PNQ": {"7freq": 0.9, "airlines": {"Lufthansa": {"7freq": 0.85}}}}}}, "Pescara(42.4617902, 14.2160898)": {"count": 1.9, "country": "Italy", "coords": [42.4617902, 14.2160898], "OTP": {"count": 1.9, "airports": {"PSR": {"7freq": 1.9, "airlines": {"Wizz Air": {"7freq": 1.9}}}}}}, "Verona(45.4383842, 10.9916215)": {"count": 2.0, "country": "Italy", "coords": [45.43838419999999, 10.9916215], "OTP": {"count": 2.0, "airports": {"VRN": {"7freq": 2.0, "airlines": {"Wizz Air": {"7freq": 2.0}}}}}}, "Eindhoven(51.441642, 5.4697225)": {"count": 6.0, "CLJ": {"count": 2.0, "airports": {"EIN": {"7freq": 2.0, "airlines": {"Wizz Air": {"7freq": 2.0}}}}}, "country": "Netherlands", "coords": [51.44164199999999, 5.4697225], "OTP": {"count": 2.0, "airports": {"EIN": {"7freq": 2.0, "airlines": {"Wizz Air": {"7freq": 2.0}}}}}, "TSR": {"count": 2.0, "airports": {"EIN": {"7freq": 2.0, "airlines": {"Wizz Air": {"7freq": 2.0}}}}}}, "Stuttgart(48.7758459, 9.1829321)": {"count": 5.9, "country": "Germany", "SBZ": {"count": 2.85, "airports": {"STR": {"7freq": 2.85, "airlines": {"Blue Air": {"7freq": 2.85}}}}}, "coords": [48.7758459, 9.1829321], "OTP": {"count": 3.05, "airports": {"STR": {"7freq": 3.05, "airlines": {"Blue Air": {"7freq": 3.05}}}}}}, "Malaga(36.7212737, -4.4213988)": {"count": 5.0, "country": "Spain", "coords": [36.7212737, -4.4213988], "OTP": {"count": 3.9, "airports": {"AGP": {"7freq": 3.9, "airlines": {"Blue Air": {"7freq": 2.75}, "Wizz Air": {"7freq": 1.0}}}}}, "CLJ": {"count": 1.1, "airports": {"AGP": {"7freq": 1.1, "airlines": {"Wizz Air": {"7freq": 1.1}}}}}}, "Dubaj(25.2048493, 55.2707828)": {"count": 7.4, "country": "United Arab Emirates", "coords": [25.2048493, 55.2707828], "OTP": {"count": 6.3, "airports": {"DWC": {"7freq": 2.9, "airlines": {"Wizz Air": {"7freq": 2.9}}}, "DXB": {"7freq": 3.4, "airlines": {"FlyDubai": {"7freq": 3.4}}}}}, "CLJ": {"count": 1.1, "airports": {"DWC": {"7freq": 1.1, "airlines": {"Wizz Air": {"7freq": 1.1}}}}}}, "London(51.5073509, -0.1277583)": {"count": 71.1, "BCM": {"count": 2.8, "airports": {"LTN": {"7freq": 2.8, "airlines": {"Blue Air": {"7freq": 2.8}}}}}, "CLJ": {"count": 6.175, "airports": {"LTN": {"7freq": 6.175, "airlines": {"Wizz Air": {"7freq": 6.175}}}}}, "SBZ": {"count": 2.8, "airports": {"LTN": {"7freq": 2.8, "airlines": {"Wizz Air": {"7freq": 2.8}}}}}, "country": "United Kingdom", "SUJ": {"count": 2.0, "airports": {"LTN": {"7freq": 2.0, "airlines": {"Wizz Air": {"7freq": 2.0}}}}}, "CND": {"count": 1.9, "airports": {"LTN": {"7freq": 1.9, "airlines": {"Wizz Air": {"7freq": 1.9}}}}}, "CRA": {"count": 2.85, "airports": {"LTN": {"7freq": 2.85, "airlines": {"Wizz Air": {"7freq": 2.85}}}}}, "coords": [51.5073509, -0.1277583], "OTP": {"count": 33.65, "airports": {"STN": {"7freq": 6.25, "airlines": {"Ryanair": {"7freq": 6.25}}}, "LGW": {"7freq": 2.9, "airlines": {"Wizz Air": {"7freq": 2.9}}}, "LHR": {"7freq": 9.0, "airlines": {"Tarom": {"7freq": 3.0}, "British Airways": {"7freq": 6.0}}}, "LTN": {"7freq": 15.5, "airlines": {"Blue Air": {"7freq": 4.9}, "Wizz Air": {"7freq": 10.5}}}}}, "SCV": {"count": 2.9, "airports": {"LTN": {"7freq": 2.9, "airlines": {"Wizz Air": {"7freq": 2.9}}}}}, "TSR": {"count": 6.2, "airports": {"STN": {"7freq": 3.2, "airlines": {"Ryanair": {"7freq": 3.2}}}, "LTN": {"7freq": 3.0, "airlines": {"Wizz Air": {"7freq": 3.0}}}}}, "IAS": {"count": 8.2, "airports": {"LTN": {"7freq": 8.2, "airlines": {"Blue Air": {"7freq": 3.0}, "Tarom": {"7freq": 2.3}, "Wizz Air": {"7freq": 2.9}}}}}, "TGM": {"count": 1.625, "airports": {"LTN": {"7freq": 1.625, "airlines": {"Wizz Air": {"7freq": 1.625}}}}}}, "Liverpool(53.4083714, -2.9915726)": {"count": 6.8, "BCM": {"count": 2.0, "airports": {"LPL": {"7freq": 2.0, "airlines": {"Blue Air": {"7freq": 2.0}}}}}, "CLJ": {"count": 1.9, "airports": {"LPL": {"7freq": 1.9, "airlines": {"Blue Air": {"7freq": 1.9}}}}}, "country": "United Kingdom", "coords": [53.4083714, -2.9915726], "OTP": {"count": 2.9, "airports": {"LPL": {"7freq": 2.9, "airlines": {"Blue Air": {"7freq": 2.9}}}}}}, "Budapest(47.497912, 19.040235)": {"count": 13.65, "country": "Hungary", "coords": [47.497912, 19.040235], "OTP": {"count": 11.65, "airports": {"BUD": {"7freq": 11.65, "airlines": {"Tarom": {"7freq": 8.65}, "Wizz Air": {"7freq": 3.0}}}}}, "TGM": {"count": 2.0, "airports": {"BUD": {"7freq": 2.0, "airlines": {"Wizz Air": {"7freq": 2.0}}}}}}, "Madrid(40.4167754, -3.7037902)": {"count": 22.8, "BCM": {"count": 2.0, "airports": {"MAD": {"7freq": 2.0, "airlines": {"Blue Air": {"7freq": 2.0}}}}}, "CLJ": {"count": 1.1, "airports": {"MAD": {"7freq": 1.1, "airlines": {"Wizz Air": {"7freq": 1.1}}}}}, "SBZ": {"count": 1.95, "airports": {"MAD": {"7freq": 1.95, "airlines": {"Wizz Air": {"7freq": 1.95}}}}}, "country": "Spain", "coords": [40.4167754, -3.7037902], "OTP": {"count": 12.3, "airports": {"MAD": {"7freq": 12.3, "airlines": {"Tarom": {"7freq": 3.0}, "Blue Air": {"7freq": 2.85}, "Wizz Air": {"7freq": 2.9}, "Ryanair": {"7freq": 3.4}}}}}, "TSR": {"count": 1.95, "airports": {"MAD": {"7freq": 1.95, "airlines": {"Wizz Air": {"7freq": 1.95}}}}}, "IAS": {"count": 1.5, "airports": {"MAD": {"7freq": 1.5, "airlines": {"Tarom": {"7freq": 1.5}}}}}, "TGM": {"count": 2.0, "airports": {"MAD": {"7freq": 2.0, "airlines": {"Wizz Air": {"7freq": 2.0}}}}}}, "Moszkva(55.755826, 37.6173)": {"count": 3.1, "country": "Russia", "coords": [55.755826, 37.6173], "OTP": {"count": 3.1, "airports": {"SVO": {"7freq": 3.1, "airlines": {"Aeroflot": {"7freq": 3.1}}}}}}, "P\u00e1rizs(48.856614, 2.3522219)": {"count": 24.2, "CLJ": {"count": 1.15, "airports": {"BVA": {"7freq": 1.15, "airlines": {"Wizz Air": {"7freq": 1.15}}}}}, "country": "France", "coords": [48.856614, 2.3522219], "OTP": {"count": 17.05, "airports": {"BVA": {"7freq": 5.1, "airlines": {"Blue Air": {"7freq": 3.0}, "Wizz Air": {"7freq": 2.1}}}, "CDG": {"7freq": 11.95, "airlines": {"Tarom": {"7freq": 6.0}, "Air France": {"7freq": 5.95}}}}}, "TSR": {"count": 2.0, "airports": {"BVA": {"7freq": 2.0, "airlines": {"Wizz Air": {"7freq": 2.0}}}}}, "IAS": {"count": 2.0, "airports": {"BVA": {"7freq": 2.0, "airlines": {"Blue Air": {"7freq": 2.0}}}}}, "TGM": {"count": 2.0, "airports": {"BVA": {"7freq": 2.0, "airlines": {"Wizz Air": {"7freq": 2.0}}}}}}, "M\u00fcnchen(48.1351253, 11.5819806)": {"count": 38.1, "CLJ": {"count": 5.95, "airports": {"MUC": {"7freq": 5.95, "airlines": {"Air Dolomiti": {"7freq": 5.75}}}}}, "SBZ": {"count": 8.4, "airports": {"MUC": {"7freq": 8.4, "airlines": {"Tarom": {"7freq": 2.45}, "Lufthansa": {"7freq": 5.95}}}}}, "country": "Germany", "coords": [48.1351253, 11.5819806], "OTP": {"count": 11.85, "airports": {"MUC": {"7freq": 11.85, "airlines": {"Tarom": {"7freq": 2.95}, "Lufthansa": {"7freq": 8.9}}}}}, "TSR": {"count": 9.0, "airports": {"MUC": {"7freq": 9.0, "airlines": {"Lufthansa": {"7freq": 9.0}}}}}, "IAS": {"count": 2.9, "airports": {"MUC": {"7freq": 2.9, "airlines": {"Tarom": {"7freq": 2.9}}}}}}, "B\u00e9cs(48.2081743, 16.3738189)": {"count": 29.749999999999996, "CLJ": {"count": 2.8, "airports": {"VIE": {"7freq": 2.8, "airlines": {"Tarom": {"7freq": 2.8}}}}}, "SBZ": {"count": 2.9, "airports": {"VIE": {"7freq": 2.9, "airlines": {"Austrian Airlines": {"7freq": 2.9}}}}}, "country": "Austria", "coords": [48.2081743, 16.3738189], "OTP": {"count": 21.15, "airports": {"VIE": {"7freq": 21.15, "airlines": {"Tarom": {"7freq": 5.9}, "Austrian Airlines": {"7freq": 15.0}}}}}, "IAS": {"count": 2.9, "airports": {"VIE": {"7freq": 2.9, "airlines": {"Austrian Airlines": {"7freq": 2.9}}}}}}, "Birmingham(52.486243, -1.890401)": {"count": 7.75, "country": "United Kingdom", "coords": [52.48624299999999, -1.890401], "OTP": {"count": 4.85, "airports": {"BHX": {"7freq": 4.85, "airlines": {"Blue Air": {"7freq": 2.9}, "Wizz Air": {"7freq": 1.95}}}}}, "CLJ": {"count": 2.9, "airports": {"BHX": {"7freq": 2.9, "airlines": {"Blue Air": {"7freq": 2.9}}}}}}, "Doha(25.2854473, 51.5310398)": {"count": 6.0, "country": "Qatar", "coords": [25.2854473, 51.53103979999999], "OTP": {"count": 6.0, "airports": {"DOH": {"7freq": 6.0, "airlines": {"Qatar Airways": {"7freq": 6.0}}}}}}, "Bari(41.1171432, 16.8718715)": {"count": 6.1, "CLJ": {"count": 1.1, "airports": {"BRI": {"7freq": 1.1, "airlines": {"Wizz Air": {"7freq": 1.1}}}}}, "country": "Italy", "coords": [41.1171432, 16.8718715], "OTP": {"count": 3.0, "airports": {"BRI": {"7freq": 3.0, "airlines": {"Wizz Air": {"7freq": 3.0}}}}}, "TSR": {"count": 2.0, "airports": {"BRI": {"7freq": 2.0, "airlines": {"Wizz Air": {"7freq": 2.0}}}}}}, "Alghero(40.5579517, 8.3192949)": {"count": 1.1, "country": "Italy", "coords": [40.5579517, 8.319294900000001], "OTP": {"count": 1.1, "airports": {"AHO": {"7freq": 1.1, "airlines": {"Wizz Air": {"7freq": 1.1}}}}}}, "Zaragoza(41.6488226, -0.8890853)": {"count": 4.0, "country": "Spain", "coords": [41.6488226, -0.8890853], "OTP": {"count": 2.0, "airports": {"ZAZ": {"7freq": 2.0, "airlines": {"Wizz Air": {"7freq": 2.0}}}}}, "CLJ": {"count": 2.0, "airports": {"ZAZ": {"7freq": 2.0, "airlines": {"Wizz Air": {"7freq": 2.0}}}}}}, "Nurnberg(49.4254092, 11.0796553)": {"count": 6.0, "CLJ": {"count": 2.0, "airports": {"NUE": {"7freq": 2.0, "airlines": {"Wizz Air": {"7freq": 2.0}}}}}, "SBZ": {"count": 2.1, "airports": {"NUE": {"7freq": 2.1, "airlines": {"Wizz Air": {"7freq": 2.1}}}}}, "country": "Germany", "coords": [49.4254092, 11.0796553], "OTP": {"count": 1.9, "airports": {"NUE": {"7freq": 1.9, "airlines": {"Wizz Air": {"7freq": 1.9}}}}}}, "Lyon(45.764043, 4.835659)": {"count": 1.9, "country": "France", "coords": [45.764043, 4.835659], "OTP": {"count": 1.9, "airports": {"LYS": {"7freq": 1.9, "airlines": {"Blue Air": {"7freq": 1.7}}}}}}}