{"Eilat(29.557669, 34.951925)": {"count": 2.0, "country": "Israel", "coords": [29.557669, 34.951925], "BUD": {"count": 2.0, "airports": {"VDA": {"7freq": 2.0, "airlines": {"Ryanair": {"7freq": 2.0}}}}}}, "Pisa(43.7228386, 10.4016888)": {"count": 2.0, "country": "Italy", "coords": [43.7228386, 10.4016888], "BUD": {"count": 2.0, "airports": {"PSA": {"7freq": 2.0, "airlines": {"Ryanair": {"7freq": 2.0}}}}}}, "Frankfurt(50.1109221, 8.6821267)": {"count": 13.95, "country": "Germany", "coords": [50.1109221, 8.6821267], "BUD": {"count": 13.95, "airports": {"FRA": {"7freq": 11.95, "airlines": {"Lufthansa": {"7freq": 11.95}}}, "HHN": {"7freq": 2.0, "airlines": {"Wizz Air": {"7freq": 2.0}}}}}}, "Lanzarote(29.0468535, -13.5899733)": {"count": 1.0, "country": "Spain", "coords": [29.0468535, -13.5899733], "BUD": {"count": 1.0, "airports": {"ACE": {"7freq": 1.0, "airlines": {"Wizz Air": {"7freq": 1.0}}}}}}, "Thessaloniki(40.6400629, 22.9444191)": {"count": 2.0, "country": "Greece", "coords": [40.6400629, 22.9444191], "BUD": {"count": 2.0, "airports": {"SKG": {"7freq": 2.0, "airlines": {"Wizz Air": {"7freq": 2.0}}}}}}, "Genf(46.2043907, 6.1431577)": {"count": 3.0, "country": "Switzerland", "coords": [46.2043907, 6.1431577], "BUD": {"count": 3.0, "airports": {"GVA": {"7freq": 3.0, "airlines": {"EasyJet": {"7freq": 3.0}}}}}}, "Alicante(38.3459963, -0.4906855)": {"count": 1.1, "country": "Spain", "coords": [38.3459963, -0.4906855], "BUD": {"count": 1.1, "airports": {"ALC": {"7freq": 1.1, "airlines": {"Wizz Air": {"7freq": 1.1}}}}}}, "Belgr\u00e1d(44.786568, 20.4489216)": {"count": 1.5, "country": "Serbia", "coords": [44.786568, 20.4489216], "BUD": {"count": 1.5, "airports": {"BEG": {"7freq": 1.5, "airlines": {"Belavia": {"7freq": 1.4}}}}}}, "Lisszabon(38.7222524, -9.1393366)": {"count": 2.95, "country": "Portugal", "coords": [38.7222524, -9.1393366], "BUD": {"count": 2.95, "airports": {"LIS": {"7freq": 2.95, "airlines": {"Wizz Air": {"7freq": 2.95}}}}}}, "Baku(40.4092617, 49.8670924)": {"count": 1.05, "country": "Azerbaijan", "coords": [40.40926169999999, 49.8670924], "BUD": {"count": 1.05, "airports": {"GYD": {"7freq": 1.05, "airlines": {"Wizz Air": {"7freq": 1.05}}}}}}, "Billund(55.728449, 9.112366)": {"count": 1.9, "country": "Denmark", "coords": [55.728449, 9.112366000000002], "BUD": {"count": 1.9, "airports": {"BLL": {"7freq": 1.9, "airlines": {"Ryanair": {"7freq": 1.9}}}}}}, "Helsinki(60.1698557, 24.938379)": {"count": 8.5, "country": "Finland", "coords": [60.16985569999999, 24.938379], "BUD": {"count": 8.5, "airports": {"HEL": {"7freq": 8.5, "airlines": {"Norwegian": {"7freq": 2.05}, "Norwegian Air International": {"7freq": 0.35}, "Finnair": {"7freq": 5.9}}}}}}, "Gothenburg(57.70887, 11.97456)": {"count": 2.9, "country": "Sweden", "coords": [57.70887, 11.97456], "BUD": {"count": 2.9, "airports": {"GOT": {"7freq": 2.9, "airlines": {"Wizz Air": {"7freq": 2.9}}}}}}, "Fuerteventura(28.3587436, -14.053676)": {"count": 1.0, "country": "Spain", "coords": [28.3587436, -14.053676], "BUD": {"count": 1.0, "airports": {"FUE": {"7freq": 1.0, "airlines": {"Wizz Air": {"7freq": 1.0}}}}}}, "Koppenh\u00e1ga(55.6760968, 12.5683371)": {"count": 5.9, "country": "Denmark", "coords": [55.6760968, 12.5683371], "BUD": {"count": 5.9, "airports": {"CPH": {"7freq": 5.9, "airlines": {"Norwegian": {"7freq": 1.7}, "SmartLynx": {"7freq": 1.0}, "Ryanair": {"7freq": 3.0}}}}}}, "Z\u00fcrich(47.3768866, 8.541694)": {"count": 9.0, "country": "Switzerland", "coords": [47.3768866, 8.541694], "BUD": {"count": 9.0, "airports": {"ZRH": {"7freq": 9.0, "airlines": {"Swiss": {"7freq": 7.0}, "Helvetic Airways": {"7freq": 1.95}}}}}}, "Tenerife(28.2915637, -16.6291304)": {"count": 1.95, "country": "Spain", "coords": [28.2915637, -16.6291304], "BUD": {"count": 1.95, "airports": {"TFS": {"7freq": 1.95, "airlines": {"Wizz Air": {"7freq": 1.95}}}}}}, "Kijev(50.4501, 30.5234)": {"count": 4.4, "country": "Ukraine", "coords": [50.4501, 30.5234], "BUD": {"count": 4.4, "airports": {"KBP": {"7freq": 1.5, "airlines": {"Turkish Airlines": {"7freq": 1.05}, "ULS Airlines Cargo": {"7freq": 0.4}}}, "IEV": {"7freq": 2.9, "airlines": {"Wizz Air": {"7freq": 2.9}}}}}}, "East Midlands(52.829374, -1.332134)": {"count": 1.0, "country": "United Kingdom", "coords": [52.82937399999999, -1.332134], "BUD": {"count": 1.0, "airports": {"EMA": {"7freq": 1.0, "airlines": {"Jet2": {"7freq": 1.0}}}}}}, "Rotterdam(51.9244201, 4.4777325)": {"count": 4.5, "country": "Netherlands", "coords": [51.9244201, 4.4777325], "BUD": {"count": 4.5, "airports": {"RTM": {"7freq": 4.5, "airlines": {"Transavia": {"7freq": 4.5}}}}}}, "Sz\u00f3fia(42.6977082, 23.3218675)": {"count": 2.0, "country": "Bulgaria", "coords": [42.6977082, 23.3218675], "BUD": {"count": 2.0, "airports": {"SOF": {"7freq": 2.0, "airlines": {"Wizz Air": {"7freq": 2.0}}}}}}, "Bologna(44.494887, 11.3426163)": {"count": 2.0, "country": "Italy", "coords": [44.494887, 11.3426163], "BUD": {"count": 2.0, "airports": {"BLQ": {"7freq": 2.0, "airlines": {"Wizz Air": {"7freq": 2.0}}}}}}, "Oslo(59.9138688, 10.7522454)": {"count": 3.5, "country": "Norway", "coords": [59.9138688, 10.7522454], "BUD": {"count": 3.5, "airports": {"OSL": {"7freq": 3.5, "airlines": {"Norwegian": {"7freq": 3.5}}}}}}, "Mil\u00e1n\u00f3(45.4654219, 9.1859243)": {"count": 11.15, "country": "Italy", "DEB": {"count": 2.0, "airports": {"BGY": {"7freq": 2.0, "airlines": {"Wizz Air": {"7freq": 2.0}}}}}, "coords": [45.4654219, 9.1859243], "BUD": {"count": 9.15, "airports": {"BGY": {"7freq": 3.2, "airlines": {"Ryanair": {"7freq": 3.2}}}, "MXP": {"7freq": 5.95, "airlines": {"Wizz Air": {"7freq": 5.95}}}}}}, "Leeds(53.8007554, -1.5490774)": {"count": 1.1, "country": "United Kingdom", "coords": [53.8007554, -1.5490774], "BUD": {"count": 1.1, "airports": {"LBA": {"7freq": 1.1, "airlines": {"Jet2": {"7freq": 1.1}}}}}}, "Dublin(53.3498053, -6.2603097)": {"count": 8.15, "country": "Ireland", "coords": [53.3498053, -6.2603097], "BUD": {"count": 8.15, "airports": {"DUB": {"7freq": 8.15, "airlines": {"Ryanair": {"7freq": 5.2}, "Aer Lingus": {"7freq": 2.95}}}}}}, "Catania(37.5078772, 15.0830304)": {"count": 1.85, "country": "Italy", "coords": [37.5078772, 15.0830304], "BUD": {"count": 1.85, "airports": {"CTA": {"7freq": 1.85, "airlines": {"Wizz Air": {"7freq": 1.85}}}}}}, "Malm\u00f6(55.604981, 13.003822)": {"count": 2.9, "country": "Sweden", "coords": [55.604981, 13.003822], "BUD": {"count": 2.9, "airports": {"MMX": {"7freq": 2.9, "airlines": {"Wizz Air": {"7freq": 2.9}}}}}}, "Treviso(45.6668893, 12.2430437)": {"count": 3.0, "country": "Italy", "coords": [45.6668893, 12.2430437], "BUD": {"count": 3.0, "airports": {"TSF": {"7freq": 3.0, "airlines": {"Ryanair": {"7freq": 3.0}}}}}}, "St. Petersburg(59.9342802, 30.3350986)": {"count": 0.4, "country": "Russia", "coords": [59.9342802, 30.3350986], "BUD": {"count": 0.4, "airports": {"LED": {"7freq": 0.4, "airlines": {"UTair": {"7freq": 0.4}}}}}}, "R\u00f3ma(41.9027835, 12.4963655)": {"count": 10.95, "country": "Italy", "coords": [41.9027835, 12.4963655], "BUD": {"count": 10.95, "airports": {"CIA": {"7freq": 4.95, "airlines": {"Ryanair": {"7freq": 4.95}}}, "FCO": {"7freq": 6.0, "airlines": {"Wizz Air": {"7freq": 3.0}, "Alitalia": {"7freq": 3.0}}}}}}, "Stockholm(59.3293235, 18.0685808)": {"count": 6.3, "country": "Sweden", "coords": [59.32932349999999, 18.0685808], "BUD": {"count": 6.3, "airports": {"NYO": {"7freq": 2.9, "airlines": {"Wizz Air": {"7freq": 2.9}}}, "ARN": {"7freq": 3.4, "airlines": {"SAS": {"7freq": 0.4}, "Norwegian": {"7freq": 3.0}}}}}}, "Budapest(47.4384587, 19.2522958)": {"count": 0, "country": "Hungary", "coords": [47.4384587, 19.2522958], "BUD": {"count": 0, "airports": {"BUD": {"7freq": 0, "airlines": {"Airport": {"7freq": 0}}}}}}, "Isztambul(41.0082376, 28.9783589)": {"count": 11.15, "country": "Turkey", "coords": [41.0082376, 28.9783589], "BUD": {"count": 11.15, "airports": {"SAW": {"7freq": 3.0, "airlines": {"Pegasus Airlines": {"7freq": 3.0}}}, "IST": {"7freq": 8.15, "airlines": {"Turkish Airlines": {"7freq": 7.9}}}}}}, "Nizza(43.7101728, 7.2619532)": {"count": 1.95, "country": "France", "coords": [43.7101728, 7.261953200000001], "BUD": {"count": 1.95, "airports": {"NCE": {"7freq": 1.95, "airlines": {"Wizz Air": {"7freq": 1.95}}}}}}, "Las Palmas(28.1235459, -15.4362574)": {"count": 0.9, "country": "Spain", "coords": [28.1235459, -15.4362574], "BUD": {"count": 0.9, "airports": {"LPA": {"7freq": 0.9, "airlines": {"Ryanair": {"7freq": 0.9}}}}}}, "Basel(47.5595986, 7.5885761)": {"count": 3.0, "country": "Switzerland", "coords": [47.5595986, 7.5885761], "BUD": {"count": 3.0, "airports": {"BSL": {"7freq": 3.0, "airlines": {"EasyJet": {"7freq": 3.0}}}}}}, "Algiers(36.753768, 3.0587561)": {"count": 2.0, "country": "Algeria", "coords": [36.753768, 3.0587561], "BUD": {"count": 2.0, "airports": {"ALG": {"7freq": 2.0, "airlines": {"Air Algerie": {"7freq": 2.0}}}}}}, "Cairo(30.0444196, 31.2357116)": {"count": 2.9, "country": "Egypt", "coords": [30.0444196, 31.2357116], "BUD": {"count": 2.9, "airports": {"CAI": {"7freq": 2.9, "airlines": {"EgyptAir": {"7freq": 2.9}}}}}}, "Karlsruhe(48.786504, 8.1011832)": {"count": 2.0, "country": "Germany", "coords": [48.786504, 8.1011832], "BUD": {"count": 2.0, "airports": {"FKB": {"7freq": 2.0, "airlines": {"Wizz Air": {"7freq": 2.0}}}}}}, "Br\u00fcsszel(50.8503463, 4.3517211)": {"count": 19.05, "country": "Belgium", "coords": [50.8503463, 4.3517211], "BUD": {"count": 19.05, "airports": {"BRU": {"7freq": 8.95, "airlines": {"Brussels Airlines": {"7freq": 8.95}}}, "CRL": {"7freq": 10.1, "airlines": {"Ryanair": {"7freq": 4.9}, "Wizz Air": {"7freq": 5.2}}}}}}, "Barcelona(41.3850639, 2.1734035)": {"count": 6.05, "country": "Spain", "coords": [41.3850639, 2.1734035], "BUD": {"count": 6.05, "airports": {"BCN": {"7freq": 6.05, "airlines": {"Ryanair": {"7freq": 3.0}, "Wizz Air": {"7freq": 2.95}}}}}}, "Bukarest(44.4267674, 26.1025384)": {"count": 11.65, "country": "Romania", "coords": [44.4267674, 26.1025384], "BUD": {"count": 11.65, "airports": {"OTP": {"7freq": 11.65, "airlines": {"Tarom": {"7freq": 8.65}, "Wizz Air": {"7freq": 3.0}}}}}}, "Vars\u00f3(52.2296756, 21.0122287)": {"count": 14.9, "country": "Poland", "coords": [52.2296756, 21.0122287], "BUD": {"count": 14.9, "airports": {"WAW": {"7freq": 14.9, "airlines": {"Wizz Air": {"7freq": 3.0}, "LOT": {"7freq": 11.9}}}}}}, "Berlin(52.5200066, 13.404954)": {"count": 16.85, "country": "Germany", "coords": [52.52000659999999, 13.404954], "BUD": {"count": 16.85, "airports": {"TXL": {"7freq": 8.9, "airlines": {"Air Berlin": {"7freq": 8.9}}}, "SXF": {"7freq": 7.95, "airlines": {"EasyJet": {"7freq": 4.9}, "Ryanair": {"7freq": 3.05}}}}}}, "Luqa(35.8582865, 14.4868883)": {"count": 2.0, "country": "Malta", "coords": [35.8582865, 14.4868883], "BUD": {"count": 2.0, "airports": {"MLA": {"7freq": 2.0, "airlines": {"Wizz Air": {"7freq": 2.0}}}}}}, "Glasgow(55.864237, -4.251806)": {"count": 2.0, "country": "United Kingdom", "coords": [55.864237, -4.251806], "BUD": {"count": 2.0, "airports": {"GLA": {"7freq": 2.0, "airlines": {"Wizz Air": {"7freq": 2.0}}}}}}, "Edinburgh(55.953252, -3.188267)": {"count": 2.1, "country": "United Kingdom", "coords": [55.953252, -3.188267], "BUD": {"count": 2.1, "airports": {"EDI": {"7freq": 2.1, "airlines": {"Jet2": {"7freq": 2.1}}}}}}, "N\u00e1poly(40.8517746, 14.2681244)": {"count": 2.0, "country": "Italy", "coords": [40.8517746, 14.2681244], "BUD": {"count": 2.0, "airports": {"NAP": {"7freq": 2.0, "airlines": {"Wizz Air": {"7freq": 2.0}}}}}}, "Peking(39.904211, 116.407395)": {"count": 0.8, "country": "China", "coords": [39.904211, 116.407395], "BUD": {"count": 0.8, "airports": {"PEK": {"7freq": 0.8, "airlines": {"Air China": {"7freq": 0.8}}}}}}, "K\u00f6ln(50.937531, 6.9602786)": {"count": 2.9, "country": "Germany", "coords": [50.937531, 6.9602786], "BUD": {"count": 2.9, "airports": {"CGN": {"7freq": 2.9, "airlines": {"Germanwings": {"7freq": 2.9}}}}}}, "Ath\u00e9n(37.9838096, 23.7275388)": {"count": 5.95, "country": "Greece", "coords": [37.9838096, 23.7275388], "BUD": {"count": 5.95, "airports": {"ATH": {"7freq": 5.95, "airlines": {"Ryanair": {"7freq": 3.0}, "Aegean Airlines": {"7freq": 2.95}}}}}}, "Hamburg(53.5510846, 9.9936818)": {"count": 3.0, "country": "Germany", "coords": [53.5510846, 9.9936818], "BUD": {"count": 3.0, "airports": {"HAM": {"7freq": 3.0, "airlines": {"Germanwings": {"7freq": 3.0}}}}}}, "Bristol(51.454513, -2.58791)": {"count": 2.9, "country": "United Kingdom", "coords": [51.454513, -2.58791], "BUD": {"count": 2.9, "airports": {"BRS": {"7freq": 2.9, "airlines": {"Ryanair": {"7freq": 2.9}}}}}}, "Hong Kong(22.396428, 114.109497)": {"count": 1.45, "country": "Hong Kong", "coords": [22.396428, 114.109497], "BUD": {"count": 1.45, "airports": {"HKG": {"7freq": 1.45, "airlines": {"Cargolux": {"7freq": 0.6}, "Air Chathams": {"7freq": 0.85}}}}}}, "Hurghada(27.2578957, 33.8116067)": {"count": 1.15, "country": "Egypt", "coords": [27.2578957, 33.8116067], "BUD": {"count": 1.15, "airports": {"HRG": {"7freq": 1.15, "airlines": {"Air Cairo": {"7freq": 1.15}}}}}}, "Larnaca(34.9002535, 33.6231723)": {"count": 2.0, "country": "Cyprus", "coords": [34.9002535, 33.6231723], "BUD": {"count": 2.0, "airports": {"LCA": {"7freq": 2.0, "airlines": {"Wizz Air": {"7freq": 2.0}}}}}}, "Luxembourg(49.815273, 6.129583)": {"count": 1.45, "country": "Luxembourg", "coords": [49.815273, 6.129582999999999], "BUD": {"count": 1.45, "airports": {"LUX": {"7freq": 1.45, "airlines": {"Cargolux": {"7freq": 0.65}, "Air Chathams": {"7freq": 0.8}}}}}}, "Tel Aviv(32.0852999, 34.7817676)": {"count": 8.5, "country": "Israel", "coords": [32.0852999, 34.78176759999999], "BUD": {"count": 8.5, "airports": {"TLV": {"7freq": 8.5, "airlines": {"Wizz Air": {"7freq": 2.95}, "El Al": {"7freq": 5.35}}}}}}, "Riga(56.9496487, 24.1051864)": {"count": 2.3, "country": "Latvia", "coords": [56.9496487, 24.1051864], "BUD": {"count": 2.3, "airports": {"RIX": {"7freq": 2.3, "airlines": {"Air Baltic": {"7freq": 2.3}}}}}}, "Dortmund(51.5135872, 7.4652981)": {"count": 2.9, "country": "Germany", "coords": [51.5135872, 7.465298100000001], "BUD": {"count": 2.9, "airports": {"DTM": {"7freq": 2.9, "airlines": {"Wizz Air": {"7freq": 2.9}}}}}}, "Amszterdam(52.3702157, 4.8951679)": {"count": 10.45, "country": "Netherlands", "coords": [52.3702157, 4.895167900000001], "BUD": {"count": 10.45, "airports": {"AMS": {"7freq": 10.45, "airlines": {"EasyJet": {"7freq": 1.5}, "KLM": {"7freq": 8.95}}}}}}, "Porto(41.1579438, -8.6291053)": {"count": 2.0, "country": "Portugal", "coords": [41.1579438, -8.629105299999999], "BUD": {"count": 2.0, "airports": {"OPO": {"7freq": 2.0, "airlines": {"Wizz Air": {"7freq": 2.0}}}}}}, "Dusseldorf(51.2277411, 6.7734556)": {"count": 8.55, "country": "Germany", "coords": [51.2277411, 6.7734556], "BUD": {"count": 8.55, "airports": {"DUS": {"7freq": 8.55, "airlines": {"Germanwings": {"7freq": 2.45}, "Eurowings": {"7freq": 6.0}}}}}}, "Kutaisi(42.2662428, 42.7180019)": {"count": 1.95, "country": "Georgia", "coords": [42.2662428, 42.7180019], "BUD": {"count": 1.95, "airports": {"KUT": {"7freq": 1.95, "airlines": {"Wizz Air": {"7freq": 1.95}}}}}}, "Pr\u00e1ga(50.0755381, 14.4378005)": {"count": 9.6, "country": "Czechia", "coords": [50.0755381, 14.4378005], "BUD": {"count": 9.6, "airports": {"PRG": {"7freq": 9.6, "airlines": {"Czech Airlines": {"7freq": 8.85}, "Qatar Air Cargo": {"7freq": 0.7}}}}}}, "Venice(45.4408474, 12.3155151)": {"count": 2.9, "country": "Italy", "coords": [45.4408474, 12.3155151], "BUD": {"count": 2.9, "airports": {"VCE": {"7freq": 2.9, "airlines": {"EasyJet": {"7freq": 2.9}}}}}}, "Eindhoven(51.441642, 5.4697225)": {"count": 7.95, "country": "Netherlands", "DEB": {"count": 2.0, "airports": {"EIN": {"7freq": 2.0, "airlines": {"Wizz Air": {"7freq": 2.0}}}}}, "coords": [51.44164199999999, 5.4697225], "BUD": {"count": 5.95, "airports": {"EIN": {"7freq": 5.95, "airlines": {"Wizz Air": {"7freq": 5.95}}}}}}, "Stuttgart(48.7758459, 9.1829321)": {"count": 7.05, "country": "Germany", "coords": [48.7758459, 9.1829321], "BUD": {"count": 7.05, "airports": {"STR": {"7freq": 7.05, "airlines": {"Germanwings": {"7freq": 6.0}, "Eurowings": {"7freq": 1.0}}}}}}, "Malaga(36.7212737, -4.4213988)": {"count": 4.05, "country": "Spain", "coords": [36.7212737, -4.4213988], "BUD": {"count": 4.05, "airports": {"AGP": {"7freq": 4.05, "airlines": {"Ryanair": {"7freq": 2.1}, "Wizz Air": {"7freq": 1.95}}}}}}, "Dubaj(25.2048493, 55.2707828)": {"count": 5.95, "country": "United Arab Emirates", "coords": [25.2048493, 55.2707828], "BUD": {"count": 5.95, "airports": {"DWC": {"7freq": 2.95, "airlines": {"Wizz Air": {"7freq": 2.95}}}, "DXB": {"7freq": 3.0, "airlines": {"Emirates": {"7freq": 3.0}}}}}}, "London(51.5073509, -0.1277583)": {"count": 45.349999999999994, "country": "United Kingdom", "DEB": {"count": 5.8, "airports": {"LTN": {"7freq": 5.8, "airlines": {"Wizz Air": {"7freq": 5.8}}}}}, "coords": [51.5073509, -0.1277583], "BUD": {"count": 39.55, "airports": {"STN": {"7freq": 9.15, "airlines": {"Ryanair": {"7freq": 9.15}}}, "LGW": {"7freq": 8.9, "airlines": {"EasyJet": {"7freq": 6.0}, "Norwegian": {"7freq": 2.7}}}, "LTN": {"7freq": 12.5, "airlines": {"Wizz Air": {"7freq": 12.5}}}, "LHR": {"7freq": 9.0, "airlines": {"British Airways": {"7freq": 8.65}, "Titan Airways": {"7freq": 0.3}}}}}}, "Liverpool(53.4083714, -2.9915726)": {"count": 2.0, "country": "United Kingdom", "coords": [53.4083714, -2.9915726], "BUD": {"count": 2.0, "airports": {"LPL": {"7freq": 2.0, "airlines": {"Wizz Air": {"7freq": 2.0}}}}}}, "Debrecen(47.4897469, 21.61219)": {"count": 0, "country": "Hungary", "DEB": {"count": 0, "airports": {"DEB": {"7freq": 0, "airlines": {"Airport": {"7freq": 0}}}}}, "coords": [47.4897469, 21.61219]}, "Manchester(53.4807593, -2.2426305)": {"count": 6.1, "country": "United Kingdom", "coords": [53.4807593, -2.2426305], "BUD": {"count": 6.1, "airports": {"MAN": {"7freq": 6.1, "airlines": {"Ryanair": {"7freq": 3.1}, "Jet2": {"7freq": 3.0}}}}}}, "Minsk(53.9045398, 27.5615244)": {"count": 3.85, "country": "Belarus", "coords": [53.90453979999999, 27.5615244], "BUD": {"count": 3.85, "airports": {"MSQ": {"7freq": 3.85, "airlines": {"Belavia": {"7freq": 2.4}, "Air China": {"7freq": 1.45}}}}}}, "Marosv\u00e1s\u00e1rhely(46.5385862, 24.5514392)": {"count": 2.0, "country": "Romania", "coords": [46.5385862, 24.5514392], "BUD": {"count": 2.0, "airports": {"CLJ": {"7freq": 2.0, "airlines": {"Wizz Air": {"7freq": 2.0}}}}}}, "Madrid(40.4167754, -3.7037902)": {"count": 5.85, "country": "Spain", "coords": [40.4167754, -3.7037902], "BUD": {"count": 5.85, "airports": {"MAD": {"7freq": 5.85, "airlines": {"Ryanair": {"7freq": 2.9}, "Wizz Air": {"7freq": 2.95}}}}}}, "Moszkva(55.755826, 37.6173)": {"count": 9.25, "country": "Russia", "coords": [55.755826, 37.6173], "BUD": {"count": 9.25, "airports": {"SVO": {"7freq": 6.3, "airlines": {"Aeroflot": {"7freq": 6.3}}}, "VKO": {"7freq": 2.95, "airlines": {"Wizz Air": {"7freq": 2.95}}}}}}, "P\u00e1rizs(48.856614, 2.3522219)": {"count": 19.2, "country": "France", "DEB": {"count": 2.0, "airports": {"BVA": {"7freq": 2.0, "airlines": {"Wizz Air": {"7freq": 2.0}}}}}, "coords": [48.856614, 2.3522219], "BUD": {"count": 17.2, "airports": {"BVA": {"7freq": 2.9, "airlines": {"Ryanair": {"7freq": 2.9}}}, "CDG": {"7freq": 12.6, "airlines": {"EasyJet": {"7freq": 3.7}, "Air France": {"7freq": 8.9}}}, "ORY": {"7freq": 1.7, "airlines": {"Transavia": {"7freq": 1.45}}}}}}, "Reykjavik(64.1265206, -21.8174393)": {"count": 2.0, "country": "Iceland", "coords": [64.12652059999999, -21.8174393], "BUD": {"count": 2.0, "airports": {"KEF": {"7freq": 2.0, "airlines": {"Wizz Air": {"7freq": 2.0}}}}}}, "M\u00fcnchen(48.1351253, 11.5819806)": {"count": 17.7, "country": "Germany", "DEB": {"count": 2.9, "airports": {"MUC": {"7freq": 2.9, "airlines": {"Lufthansa": {"7freq": 2.75}}}}}, "coords": [48.1351253, 11.5819806], "BUD": {"count": 14.8, "airports": {"MUC": {"7freq": 14.8, "airlines": {"Lufthansa": {"7freq": 13.2}, "Air Dolomiti": {"7freq": 1.6}}}}}}, "B\u00e9cs(48.2081743, 16.3738189)": {"count": 10.25, "country": "Austria", "coords": [48.2081743, 16.3738189], "BUD": {"count": 10.25, "airports": {"VIE": {"7freq": 10.25, "airlines": {"Austrian Airlines": {"7freq": 10.25}}}}}}, "Birmingham(52.486243, -1.890401)": {"count": 2.0, "country": "United Kingdom", "coords": [52.48624299999999, -1.890401], "BUD": {"count": 2.0, "airports": {"BHX": {"7freq": 2.0, "airlines": {"Wizz Air": {"7freq": 2.0}}}}}}, "Doha(25.2854473, 51.5310398)": {"count": 6.7, "country": "Qatar", "coords": [25.2854473, 51.53103979999999], "BUD": {"count": 6.7, "airports": {"DOH": {"7freq": 6.7, "airlines": {"Qatar Air Cargo": {"7freq": 0.75}, "Qatar Airways": {"7freq": 5.95}}}}}}, "Bari(41.1171432, 16.8718715)": {"count": 2.9, "country": "Italy", "coords": [41.1171432, 16.8718715], "BUD": {"count": 2.9, "airports": {"BRI": {"7freq": 2.9, "airlines": {"Wizz Air": {"7freq": 2.9}}}}}}, "Nurnberg(49.4254092, 11.0796553)": {"count": 3.0, "country": "Germany", "coords": [49.4254092, 11.0796553], "BUD": {"count": 3.0, "airports": {"NUE": {"7freq": 3.0, "airlines": {"Ryanair": {"7freq": 3.0}}}}}}, "Lyon(45.764043, 4.835659)": {"count": 3.0, "country": "France", "coords": [45.764043, 4.835659], "BUD": {"count": 3.0, "airports": {"LYS": {"7freq": 3.0, "airlines": {"EasyJet": {"7freq": 3.0}}}}}}}