{"cities": {"d\u00fcsseldorf(51.2876146, 6.7667912)": {"count": 1, "country": "Germany", "coords": [51.2876146, 6.7667912], "OTP": {"count": 1, "country": "Germany", "coords": [51.2876146, 6.7667912], "airline": ["Eurowings"], "type": ["N"], "orig": "D\u00fcsseldorf International Airport"}, "orig": "D\u00fcsseldorf International Airport"}, "santorini(36.4003185, 25.4776476)": {"count": 3, "CLJ": {"count": 1, "country": "Greece", "coords": [36.4003185, 25.4776476], "airline": ["TAROM"], "type": ["N"], "orig": "Santorini Airport"}, "country": "Greece", "coords": [36.4003185, 25.4776476], "OTP": {"count": 2, "country": "Greece", "coords": [36.4003185, 25.4776476], "airline": ["Aegean Airlines", "TAROM"], "type": ["N", "N"], "orig": "Santorini Airport"}, "orig": "Santorini Airport"}, "m\u00e1laga(36.6744295, -4.4913013)": {"count": 3, "CLJ": {"count": 1, "country": "Spain", "coords": [36.6744295, -4.4913013], "airline": ["Wizz Air"], "type": ["N"], "orig": "Malaga airport - Costa del Sol"}, "country": "Spain", "coords": [36.6744295, -4.4913013], "OTP": {"count": 2, "country": "Spain", "coords": [36.6744295, -4.4913013], "airline": ["Blue Air", "Wizz Air"], "type": ["N", "N"], "orig": "Malaga airport - Costa del Sol"}, "orig": "Malaga airport - Costa del Sol"}, "warsaw-chopin(52.1672369, 20.9678911)": {"count": 3, "CLJ": {"count": 1, "country": "Poland", "coords": [52.1672369, 20.9678911], "airline": ["LOT Polish Airlines"], "type": ["N"], "orig": "Warsaw Chopin Airport"}, "country": "Poland", "coords": [52.1672369, 20.9678911], "OTP": {"count": 2, "country": "Poland", "coords": [52.1672369, 20.9678911], "airline": ["LOT Polish Airlines", "Wizz Air"], "type": ["N", "N"], "orig": "Warsaw Chopin Airport"}, "orig": "Warsaw Chopin Airport"}, "antalya(36.9043327, 30.8018768)": {"count": 0, "country": "Turkey", "coords": [36.9043327, 30.8018768], "orig": "Antalya Airport"}, "alghero(40.6332779, 8.2896846)": {"count": 1, "country": "Italy", "coords": [40.6332779, 8.2896846], "OTP": {"count": 1, "country": "Italy", "coords": [40.6332779, 8.2896846], "airline": ["Wizz Air"], "type": ["N"], "orig": "Alghero-Fertilia Airport"}, "orig": "Alghero-Fertilia Airport"}, "glasgow(55.8690744, -4.4350529)": {"count": 3, "country": "United Kingdom", "coords": [55.8690744, -4.4350529], "OTP": {"count": 2, "country": "United Kingdom", "coords": [55.8690744, -4.4350529], "airline": ["Blue Air", "Wizz Air"], "type": ["N", "N"], "orig": "Glasgow Airport"}, "IAS": {"count": 1, "country": "United Kingdom", "coords": [55.8690744, -4.4350529], "airline": ["Blue Air"], "type": ["N"], "orig": "Glasgow Airport"}, "orig": "Glasgow Airport"}, "bari(41.137508, 16.765202)": {"count": 3, "CLJ": {"count": 1, "country": "Italy", "coords": [41.137508, 16.765202], "airline": ["Wizz Air"], "type": ["N"], "orig": "Bari International Airport-Karol Wojtyla"}, "country": "Italy", "coords": [41.137508, 16.765202], "OTP": {"count": 1, "country": "Italy", "coords": [41.137508, 16.765202], "airline": ["Wizz Air"], "type": ["N"], "orig": "Bari International Airport-Karol Wojtyla"}, "TSR": {"count": 1, "country": "Italy", "coords": [41.137508, 16.765202], "airline": ["Wizz Air"], "type": ["N"], "orig": "Bari International Airport-Karol Wojtyla"}, "orig": "Bari International Airport-Karol Wojtyla"}, "satumare(47.7061308, 22.8824023)": {"count": 1, "country": "Romania", "coords": [47.7061308, 22.8824023], "OTP": {"count": 1, "country": "Romania", "coords": [47.7061308, 22.8824023], "airline": ["TAROM"], "type": ["N"], "orig": "Aeroportul Interna\u021bional Satu Mare"}, "orig": "Aeroportul Interna\u021bional Satu Mare"}, "rome-ciampino(41.7995234, 12.5907988)": {"count": 8, "TGM": {"count": 1, "country": "Italy", "coords": [41.7995234, 12.5907988], "airline": ["Wizz Air"], "type": ["N"], "orig": "Ciampino Airport"}, "CLJ": {"count": 1, "country": "Italy", "coords": [41.7995234, 12.5907988], "airline": ["Wizz Air"], "type": ["N"], "orig": "Ciampino Airport"}, "country": "Italy", "CRA": {"count": 1, "country": "Italy", "coords": [41.7995234, 12.5907988], "airline": ["Wizz Air"], "type": ["N"], "orig": "Ciampino Airport"}, "coords": [41.7995234, 12.5907988], "OTP": {"count": 2, "country": "Italy", "coords": [41.7995234, 12.5907988], "airline": ["Ryanair", "Wizz Air"], "type": ["N", "N"], "orig": "Ciampino Airport"}, "SCV": {"count": 1, "country": "Italy", "coords": [41.7995234, 12.5907988], "airline": ["Wizz Air"], "type": ["N"], "orig": "Ciampino Airport"}, "TSR": {"count": 1, "country": "Italy", "coords": [41.7995234, 12.5907988], "airline": ["Wizz Air"], "type": ["N"], "orig": "Ciampino Airport"}, "IAS": {"count": 1, "country": "Italy", "coords": [41.7995234, 12.5907988], "airline": ["Wizz Air"], "type": ["N"], "orig": "Ciampino Airport"}, "orig": "Ciampino Airport"}, "milan-linate(45.452176, 9.276308)": {"count": 1, "country": "Italy", "coords": [45.452176, 9.276308], "OTP": {"count": 1, "country": "Italy", "coords": [45.452176, 9.276308], "airline": ["Blue Air"], "type": ["N"], "orig": "Milan Linate Airport"}, "orig": "Milan Linate Airport"}, "bratislava(48.1702634, 17.2105238)": {"count": 1, "country": "Slovakia", "coords": [48.1702634, 17.2105238], "CLJ": {"count": 1, "country": "Slovakia", "coords": [48.1702634, 17.2105238], "airline": ["Wizz Air"], "type": ["N"], "orig": "Bratislava Airport"}, "orig": "Bratislava Airport"}, "tunis(35.758056, 10.7547219)": {"count": 0, "country": "Tunisia", "coords": [35.758056, 10.7547219], "orig": "Habib Bourguiba International"}, "berlin-tegel(52.5588327, 13.2884374)": {"count": 1, "country": "Germany", "coords": [52.5588327, 13.2884374], "IAS": {"count": 1, "country": "Germany", "coords": [52.5588327, 13.2884374], "airline": ["Blue Air"], "type": ["N"], "orig": "Berlin Tegel Airport"}, "orig": "Berlin Tegel Airport"}, "bristol(51.3836304, -2.7135463)": {"count": 2, "country": "United Kingdom", "coords": [51.38363039999999, -2.7135463], "OTP": {"count": 2, "country": "United Kingdom", "coords": [51.38363039999999, -2.7135463], "airline": ["Blue Air", "Ryanair"], "type": ["N", "N"], "orig": "Bristol Airport"}, "orig": "Bristol Airport"}, "dubai-almaktoum(24.8977876, 55.1431018)": {"count": 2, "CLJ": {"count": 1, "country": "United Arab Emirates", "coords": [24.8977876, 55.1431018], "airline": ["Wizz Air"], "type": ["N"], "orig": "Al Maktoum International Airport-DWC"}, "country": "United Arab Emirates", "coords": [24.8977876, 55.1431018], "OTP": {"count": 1, "country": "United Arab Emirates", "coords": [24.8977876, 55.1431018], "airline": ["Wizz Air"], "type": ["N"], "orig": "Al Maktoum International Airport-DWC"}, "orig": "Al Maktoum International Airport-DWC"}, "larnaca(34.8723402, 33.6203516)": {"count": 6, "CLJ": {"count": 2, "country": "Cyprus", "coords": [34.8723402, 33.6203516], "airline": ["Blue Air", "Wizz Air"], "type": ["N", "N"], "orig": "Larnaca International Airport"}, "country": "Cyprus", "coords": [34.8723402, 33.6203516], "OTP": {"count": 3, "country": "Cyprus", "coords": [34.8723402, 33.6203516], "airline": ["Blue Air", "TAROM", "Wizz Air"], "type": ["N", "N", "N"], "orig": "Larnaca International Airport"}, "IAS": {"count": 1, "country": "Cyprus", "coords": [34.8723402, 33.6203516], "airline": ["Wizz Air"], "type": ["N"], "orig": "Larnaca International Airport"}, "orig": "Larnaca International Airport"}, "bodrum(37.248656, 27.6639925)": {"count": 4, "CLJ": {"count": 1, "country": "Turkey", "coords": [37.248656, 27.6639925], "airline": ["Blue Air"], "type": ["N"], "orig": "Milas\u2013Bodrum Airport"}, "country": "Turkey", "coords": [37.248656, 27.6639925], "OTP": {"count": 3, "country": "Turkey", "coords": [37.248656, 27.6639925], "airline": ["Air Bucharest", "Blue Air", "TAROM"], "type": ["N", "N", "N"], "orig": "Milas\u2013Bodrum Airport"}, "orig": "Milas\u2013Bodrum Airport"}, "sandefjord(59.1824458, 10.2569121)": {"count": 1, "country": "Norway", "coords": [59.1824458, 10.2569121], "OTP": {"count": 1, "country": "Norway", "coords": [59.1824458, 10.2569121], "airline": ["Wizz Air"], "type": ["N"], "orig": "TORP Sandefjord Airport"}, "orig": "TORP Sandefjord Airport"}, "kiev-boryspil(50.338222, 30.8939274)": {"count": 1, "country": "Ukraine", "coords": [50.33822199999999, 30.8939274], "OTP": {"count": 1, "country": "Ukraine", "coords": [50.33822199999999, 30.8939274], "airline": ["Dniproavia"], "type": ["N"], "orig": "Kyiv Boryspil International Airport"}, "orig": "Kyiv Boryspil International Airport"}, "pisa(43.6890842, 10.3978845)": {"count": 1, "country": "Italy", "coords": [43.6890842, 10.3978845], "OTP": {"count": 1, "country": "Italy", "coords": [43.6890842, 10.3978845], "airline": ["Wizz Air"], "type": ["N"], "orig": "Pisa International Airport"}, "orig": "Pisa International Airport"}, "beirut(33.8193756, 35.4912043)": {"count": 1, "country": "Lebanon", "coords": [33.8193756, 35.4912043], "OTP": {"count": 1, "country": "Lebanon", "coords": [33.8193756, 35.4912043], "airline": ["TAROM"], "type": ["N"], "orig": "Beirut-Rafic Hariri International Airport"}, "orig": "Beirut-Rafic Hariri International Airport"}, "hamburg(53.633622, 9.9974128)": {"count": 3, "CLJ": {"count": 1, "country": "Germany", "coords": [53.633622, 9.9974128], "airline": ["Blue Air"], "type": ["N"], "orig": "Hamburg Airport"}, "country": "Germany", "coords": [53.633622, 9.9974128], "OTP": {"count": 2, "country": "Germany", "coords": [53.633622, 9.9974128], "airline": ["Blue Air", "TAROM"], "type": ["N", "N"], "orig": "Hamburg Airport"}, "orig": "Hamburg Airport"}, "bergamo(45.6695707, 9.7036313)": {"count": 12, "BCM": {"count": 1, "country": "Italy", "coords": [45.66957070000001, 9.7036313], "airline": ["Blue Air"], "type": ["N"], "orig": "Orio al Serio International Airport"}, "CLJ": {"count": 1, "country": "Italy", "coords": [45.66957070000001, 9.7036313], "airline": ["Wizz Air"], "type": ["N"], "orig": "Orio al Serio International Airport"}, "country": "Italy", "OMR": {"count": 1, "country": "Italy", "coords": [45.66957070000001, 9.7036313], "airline": ["Ryanair"], "type": ["N"], "orig": "Orio al Serio International Airport"}, "CRA": {"count": 1, "country": "Italy", "coords": [45.66957070000001, 9.7036313], "airline": ["Wizz Air"], "type": ["N"], "orig": "Orio al Serio International Airport"}, "coords": [45.66957070000001, 9.7036313], "OTP": {"count": 3, "country": "Italy", "coords": [45.66957070000001, 9.7036313], "airline": ["Blue Air", "Ryanair", "Wizz Air"], "type": ["N", "N", "N"], "orig": "Orio al Serio International Airport"}, "SCV": {"count": 1, "country": "Italy", "coords": [45.66957070000001, 9.7036313], "airline": ["Wizz Air"], "type": ["N"], "orig": "Orio al Serio International Airport"}, "TSR": {"count": 2, "country": "Italy", "coords": [45.66957070000001, 9.7036313], "airline": ["Ryanair", "Wizz Air"], "type": ["N", "N"], "orig": "Orio al Serio International Airport"}, "IAS": {"count": 2, "country": "Italy", "coords": [45.66957070000001, 9.7036313], "airline": ["Blue Air", "Wizz Air"], "type": ["N", "N"], "orig": "Orio al Serio International Airport"}, "orig": "Orio al Serio International Airport"}, "london-heathrow(51.4700223, -0.4542955)": {"count": 2, "country": "United Kingdom", "coords": [51.4700223, -0.4542955], "OTP": {"count": 2, "country": "United Kingdom", "coords": [51.4700223, -0.4542955], "airline": ["British Airways", "TAROM"], "type": ["N", "N"], "orig": "Heathrow Airport"}, "orig": "Heathrow Airport"}, "z\u00fcrich(47.4582165, 8.5554755)": {"count": 1, "country": "Switzerland", "coords": [47.4582165, 8.5554755], "OTP": {"count": 1, "country": "Switzerland", "coords": [47.4582165, 8.5554755], "airline": ["Swiss International Air Lines"], "type": ["N"], "orig": "Zurich Airport"}, "orig": "Zurich Airport"}, "billund(55.7408067, 9.1525999)": {"count": 2, "CLJ": {"count": 1, "country": "Denmark", "coords": [55.7408067, 9.1525999], "airline": ["Wizz Air"], "type": ["N"], "orig": "Billund Airport"}, "country": "Denmark", "coords": [55.7408067, 9.1525999], "OTP": {"count": 1, "country": "Denmark", "coords": [55.7408067, 9.1525999], "airline": ["Wizz Air"], "type": ["N"], "orig": "Billund Airport"}, "orig": "Billund Airport"}, "athens(37.9356467, 23.9484156)": {"count": 2, "country": "Greece", "coords": [37.9356467, 23.9484156], "OTP": {"count": 2, "country": "Greece", "coords": [37.9356467, 23.9484156], "airline": ["Ryanair", "TAROM"], "type": ["N", "N"], "orig": "Athens International Airport"}, "orig": "Athens International Airport"}, "cologne/bonn(50.8707168, 7.1407344)": {"count": 4, "CLJ": {"count": 1, "country": "Germany", "coords": [50.8707168, 7.140734399999999], "airline": ["Wizz Air"], "type": ["N"], "orig": "Cologne Bonn Airport"}, "country": "Germany", "CRA": {"count": 1, "country": "Germany", "coords": [50.8707168, 7.140734399999999], "airline": ["Wizz Air"], "type": ["N"], "orig": "Cologne Bonn Airport"}, "coords": [50.8707168, 7.140734399999999], "OTP": {"count": 1, "country": "Germany", "coords": [50.8707168, 7.140734399999999], "airline": ["Blue Air"], "type": ["N"], "orig": "Cologne Bonn Airport"}, "IAS": {"count": 1, "country": "Germany", "coords": [50.8707168, 7.140734399999999], "airline": ["Blue Air"], "type": ["N"], "orig": "Cologne Bonn Airport"}, "orig": "Cologne Bonn Airport"}, "lameziaterme(38.9065845, 16.2434017)": {"count": 1, "country": "Italy", "coords": [38.9065845, 16.2434017], "OTP": {"count": 1, "country": "Italy", "coords": [38.9065845, 16.2434017], "airline": ["Wizz Air"], "type": ["N"], "orig": "Lamezia Terme International Airport"}, "orig": "Lamezia Terme International Airport"}, "milan-malpensa(45.6300625, 8.7255307)": {"count": 2, "SBZ": {"count": 1, "country": "Italy", "coords": [45.6300625, 8.7255307], "airline": ["Wizz Air"], "type": ["N"], "orig": "Malpensa Airport"}, "country": "Italy", "coords": [45.6300625, 8.7255307], "OTP": {"count": 1, "country": "Italy", "coords": [45.6300625, 8.7255307], "airline": ["Ryanair"], "type": ["N"], "orig": "Malpensa Airport"}, "orig": "Malpensa Airport"}, "telaviv-bengurion(32.005532, 34.8854112)": {"count": 6, "CLJ": {"count": 1, "country": "Israel", "coords": [32.005532, 34.8854112], "airline": ["Wizz Air"], "type": ["N"], "orig": "Ben Gurion Airport"}, "country": "Israel", "coords": [32.005532, 34.8854112], "OTP": {"count": 4, "country": "Israel", "coords": [32.005532, 34.8854112], "airline": ["Blue Air", "El Al", "TAROM", "Wizz Air"], "type": ["N", "N", "N", "N"], "orig": "Ben Gurion Airport"}, "IAS": {"count": 1, "country": "Israel", "coords": [32.005532, 34.8854112], "airline": ["Wizz Air"], "type": ["N"], "orig": "Ben Gurion Airport"}, "orig": "Ben Gurion Airport"}, "kos(36.8003475, 27.087821)": {"count": 3, "country": "Greece", "coords": [36.8003475, 27.087821], "OTP": {"count": 3, "country": "Greece", "coords": [36.8003475, 27.087821], "airline": ["Aegean Airlines", "Air Bucharest", "TAROM"], "type": ["N", "N", "N"], "orig": "Kos Island International Airport"}, "orig": "Kos Island International Airport"}, "barcelona(41.297445, 2.0832941)": {"count": 7, "CLJ": {"count": 1, "country": "Spain", "coords": [41.297445, 2.0832941], "airline": ["Wizz Air"], "type": ["N"], "orig": "Barcelona\u2013El Prat Airport"}, "country": "Spain", "CRA": {"count": 1, "country": "Spain", "coords": [41.297445, 2.0832941], "airline": ["Wizz Air"], "type": ["N"], "orig": "Barcelona\u2013El Prat Airport"}, "coords": [41.297445, 2.0832941], "OTP": {"count": 3, "country": "Spain", "coords": [41.297445, 2.0832941], "airline": ["Blue Air", "TAROM", "Wizz Air"], "type": ["N", "N", "N"], "orig": "Barcelona\u2013El Prat Airport"}, "TSR": {"count": 1, "country": "Spain", "coords": [41.297445, 2.0832941], "airline": ["Wizz Air"], "type": ["N"], "orig": "Barcelona\u2013El Prat Airport"}, "IAS": {"count": 1, "country": "Spain", "coords": [41.297445, 2.0832941], "airline": ["Blue Air"], "type": ["N"], "orig": "Barcelona\u2013El Prat Airport"}, "orig": "Barcelona\u2013El Prat Airport"}, "copenhagen(55.6180236, 12.6507628)": {"count": 2, "country": "Denmark", "coords": [55.6180236, 12.6507628], "OTP": {"count": 2, "country": "Denmark", "coords": [55.6180236, 12.6507628], "airline": ["Blue Air", "Scandinavian Airlines"], "type": ["N", "N"], "orig": "Copenhagen Airport"}, "orig": "Copenhagen Airport"}, "weeze(51.5995781, 6.1503945)": {"count": 1, "country": "Germany", "TSR": {"count": 1, "country": "Germany", "coords": [51.5995781, 6.1503945], "airline": ["Ryanair"], "type": ["N"], "orig": "Airport Weeze"}, "coords": [51.5995781, 6.1503945], "orig": "Airport Weeze"}, "munich(48.3536621, 11.7750279)": {"count": 8, "CLJ": {"count": 1, "country": "Germany", "coords": [48.3536621, 11.7750279], "airline": ["Lufthansa Regional operated by Air Dolomiti"], "type": ["N"], "orig": "Munich International Airport"}, "SBZ": {"count": 2, "country": "Germany", "coords": [48.3536621, 11.7750279], "airline": ["Lufthansa operated by Lufthansa CityLine", "TAROM"], "type": ["N", "N"], "orig": "Munich International Airport"}, "country": "Germany", "coords": [48.3536621, 11.7750279], "OTP": {"count": 3, "country": "Germany", "coords": [48.3536621, 11.7750279], "airline": ["Lufthansa", "Lufthansa Regional operated by Lufthansa CityLine", "TAROM"], "type": ["N", "N", "N"], "orig": "Munich International Airport"}, "TSR": {"count": 1, "country": "Germany", "coords": [48.3536621, 11.7750279], "airline": ["Lufthansa Regional operated by Lufthansa CityLine"], "type": ["N"], "orig": "Munich International Airport"}, "IAS": {"count": 1, "country": "Germany", "coords": [48.3536621, 11.7750279], "airline": ["TAROM"], "type": ["N"], "orig": "Munich International Airport"}, "orig": "Munich International Airport"}, "thessaloniki(40.5204227, 22.9716758)": {"count": 3, "country": "Greece", "coords": [40.5204227, 22.9716758], "OTP": {"count": 3, "country": "Greece", "coords": [40.5204227, 22.9716758], "airline": ["Astra Airlines", "Ellinair", "TAROM"], "type": ["N", "N", "N"], "orig": "Thessaloniki Airport Makedonia"}, "orig": "Thessaloniki Airport Makedonia"}, "charleroi(50.4642198, 4.4649753)": {"count": 5, "CLJ": {"count": 1, "country": "Belgium", "coords": [50.4642198, 4.4649753], "airline": ["Wizz Air"], "type": ["N"], "orig": "Brussels South Charleroi Airport"}, "country": "Belgium", "coords": [50.4642198, 4.4649753], "OTP": {"count": 2, "country": "Belgium", "coords": [50.4642198, 4.4649753], "airline": ["Ryanair", "Wizz Air"], "type": ["N", "N"], "orig": "Brussels South Charleroi Airport"}, "TSR": {"count": 2, "country": "Belgium", "coords": [50.4642198, 4.4649753], "airline": ["Ryanair", "Wizz Air"], "type": ["N", "N"], "orig": "Brussels South Charleroi Airport"}, "orig": "Brussels South Charleroi Airport"}, "london-gatwick(51.1536621, -0.1820629)": {"count": 1, "country": "United Kingdom", "coords": [51.1536621, -0.1820629], "OTP": {"count": 1, "country": "United Kingdom", "coords": [51.1536621, -0.1820629], "airline": ["Wizz Air"], "type": ["N"], "orig": "Gatwick Airport"}, "orig": "Gatwick Airport"}, "hannover(52.4618486, 9.6889919)": {"count": 1, "country": "Germany", "coords": [52.4618486, 9.6889919], "OTP": {"count": 1, "country": "Germany", "coords": [52.4618486, 9.6889919], "airline": ["Wizz Air"], "type": ["N"], "orig": "Hannover Airport"}, "orig": "Hannover Airport"}, "sharmel-sheikh(27.9768276, 34.3935273)": {"count": 1, "country": "Egypt", "coords": [27.9768276, 34.3935273], "OTP": {"count": 1, "country": "Egypt", "coords": [27.9768276, 34.3935273], "airline": ["TAROM"], "type": ["N"], "orig": "Sharm El Sheikh International Airport"}, "orig": "Sharm El Sheikh International Airport"}, "dubai-international(25.2531745, 55.3656728)": {"count": 1, "country": "United Arab Emirates", "coords": [25.2531745, 55.3656728], "OTP": {"count": 1, "country": "United Arab Emirates", "coords": [25.2531745, 55.3656728], "airline": ["flydubai"], "type": ["N"], "orig": "Dubai International Airport"}, "orig": "Dubai International Airport"}, "cluj-napoca(46.7846851, 23.6889981)": {"count": 6, "country": "Romania", "CND": {"count": 1, "country": "Romania", "coords": [46.7846851, 23.6889981], "airline": ["Blue Air"], "type": ["N"], "orig": "Avram Iancu International Airport Cluj"}, "coords": [46.7846851, 23.6889981], "OTP": {"count": 3, "country": "Romania", "coords": [46.7846851, 23.6889981], "airline": ["Blue Air", "TAROM", "Wizz Air"], "type": ["N", "N", "N"], "orig": "Avram Iancu International Airport Cluj"}, "TSR": {"count": 1, "country": "Romania", "coords": [46.7846851, 23.6889981], "airline": ["Blue Air"], "type": ["N"], "orig": "Avram Iancu International Airport Cluj"}, "IAS": {"count": 1, "country": "Romania", "coords": [46.7846851, 23.6889981], "airline": ["Blue Air"], "type": ["N"], "orig": "Avram Iancu International Airport Cluj"}, "orig": "Avram Iancu International Airport Cluj"}, "hurghada(27.180494, 33.807566)": {"count": 2, "country": "Egypt", "coords": [27.180494, 33.807566], "OTP": {"count": 2, "country": "Egypt", "coords": [27.180494, 33.807566], "airline": ["Air Bucharest", "TAROM"], "type": ["N", "N"], "orig": "Hurghada International Airport"}, "orig": "Hurghada International Airport"}, "valencia(39.4892327, -0.4780256)": {"count": 5, "CLJ": {"count": 1, "country": "Spain", "coords": [39.4892327, -0.4780256], "airline": ["Wizz Air"], "type": ["N"], "orig": "Valencia Airport"}, "country": "Spain", "CRA": {"count": 1, "country": "Spain", "coords": [39.4892327, -0.4780256], "airline": ["Ryanair"], "type": ["N"], "orig": "Valencia Airport"}, "coords": [39.4892327, -0.4780256], "OTP": {"count": 2, "country": "Spain", "coords": [39.4892327, -0.4780256], "airline": ["TAROM", "Wizz Air"], "type": ["N", "N"], "orig": "Valencia Airport"}, "TSR": {"count": 1, "country": "Spain", "coords": [39.4892327, -0.4780256], "airline": ["Wizz Air"], "type": ["N"], "orig": "Valencia Airport"}, "orig": "Valencia Airport"}, "basel/mulhouse(47.5981804, 7.5254958)": {"count": 2, "CLJ": {"count": 1, "country": "France", "coords": [47.5981804, 7.525495799999999], "airline": ["Wizz Air"], "type": ["N"], "orig": "EuroAirport Basel-Mulhouse-Freiburg"}, "country": "France", "coords": [47.5981804, 7.525495799999999], "OTP": {"count": 1, "country": "France", "coords": [47.5981804, 7.525495799999999], "airline": ["Wizz Air"], "type": ["N"], "orig": "EuroAirport Basel-Mulhouse-Freiburg"}, "orig": "EuroAirport Basel-Mulhouse-Freiburg"}, "karlsruhe/baden-baden(48.786504, 8.1011832)": {"count": 2, "CLJ": {"count": 1, "country": "Germany", "coords": [48.786504, 8.1011832], "airline": ["Wizz Air"], "type": ["N"], "orig": "Flughafen Karlsruhe / Baden-Baden"}, "country": "Germany", "coords": [48.786504, 8.1011832], "orig": "Flughafen Karlsruhe / Baden-Baden", "TGM": {"count": 1, "country": "Germany", "coords": [48.786504, 8.1011832], "airline": ["Wizz Air"], "type": ["N"], "orig": "Flughafen Karlsruhe / Baden-Baden"}}, "amman-queenalia(31.7202574, 35.994232)": {"count": 1, "country": "Jordan", "coords": [31.7202574, 35.994232], "OTP": {"count": 1, "country": "Jordan", "coords": [31.7202574, 35.994232], "airline": ["TAROM"], "type": ["N"], "orig": "Queen Alia International Airport"}, "orig": "Queen Alia International Airport"}, "helsinki(60.3210416, 24.9528604)": {"count": 1, "country": "Finland", "coords": [60.32104159999999, 24.9528604], "OTP": {"count": 1, "country": "Finland", "coords": [60.32104159999999, 24.9528604], "airline": ["Blue Air"], "type": ["N"], "orig": "Helsinki Airport"}, "orig": "Helsinki Airport"}, "moscow-sheremetyevo(55.9736482, 37.4125029)": {"count": 1, "country": "Russia", "coords": [55.9736482, 37.4125029], "OTP": {"count": 1, "country": "Russia", "coords": [55.9736482, 37.4125029], "airline": ["Aeroflot"], "type": ["N"], "orig": "Sheremetyevo International Airport"}, "orig": "Sheremetyevo International Airport"}, "skiathos(39.1787146, 23.5023599)": {"count": 2, "CLJ": {"count": 1, "country": "Greece", "coords": [39.17871460000001, 23.5023599], "airline": ["TAROM"], "type": ["N"], "orig": "Skiathos Airport \u2018Alexandros Papadiamantis"}, "country": "Greece", "coords": [39.17871460000001, 23.5023599], "OTP": {"count": 1, "country": "Greece", "coords": [39.17871460000001, 23.5023599], "airline": ["TAROM"], "type": ["N"], "orig": "Skiathos Airport \u2018Alexandros Papadiamantis"}, "orig": "Skiathos Airport \u2018Alexandros Papadiamantis"}, "girona(41.8975373, 2.7662477)": {"count": 1, "country": "Spain", "OMR": {"count": 1, "country": "Spain", "coords": [41.8975373, 2.7662477], "airline": ["Ryanair"], "type": ["N"], "orig": "Girona-Costa Brava Airport"}, "coords": [41.8975373, 2.7662477], "orig": "Girona-Costa Brava Airport"}, "palmademallorca(39.5517407, 2.7361649)": {"count": 3, "country": "Spain", "coords": [39.5517407, 2.7361649], "OTP": {"count": 2, "country": "Spain", "coords": [39.5517407, 2.7361649], "airline": ["Air Bucharest", "TAROM"], "type": ["N", "N"], "orig": "Palma de Mallorca Airport"}, "TSR": {"count": 1, "country": "Spain", "coords": [39.5517407, 2.7361649], "airline": ["Blue Air"], "type": ["N"], "orig": "Palma de Mallorca Airport"}, "orig": "Palma de Mallorca Airport"}, "castellon(40.206784, 0.069178)": {"count": 1, "country": "Spain", "coords": [40.206784, 0.069178], "OTP": {"count": 1, "country": "Spain", "coords": [40.206784, 0.069178], "airline": ["Blue Air"], "type": ["N"], "orig": "Aeropuerto de Castell\u00f3n"}, "orig": "Aeropuerto de Castell\u00f3n"}, "zagreb(45.7407504, 16.0674365)": {"count": 0, "country": "Croatia", "coords": [45.7407504, 16.0674365], "orig": "Zagreb Airport"}, "istanbul-sabihag\u00f6k\u00e7en(40.905371, 29.3168603)": {"count": 1, "country": "Turkey", "coords": [40.905371, 29.3168603], "OTP": {"count": 1, "country": "Turkey", "coords": [40.905371, 29.3168603], "airline": ["Pegasus Airlines"], "type": ["N"], "orig": "Sabiha Gokcen International Airport"}, "orig": "Sabiha Gokcen International Airport"}, "naples(26.14829, -81.7747536)": {"count": 2, "country": "United States", "coords": [26.14829, -81.7747536], "OTP": {"count": 2, "country": "United States", "coords": [26.14829, -81.7747536], "airline": ["Blue Air", "Wizz Air"], "type": ["N", "N"], "orig": "Naples Municipal Airport"}, "orig": "Naples Municipal Airport"}, "stockholm-skavsta(58.7890201, 16.9153649)": {"count": 2, "CLJ": {"count": 1, "country": "Sweden", "coords": [58.78902009999999, 16.9153649], "airline": ["Wizz Air"], "type": ["N"], "orig": "Stockholm Skavsta Airport"}, "country": "Sweden", "coords": [58.78902009999999, 16.9153649], "OTP": {"count": 1, "country": "Sweden", "coords": [58.78902009999999, 16.9153649], "airline": ["Wizz Air"], "type": ["N"], "orig": "Stockholm Skavsta Airport"}, "orig": "Stockholm Skavsta Airport"}, "turin(45.1965359, 7.647867)": {"count": 3, "country": "Italy", "coords": [45.1965359, 7.647867000000001], "OTP": {"count": 2, "country": "Italy", "coords": [45.1965359, 7.647867000000001], "airline": ["Blue Air", "Wizz Air"], "type": ["N", "N"], "orig": "Turin Airport"}, "IAS": {"count": 1, "country": "Italy", "coords": [45.1965359, 7.647867000000001], "airline": ["Blue Air"], "type": ["N"], "orig": "Turin Airport"}, "orig": "Turin Airport"}, "heraklion(35.3395798, 25.1747483)": {"count": 5, "CLJ": {"count": 1, "country": "Greece", "coords": [35.3395798, 25.1747483], "airline": ["Blue Air"], "type": ["N"], "orig": "Heraklion Airport N. Kazantzakis"}, "country": "Greece", "coords": [35.3395798, 25.1747483], "OTP": {"count": 3, "country": "Greece", "coords": [35.3395798, 25.1747483], "airline": ["Aegean Airlines", "Air Bucharest", "TAROM"], "type": ["N", "N", "N"], "orig": "Heraklion Airport N. Kazantzakis"}, "TSR": {"count": 1, "country": "Greece", "coords": [35.3395798, 25.1747483], "airline": ["Blue Air"], "type": ["N"], "orig": "Heraklion Airport N. Kazantzakis"}, "orig": "Heraklion Airport N. Kazantzakis"}, "istanbul-atat\u00fcrk(40.9829888, 28.8104425)": {"count": 4, "CLJ": {"count": 1, "country": "Turkey", "coords": [40.9829888, 28.8104425], "airline": ["Turkish Airlines"], "type": ["N"], "orig": "Istanbul Ataturk Airport"}, "country": "Turkey", "CND": {"count": 1, "country": "Turkey", "coords": [40.9829888, 28.8104425], "airline": ["Turkish Airlines"], "type": ["N"], "orig": "Istanbul Ataturk Airport"}, "coords": [40.9829888, 28.8104425], "OTP": {"count": 2, "country": "Turkey", "coords": [40.9829888, 28.8104425], "airline": ["TAROM", "Turkish Airlines"], "type": ["N", "N"], "orig": "Istanbul Ataturk Airport"}, "orig": "Istanbul Ataturk Airport"}, "vienna(48.1158333, 16.5665751)": {"count": 3, "SBZ": {"count": 1, "country": "Austria", "coords": [48.1158333, 16.5665751], "airline": ["Austrian Airlines"], "type": ["N"], "orig": "Vienna International Airport"}, "country": "Austria", "coords": [48.1158333, 16.5665751], "OTP": {"count": 1, "country": "Austria", "coords": [48.1158333, 16.5665751], "airline": ["Austrian Airlines"], "type": ["N"], "orig": "Vienna International Airport"}, "IAS": {"count": 1, "country": "Austria", "coords": [48.1158333, 16.5665751], "airline": ["Austrian Airlines"], "type": ["N"], "orig": "Vienna International Airport"}, "orig": "Vienna International Airport"}, "malm\u00f6(55.5355336, 13.3723829)": {"count": 2, "CLJ": {"count": 1, "country": "Sweden", "coords": [55.5355336, 13.3723829], "airline": ["Wizz Air"], "type": ["N"], "orig": "Malm\u00f6 Airport"}, "country": "Sweden", "coords": [55.5355336, 13.3723829], "OTP": {"count": 1, "country": "Sweden", "coords": [55.5355336, 13.3723829], "airline": ["Wizz Air"], "type": ["N"], "orig": "Malm\u00f6 Airport"}, "orig": "Malm\u00f6 Airport"}, "chania(35.5398503, 24.1403444)": {"count": 0, "country": "Greece", "coords": [35.5398503, 24.1403444], "orig": "Chania International Airport"}, "doncaster/sheffield(53.4807451, -1.0109145)": {"count": 2, "CLJ": {"count": 1, "country": "United Kingdom", "coords": [53.4807451, -1.0109145], "airline": ["Wizz Air"], "type": ["N"], "orig": "Doncaster Sheffield Airport"}, "country": "United Kingdom", "coords": [53.4807451, -1.0109145], "OTP": {"count": 1, "country": "United Kingdom", "coords": [53.4807451, -1.0109145], "airline": ["Wizz Air"], "type": ["N"], "orig": "Doncaster Sheffield Airport"}, "orig": "Doncaster Sheffield Airport"}, "belgrade(44.820498, 20.291691)": {"count": 2, "country": "Serbia", "coords": [44.820498, 20.291691], "OTP": {"count": 2, "country": "Serbia", "coords": [44.820498, 20.291691], "airline": ["Air Serbia", "TAROM"], "type": ["N", "N"], "orig": "Nikola Tesla Airport"}, "orig": "Nikola Tesla Airport"}, "london-luton(51.8762646, -0.3717471)": {"count": 14, "BCM": {"count": 1, "country": "United Kingdom", "coords": [51.87626460000001, -0.3717471], "airline": ["Blue Air"], "type": ["N"], "orig": "London Luton Airport"}, "TGM": {"count": 1, "country": "United Kingdom", "coords": [51.87626460000001, -0.3717471], "airline": ["Wizz Air"], "type": ["N"], "orig": "London Luton Airport"}, "CLJ": {"count": 2, "country": "United Kingdom", "coords": [51.87626460000001, -0.3717471], "airline": ["Blue Air", "Wizz Air"], "type": ["N", "N"], "orig": "London Luton Airport"}, "SBZ": {"count": 1, "country": "United Kingdom", "coords": [51.87626460000001, -0.3717471], "airline": ["Wizz Air"], "type": ["N"], "orig": "London Luton Airport"}, "country": "United Kingdom", "CND": {"count": 1, "country": "United Kingdom", "coords": [51.87626460000001, -0.3717471], "airline": ["Wizz Air"], "type": ["N"], "orig": "London Luton Airport"}, "CRA": {"count": 1, "country": "United Kingdom", "coords": [51.87626460000001, -0.3717471], "airline": ["Wizz Air"], "type": ["N"], "orig": "London Luton Airport"}, "coords": [51.87626460000001, -0.3717471], "OTP": {"count": 2, "country": "United Kingdom", "coords": [51.87626460000001, -0.3717471], "airline": ["Blue Air", "Wizz Air"], "type": ["N", "N"], "orig": "London Luton Airport"}, "SCV": {"count": 1, "country": "United Kingdom", "coords": [51.87626460000001, -0.3717471], "airline": ["Wizz Air"], "type": ["N"], "orig": "London Luton Airport"}, "TSR": {"count": 1, "country": "United Kingdom", "coords": [51.87626460000001, -0.3717471], "airline": ["Wizz Air"], "type": ["N"], "orig": "London Luton Airport"}, "IAS": {"count": 3, "country": "United Kingdom", "coords": [51.87626460000001, -0.3717471], "airline": ["Blue Air", "TAROM", "Wizz Air"], "type": ["N", "N", "N"], "orig": "London Luton Airport"}, "orig": "London Luton Airport"}, "tenerife-south(28.0457718, -16.576216)": {"count": 2, "country": "Spain", "coords": [28.0457718, -16.576216], "OTP": {"count": 2, "country": "Spain", "coords": [28.0457718, -16.576216], "airline": ["TAROM", "Wizz Air"], "type": ["N", "N"], "orig": "Tenerife South Airport"}, "orig": "Tenerife South Airport"}, "mykonos(37.4353506, 25.3476325)": {"count": 2, "country": "Greece", "coords": [37.4353506, 25.3476325], "OTP": {"count": 2, "country": "Greece", "coords": [37.4353506, 25.3476325], "airline": ["Aegean Airlines", "TAROM"], "type": ["N", "N"], "orig": "Mykonos Island National Airport"}, "orig": "Mykonos Island National Airport"}, "bologna(44.5345216, 11.2878593)": {"count": 10, "BCM": {"count": 1, "country": "Italy", "coords": [44.5345216, 11.2878593], "airline": ["Blue Air"], "type": ["N"], "orig": "Bologna Guglielmo Marconi Airport"}, "CLJ": {"count": 1, "country": "Italy", "coords": [44.5345216, 11.2878593], "airline": ["Wizz Air"], "type": ["N"], "orig": "Bologna Guglielmo Marconi Airport"}, "country": "Italy", "CRA": {"count": 1, "country": "Italy", "coords": [44.5345216, 11.2878593], "airline": ["Wizz Air"], "type": ["N"], "orig": "Bologna Guglielmo Marconi Airport"}, "coords": [44.5345216, 11.2878593], "OTP": {"count": 3, "country": "Italy", "coords": [44.5345216, 11.2878593], "airline": ["Blue Air", "Ryanair", "Wizz Air"], "type": ["N", "N", "N"], "orig": "Bologna Guglielmo Marconi Airport"}, "SCV": {"count": 1, "country": "Italy", "coords": [44.5345216, 11.2878593], "airline": ["Wizz Air"], "type": ["N"], "orig": "Bologna Guglielmo Marconi Airport"}, "TSR": {"count": 1, "country": "Italy", "coords": [44.5345216, 11.2878593], "airline": ["Wizz Air"], "type": ["N"], "orig": "Bologna Guglielmo Marconi Airport"}, "IAS": {"count": 2, "country": "Italy", "coords": [44.5345216, 11.2878593], "airline": ["TAROM", "Wizz Air"], "type": ["N", "N"], "orig": "Bologna Guglielmo Marconi Airport"}, "orig": "Bologna Guglielmo Marconi Airport"}, "frankfurt(50.0379326, 8.5621518)": {"count": 3, "country": "Germany", "coords": [50.0379326, 8.562151799999999], "OTP": {"count": 3, "country": "Germany", "coords": [50.0379326, 8.562151799999999], "airline": ["Lufthansa", "Lufthansa Regional operated by Lufthansa CityLine", "TAROM"], "type": ["N", "N", "N"], "orig": "Frankfurt Airport"}, "orig": "Frankfurt Airport"}, "memmingen(47.98792, 10.2325154)": {"count": 4, "CLJ": {"count": 1, "country": "Germany", "coords": [47.98792, 10.2325154], "airline": ["Wizz Air"], "type": ["N"], "orig": "Allgaeu Airport"}, "SBZ": {"count": 1, "country": "Germany", "coords": [47.98792, 10.2325154], "airline": ["Wizz Air"], "type": ["N"], "orig": "Allgaeu Airport"}, "country": "Germany", "coords": [47.98792, 10.2325154], "TGM": {"count": 1, "country": "Germany", "coords": [47.98792, 10.2325154], "airline": ["Wizz Air"], "type": ["N"], "orig": "Allgaeu Airport"}, "TSR": {"count": 1, "country": "Germany", "coords": [47.98792, 10.2325154], "airline": ["Wizz Air"], "type": ["N"], "orig": "Allgaeu Airport"}, "orig": "Allgaeu Airport"}, "chi\u0219in\u0103u(46.9326367, 28.9316481)": {"count": 2, "country": "Moldova", "coords": [46.9326367, 28.9316481], "OTP": {"count": 2, "country": "Moldova", "coords": [46.9326367, 28.9316481], "airline": ["Air Moldova", "TAROM"], "type": ["N", "N"], "orig": "Chi\u0219in\u0103u International Airport"}, "orig": "Chi\u0219in\u0103u International Airport"}, "stockholm-arlanda(59.6497622, 17.9237807)": {"count": 2, "country": "Sweden", "coords": [59.6497622, 17.9237807], "OTP": {"count": 2, "country": "Sweden", "coords": [59.6497622, 17.9237807], "airline": ["Blue Air", "TAROM"], "type": ["N", "N"], "orig": "Stockholm Arlanda Airport"}, "orig": "Stockholm Arlanda Airport"}, "bilbao(43.302494, -2.911116)": {"count": 1, "country": "Spain", "coords": [43.302494, -2.911116], "OTP": {"count": 1, "country": "Spain", "coords": [43.302494, -2.911116], "airline": ["Vueling"], "type": ["N"], "orig": "Bilbao Airport"}, "orig": "Bilbao Airport"}, "beauvais(49.4544677, 2.1115111)": {"count": 8, "CLJ": {"count": 1, "country": "France", "coords": [49.4544677, 2.1115111], "airline": ["Wizz Air"], "type": ["N"], "orig": "A\u00e9roport Paris Beauvais Till\u00e9"}, "country": "France", "CND": {"count": 1, "country": "France", "coords": [49.4544677, 2.1115111], "airline": ["Blue Air"], "type": ["N"], "orig": "A\u00e9roport Paris Beauvais Till\u00e9"}, "CRA": {"count": 1, "country": "France", "coords": [49.4544677, 2.1115111], "airline": ["Wizz Air"], "type": ["N"], "orig": "A\u00e9roport Paris Beauvais Till\u00e9"}, "coords": [49.4544677, 2.1115111], "OTP": {"count": 2, "country": "France", "coords": [49.4544677, 2.1115111], "airline": ["Blue Air", "Wizz Air"], "type": ["N", "N"], "orig": "A\u00e9roport Paris Beauvais Till\u00e9"}, "TGM": {"count": 1, "country": "France", "coords": [49.4544677, 2.1115111], "airline": ["Wizz Air"], "type": ["N"], "orig": "A\u00e9roport Paris Beauvais Till\u00e9"}, "TSR": {"count": 1, "country": "France", "coords": [49.4544677, 2.1115111], "airline": ["Wizz Air"], "type": ["N"], "orig": "A\u00e9roport Paris Beauvais Till\u00e9"}, "IAS": {"count": 1, "country": "France", "coords": [49.4544677, 2.1115111], "airline": ["Blue Air"], "type": ["N"], "orig": "A\u00e9roport Paris Beauvais Till\u00e9"}, "orig": "A\u00e9roport Paris Beauvais Till\u00e9"}, "lisbon(38.7755936, -9.1353667)": {"count": 3, "country": "Portugal", "coords": [38.7755936, -9.135366699999999], "OTP": {"count": 3, "country": "Portugal", "coords": [38.7755936, -9.135366699999999], "airline": ["Blue Air", "TAP Portugal", "Wizz Air"], "type": ["N", "N", "N"], "orig": "Lisbon Portela Airport"}, "orig": "Lisbon Portela Airport"}, "eindhoven(51.4583691, 5.3920556)": {"count": 4, "CLJ": {"count": 1, "country": "Netherlands", "coords": [51.4583691, 5.3920556], "airline": ["Wizz Air"], "type": ["N"], "orig": "Eindhoven Airport"}, "country": "Netherlands", "OMR": {"count": 1, "country": "Netherlands", "coords": [51.4583691, 5.3920556], "airline": ["Ryanair"], "type": ["N"], "orig": "Eindhoven Airport"}, "coords": [51.4583691, 5.3920556], "OTP": {"count": 1, "country": "Netherlands", "coords": [51.4583691, 5.3920556], "airline": ["Wizz Air"], "type": ["N"], "orig": "Eindhoven Airport"}, "TSR": {"count": 1, "country": "Netherlands", "coords": [51.4583691, 5.3920556], "airline": ["Wizz Air"], "type": ["N"], "orig": "Eindhoven Airport"}, "orig": "Eindhoven Airport"}, "rome-fiumicino(41.7998868, 12.2462384)": {"count": 5, "BCM": {"count": 1, "country": "Italy", "coords": [41.7998868, 12.2462384], "airline": ["Blue Air"], "type": ["N"], "orig": "Leonardo da Vinci International Airport"}, "country": "Italy", "coords": [41.7998868, 12.2462384], "OTP": {"count": 2, "country": "Italy", "coords": [41.7998868, 12.2462384], "airline": ["Blue Air", "TAROM"], "type": ["N", "N"], "orig": "Leonardo da Vinci International Airport"}, "IAS": {"count": 2, "country": "Italy", "coords": [41.7998868, 12.2462384], "airline": ["Blue Air", "TAROM"], "type": ["N", "N"], "orig": "Leonardo da Vinci International Airport"}, "orig": "Leonardo da Vinci International Airport"}, "paris-charlesdegaulle(49.0096906, 2.5479245)": {"count": 2, "country": "France", "coords": [49.0096906, 2.5479245], "OTP": {"count": 2, "country": "France", "coords": [49.0096906, 2.5479245], "airline": ["Air France", "TAROM"], "type": ["N", "N"], "orig": "Charles de Gaulle Airport"}, "orig": "Charles de Gaulle Airport"}, "dortmund(51.517319, 7.6120193)": {"count": 5, "CLJ": {"count": 1, "country": "Germany", "coords": [51.517319, 7.6120193], "airline": ["Wizz Air"], "type": ["N"], "orig": "Dortmund Airport"}, "SBZ": {"count": 1, "country": "Germany", "coords": [51.517319, 7.6120193], "airline": ["Wizz Air"], "type": ["N"], "orig": "Dortmund Airport"}, "country": "Germany", "coords": [51.517319, 7.6120193], "OTP": {"count": 1, "country": "Germany", "coords": [51.517319, 7.6120193], "airline": ["Wizz Air"], "type": ["N"], "orig": "Dortmund Airport"}, "TGM": {"count": 1, "country": "Germany", "coords": [51.517319, 7.6120193], "airline": ["Wizz Air"], "type": ["N"], "orig": "Dortmund Airport"}, "TSR": {"count": 1, "country": "Germany", "coords": [51.517319, 7.6120193], "airline": ["Wizz Air"], "type": ["N"], "orig": "Dortmund Airport"}, "orig": "Dortmund Airport"}, "prague(50.101791, 14.2631811)": {"count": 2, "country": "Czechia", "coords": [50.10179100000001, 14.2631811], "OTP": {"count": 2, "country": "Czechia", "coords": [50.10179100000001, 14.2631811], "airline": ["Czech Airlines", "TAROM"], "type": ["N", "N"], "orig": "V\u00e1clav Havel Airport Prague"}, "orig": "V\u00e1clav Havel Airport Prague"}, "zakynthos(37.7531714, 20.8851608)": {"count": 7, "CLJ": {"count": 2, "country": "Greece", "coords": [37.7531714, 20.8851608], "airline": ["Blue Air", "TAROM"], "type": ["N", "N"], "orig": "Zakynthos Airport"}, "country": "Greece", "coords": [37.7531714, 20.8851608], "OTP": {"count": 2, "country": "Greece", "coords": [37.7531714, 20.8851608], "airline": ["Aegean Airlines", "Blue Air"], "type": ["N", "N"], "orig": "Zakynthos Airport"}, "SCV": {"count": 1, "country": "Greece", "coords": [37.7531714, 20.8851608], "airline": ["Air Bucharest"], "type": ["N"], "orig": "Zakynthos Airport"}, "TSR": {"count": 1, "country": "Greece", "coords": [37.7531714, 20.8851608], "airline": ["Blue Air"], "type": ["N"], "orig": "Zakynthos Airport"}, "IAS": {"count": 1, "country": "Greece", "coords": [37.7531714, 20.8851608], "airline": ["Blue Air"], "type": ["N"], "orig": "Zakynthos Airport"}, "orig": "Zakynthos Airport"}, "pescara(42.4318438, 14.1829232)": {"count": 1, "country": "Italy", "coords": [42.4318438, 14.1829232], "OTP": {"count": 1, "country": "Italy", "coords": [42.4318438, 14.1829232], "airline": ["Wizz Air"], "type": ["N"], "orig": "Aeroporto Internazionale d\u2019Abruzzo"}, "orig": "Aeroporto Internazionale d\u2019Abruzzo"}, "brussels(50.900999, 4.4855744)": {"count": 5, "BCM": {"count": 1, "country": "Belgium", "coords": [50.900999, 4.4855744], "airline": ["Blue Air"], "type": ["N"], "orig": "Brussels Airport"}, "country": "Belgium", "CND": {"count": 1, "country": "Belgium", "coords": [50.900999, 4.4855744], "airline": ["Blue Air"], "type": ["N"], "orig": "Brussels Airport"}, "coords": [50.900999, 4.4855744], "OTP": {"count": 2, "country": "Belgium", "coords": [50.900999, 4.4855744], "airline": ["Blue Air", "TAROM"], "type": ["N", "N"], "orig": "Brussels Airport"}, "IAS": {"count": 1, "country": "Belgium", "coords": [50.900999, 4.4855744], "airline": ["Blue Air"], "type": ["N"], "orig": "Brussels Airport"}, "orig": "Brussels Airport"}, "perugia(43.0968391, 12.5115538)": {"count": 1, "country": "Italy", "coords": [43.0968391, 12.5115538], "OTP": {"count": 1, "country": "Italy", "coords": [43.0968391, 12.5115538], "airline": ["Wizz Air"], "type": ["N"], "orig": "Aeroporto Internazionale dell'Umbria - Perugia \"San Francesco d'Assisi\" - S.A.S.E. SpA"}, "orig": "Aeroporto Internazionale dell'Umbria - Perugia \"San Francesco d'Assisi\" - S.A.S.E. SpA"}, "palermo(38.1824001, 13.1005819)": {"count": 1, "country": "Italy", "coords": [38.1824001, 13.1005819], "OTP": {"count": 1, "country": "Italy", "coords": [38.1824001, 13.1005819], "airline": ["Ryanair"], "type": ["N"], "orig": "Aeroporto di Palermo Falcone e Borsellino"}, "orig": "Aeroporto di Palermo Falcone e Borsellino"}, "doha(25.2605946, 51.6137665)": {"count": 1, "country": "Qatar", "coords": [25.2605946, 51.6137665], "OTP": {"count": 1, "country": "Qatar", "coords": [25.2605946, 51.6137665], "airline": ["Qatar Airways"], "type": ["N"], "orig": "Hamad International Airport"}, "orig": "Hamad International Airport"}, "stuttgart(48.6876365, 9.205576)": {"count": 2, "SBZ": {"count": 1, "country": "Germany", "coords": [48.6876365, 9.205575999999999], "airline": ["Blue Air"], "type": ["N"], "orig": "Stuttgart Airport"}, "country": "Germany", "coords": [48.6876365, 9.205575999999999], "OTP": {"count": 1, "country": "Germany", "coords": [48.6876365, 9.205575999999999], "airline": ["Blue Air"], "type": ["N"], "orig": "Stuttgart Airport"}, "orig": "Stuttgart Airport"}, "madrid(40.4839361, -3.5679515)": {"count": 12, "BCM": {"count": 1, "country": "Spain", "coords": [40.4839361, -3.5679515], "airline": ["Blue Air"], "type": ["N"], "orig": "Madrid-Barajas Airport"}, "CLJ": {"count": 1, "country": "Spain", "coords": [40.4839361, -3.5679515], "airline": ["Wizz Air"], "type": ["N"], "orig": "Madrid-Barajas Airport"}, "SBZ": {"count": 1, "country": "Spain", "coords": [40.4839361, -3.5679515], "airline": ["Wizz Air"], "type": ["N"], "orig": "Madrid-Barajas Airport"}, "country": "Spain", "CRA": {"count": 1, "country": "Spain", "coords": [40.4839361, -3.5679515], "airline": ["Wizz Air"], "type": ["N"], "orig": "Madrid-Barajas Airport"}, "coords": [40.4839361, -3.5679515], "OTP": {"count": 5, "country": "Spain", "coords": [40.4839361, -3.5679515], "airline": ["Blue Air", "Ryanair", "TAROM", "Vueling", "Wizz Air"], "type": ["N", "N", "N", "N", "N"], "orig": "Madrid-Barajas Airport"}, "TGM": {"count": 1, "country": "Spain", "coords": [40.4839361, -3.5679515], "airline": ["Wizz Air"], "type": ["N"], "orig": "Madrid-Barajas Airport"}, "TSR": {"count": 1, "country": "Spain", "coords": [40.4839361, -3.5679515], "airline": ["Wizz Air"], "type": ["N"], "orig": "Madrid-Barajas Airport"}, "IAS": {"count": 1, "country": "Spain", "coords": [40.4839361, -3.5679515], "airline": ["TAROM"], "type": ["N"], "orig": "Madrid-Barajas Airport"}, "orig": "Madrid-Barajas Airport"}, "alicante(38.285483, -0.560056)": {"count": 2, "CLJ": {"count": 1, "country": "Spain", "coords": [38.285483, -0.560056], "airline": ["Wizz Air"], "type": ["N"], "orig": "Alicante Airport"}, "country": "Spain", "coords": [38.285483, -0.560056], "OTP": {"count": 1, "country": "Spain", "coords": [38.285483, -0.560056], "airline": ["Wizz Air"], "type": ["N"], "orig": "Alicante Airport"}, "orig": "Alicante Airport"}, "corfu(39.6076445, 19.9144861)": {"count": 5, "CLJ": {"count": 1, "country": "Greece", "coords": [39.6076445, 19.9144861], "airline": ["Blue Air"], "type": ["N"], "orig": "LGKR"}, "country": "Greece", "coords": [39.6076445, 19.9144861], "OTP": {"count": 4, "country": "Greece", "coords": [39.6076445, 19.9144861], "airline": ["Aegean Airlines", "Air Bucharest", "Blue Air", "TAROM"], "type": ["N", "N", "N", "N"], "orig": "LGKR"}, "orig": "LGKR"}, "malta(35.8541135, 14.4832795)": {"count": 2, "CLJ": {"count": 1, "country": "Malta", "coords": [35.8541135, 14.4832795], "airline": ["Wizz Air"], "type": ["N"], "orig": "Malta International Airport"}, "country": "Malta", "coords": [35.8541135, 14.4832795], "OTP": {"count": 1, "country": "Malta", "coords": [35.8541135, 14.4832795], "airline": ["Wizz Air"], "type": ["N"], "orig": "Malta International Airport"}, "orig": "Malta International Airport"}, "bordeaux(44.8305935, -0.7103052)": {"count": 1, "country": "France", "coords": [44.8305935, -0.7103052], "OTP": {"count": 1, "country": "France", "coords": [44.8305935, -0.7103052], "airline": ["Blue Air"], "type": ["N"], "orig": "Bordeaux-M\u00e9rignac Airport"}, "orig": "Bordeaux-M\u00e9rignac Airport"}, "berlin-sch\u00f6nefeld(52.3854411, 13.5216148)": {"count": 3, "CLJ": {"count": 1, "country": "Germany", "coords": [52.38544109999999, 13.5216148], "airline": ["Wizz Air"], "type": ["N"], "orig": "Berlin Sch\u00f6nefeld Airport"}, "country": "Germany", "coords": [52.38544109999999, 13.5216148], "OTP": {"count": 1, "country": "Germany", "coords": [52.38544109999999, 13.5216148], "airline": ["Ryanair"], "type": ["N"], "orig": "Berlin Sch\u00f6nefeld Airport"}, "TSR": {"count": 1, "country": "Germany", "coords": [52.38544109999999, 13.5216148], "airline": ["Ryanair"], "type": ["N"], "orig": "Berlin Sch\u00f6nefeld Airport"}, "orig": "Berlin Sch\u00f6nefeld Airport"}, "oslo-gardermoen(60.1975501, 11.1004153)": {"count": 1, "country": "Norway", "coords": [60.1975501, 11.1004153], "OTP": {"count": 1, "country": "Norway", "coords": [60.1975501, 11.1004153], "airline": ["Blue Air"], "type": ["N"], "orig": "Oslo Airport"}, "orig": "Oslo Airport"}, "ia\u0219i(47.1771449, 27.6173116)": {"count": 5, "CLJ": {"count": 1, "country": "Romania", "coords": [47.17714489999999, 27.6173116], "airline": ["Blue Air"], "type": ["N"], "orig": "Ia\u0219i International Airport"}, "country": "Romania", "OMR": {"count": 1, "country": "Romania", "coords": [47.17714489999999, 27.6173116], "airline": ["Blue Air"], "type": ["N"], "orig": "Ia\u0219i International Airport"}, "CND": {"count": 1, "country": "Romania", "coords": [47.17714489999999, 27.6173116], "airline": ["Blue Air"], "type": ["N"], "orig": "Ia\u0219i International Airport"}, "coords": [47.17714489999999, 27.6173116], "OTP": {"count": 2, "country": "Romania", "coords": [47.17714489999999, 27.6173116], "airline": ["Blue Air", "TAROM"], "type": ["N", "N"], "orig": "Ia\u0219i International Airport"}, "orig": "Ia\u0219i International Airport"}, "london-stansted(51.8860181, 0.2388661)": {"count": 3, "country": "United Kingdom", "OMR": {"count": 1, "country": "United Kingdom", "coords": [51.8860181, 0.2388661], "airline": ["Ryanair"], "type": ["N"], "orig": "Stansted Airport"}, "coords": [51.8860181, 0.2388661], "OTP": {"count": 1, "country": "United Kingdom", "coords": [51.8860181, 0.2388661], "airline": ["Ryanair"], "type": ["N"], "orig": "Stansted Airport"}, "TSR": {"count": 1, "country": "United Kingdom", "coords": [51.8860181, 0.2388661], "airline": ["Ryanair"], "type": ["N"], "orig": "Stansted Airport"}, "orig": "Stansted Airport"}, "hahn(49.9458052, 7.2641958)": {"count": 4, "CLJ": {"count": 1, "country": "Germany", "coords": [49.9458052, 7.2641958], "airline": ["Wizz Air"], "type": ["N"], "orig": "Frankfurt-Hahn Airport"}, "country": "Germany", "coords": [49.9458052, 7.2641958], "TGM": {"count": 1, "country": "Germany", "coords": [49.9458052, 7.2641958], "airline": ["Wizz Air"], "type": ["N"], "orig": "Frankfurt-Hahn Airport"}, "TSR": {"count": 2, "country": "Germany", "coords": [49.9458052, 7.2641958], "airline": ["Ryanair", "Wizz Air"], "type": ["N", "N"], "orig": "Frankfurt-Hahn Airport"}, "orig": "Frankfurt-Hahn Airport"}, "birmingham(33.5624269, -86.754126)": {"count": 3, "CLJ": {"count": 1, "country": "United States", "coords": [33.5624269, -86.754126], "airline": ["Blue Air"], "type": ["N"], "orig": "Birmingham-Shuttlesworth International Airport"}, "country": "United States", "coords": [33.5624269, -86.754126], "OTP": {"count": 2, "country": "United States", "coords": [33.5624269, -86.754126], "airline": ["Blue Air", "Wizz Air"], "type": ["N", "N"], "orig": "Birmingham-Shuttlesworth International Airport"}, "orig": "Birmingham-Shuttlesworth International Airport"}, "sofia(42.6893691, 23.4144249)": {"count": 1, "country": "Bulgaria", "coords": [42.6893691, 23.4144249], "OTP": {"count": 1, "country": "Bulgaria", "coords": [42.6893691, 23.4144249], "airline": ["TAROM"], "type": ["N"], "orig": "Sofia International Airport"}, "orig": "Sofia International Airport"}, "preveza(38.9259515, 20.7681962)": {"count": 2, "country": "Greece", "coords": [38.9259515, 20.7681962], "OTP": {"count": 2, "country": "Greece", "coords": [38.9259515, 20.7681962], "airline": ["Blue Air", "TAROM"], "type": ["N", "N"], "orig": "Aktion National Airport"}, "orig": "Aktion National Airport"}, "budapest(47.4384587, 19.2522958)": {"count": 4, "CLJ": {"count": 1, "country": "Hungary", "coords": [47.4384587, 19.2522958], "airline": ["Wizz Air"], "type": ["N"], "orig": "Budapest Airport"}, "country": "Hungary", "coords": [47.4384587, 19.2522958], "OTP": {"count": 2, "country": "Hungary", "coords": [47.4384587, 19.2522958], "airline": ["TAROM", "Wizz Air"], "type": ["N", "N"], "orig": "Budapest Airport"}, "TGM": {"count": 1, "country": "Hungary", "coords": [47.4384587, 19.2522958], "airline": ["Wizz Air"], "type": ["N"], "orig": "Budapest Airport"}, "orig": "Budapest Airport"}, "nice(43.6597689, 7.2148214)": {"count": 2, "CLJ": {"count": 1, "country": "France", "coords": [43.6597689, 7.214821400000001], "airline": ["Blue Air"], "type": ["N"], "orig": "A\u00e9roport Nice C\u00f4te d'Azur"}, "country": "France", "coords": [43.6597689, 7.214821400000001], "OTP": {"count": 1, "country": "France", "coords": [43.6597689, 7.214821400000001], "airline": ["Blue Air"], "type": ["N"], "orig": "A\u00e9roport Nice C\u00f4te d'Azur"}, "orig": "A\u00e9roport Nice C\u00f4te d'Azur"}, "baiamare(47.661179, 23.466813)": {"count": 1, "country": "Romania", "coords": [47.661179, 23.466813], "OTP": {"count": 1, "country": "Romania", "coords": [47.661179, 23.466813], "airline": ["TAROM"], "type": ["N"], "orig": "Aeroportul International Baia Mare"}, "orig": "Aeroportul International Baia Mare"}, "dublin(53.4264481, -6.2499098)": {"count": 4, "BCM": {"count": 1, "country": "Ireland", "coords": [53.42644809999999, -6.249909799999999], "airline": ["Blue Air"], "type": ["N"], "orig": "Dublin Airport"}, "CLJ": {"count": 1, "country": "Ireland", "coords": [53.42644809999999, -6.249909799999999], "airline": ["Blue Air"], "type": ["N"], "orig": "Dublin Airport"}, "country": "Ireland", "coords": [53.42644809999999, -6.249909799999999], "OTP": {"count": 2, "country": "Ireland", "coords": [53.42644809999999, -6.249909799999999], "airline": ["Blue Air", "Ryanair"], "type": ["N", "N"], "orig": "Dublin Airport"}, "orig": "Dublin Airport"}, "timi\u0219oara(45.8102336, 21.320193)": {"count": 4, "country": "Romania", "CND": {"count": 1, "country": "Romania", "coords": [45.8102336, 21.320193], "airline": ["Blue Air"], "type": ["N"], "orig": "Aeroportul Interna\u021bional Traian Vuia"}, "coords": [45.8102336, 21.320193], "OTP": {"count": 2, "country": "Romania", "coords": [45.8102336, 21.320193], "airline": ["Ryanair", "TAROM"], "type": ["N", "N"], "orig": "Aeroportul Interna\u021bional Traian Vuia"}, "IAS": {"count": 1, "country": "Romania", "coords": [45.8102336, 21.320193], "airline": ["Blue Air"], "type": ["N"], "orig": "Aeroportul Interna\u021bional Traian Vuia"}, "orig": "Aeroportul Interna\u021bional Traian Vuia"}, "liverpool(53.3375129, -2.8544274)": {"count": 4, "BCM": {"count": 1, "country": "United Kingdom", "coords": [53.3375129, -2.8544274], "airline": ["Blue Air"], "type": ["N"], "orig": "Liverpool John Lennon Airport"}, "CLJ": {"count": 1, "country": "United Kingdom", "coords": [53.3375129, -2.8544274], "airline": ["Blue Air"], "type": ["N"], "orig": "Liverpool John Lennon Airport"}, "country": "United Kingdom", "CRA": {"count": 1, "country": "United Kingdom", "coords": [53.3375129, -2.8544274], "airline": ["Wizz Air"], "type": ["N"], "orig": "Liverpool John Lennon Airport"}, "coords": [53.3375129, -2.8544274], "OTP": {"count": 1, "country": "United Kingdom", "coords": [53.3375129, -2.8544274], "airline": ["Blue Air"], "type": ["N"], "orig": "Liverpool John Lennon Airport"}, "orig": "Liverpool John Lennon Airport"}, "oradea(47.0258002, 21.8973261)": {"count": 4, "country": "Romania", "CND": {"count": 1, "country": "Romania", "coords": [47.0258002, 21.8973261], "airline": ["Blue Air"], "type": ["N"], "orig": "Oradea International Airport"}, "coords": [47.0258002, 21.8973261], "OTP": {"count": 2, "country": "Romania", "coords": [47.0258002, 21.8973261], "airline": ["Blue Air", "TAROM"], "type": ["N", "N"], "orig": "Oradea International Airport"}, "IAS": {"count": 1, "country": "Romania", "coords": [47.0258002, 21.8973261], "airline": ["Blue Air"], "type": ["N"], "orig": "Oradea International Airport"}, "orig": "Oradea International Airport"}, "zaragoza(41.663511, -1.0079225)": {"count": 1, "country": "Spain", "coords": [41.663511, -1.0079225], "OTP": {"count": 1, "country": "Spain", "coords": [41.663511, -1.0079225], "airline": ["Wizz Air"], "type": ["N"], "orig": "Zaragoza Airport"}, "orig": "Zaragoza Airport"}, "geneva(46.2370097, 6.1091564)": {"count": 2, "country": "Switzerland", "coords": [46.23700969999999, 6.1091564], "OTP": {"count": 2, "country": "Switzerland", "coords": [46.23700969999999, 6.1091564], "airline": ["TAROM", "Wizz Air"], "type": ["N", "N"], "orig": "Gen\u00e8ve A\u00e9roport"}, "orig": "Gen\u00e8ve A\u00e9roport"}, "amsterdam(52.3105386, 4.7682744)": {"count": 2, "country": "Netherlands", "coords": [52.3105386, 4.7682744], "OTP": {"count": 2, "country": "Netherlands", "coords": [52.3105386, 4.7682744], "airline": ["KLM", "TAROM"], "type": ["N", "N"], "orig": "Amsterdam Airport Schiphol"}, "orig": "Amsterdam Airport Schiphol"}, "rhodes(36.402288, 28.09022)": {"count": 6, "CLJ": {"count": 1, "country": "Greece", "coords": [36.402288, 28.09022], "airline": ["Aegean Airlines"], "type": ["N"], "orig": "Rodos International Airport"}, "country": "Greece", "coords": [36.402288, 28.09022], "OTP": {"count": 3, "country": "Greece", "coords": [36.402288, 28.09022], "airline": ["Aegean Airlines", "Air Bucharest", "TAROM"], "type": ["N", "N", "N"], "orig": "Rodos International Airport"}, "TSR": {"count": 1, "country": "Greece", "coords": [36.402288, 28.09022], "airline": ["Blue Air"], "type": ["N"], "orig": "Rodos International Airport"}, "IAS": {"count": 1, "country": "Greece", "coords": [36.402288, 28.09022], "airline": ["TAROM"], "type": ["N"], "orig": "Rodos International Airport"}, "orig": "Rodos International Airport"}, "verona(45.4000011, 10.8901406)": {"count": 1, "country": "Italy", "coords": [45.4000011, 10.8901406], "OTP": {"count": 1, "country": "Italy", "coords": [45.4000011, 10.8901406], "airline": ["Wizz Air"], "type": ["N"], "orig": "Verona Villafranca Airport"}, "orig": "Verona Villafranca Airport"}, "bucharest(44.5707306, 26.0844123)": {"count": 11, "CLJ": {"count": 3, "country": "Romania", "coords": [44.5707306, 26.0844123], "airline": ["Blue Air", "TAROM", "Wizz Air"], "type": ["N", "N", "N"], "orig": "Henri Coand\u0103 International Airport"}, "country": "Romania", "SUJ": {"count": 1, "country": "Romania", "coords": [44.5707306, 26.0844123], "airline": ["TAROM"], "type": ["N"], "orig": "Henri Coand\u0103 International Airport"}, "BAY": {"count": 1, "country": "Romania", "coords": [44.5707306, 26.0844123], "airline": ["TAROM"], "type": ["N"], "orig": "Henri Coand\u0103 International Airport"}, "OMR": {"count": 2, "country": "Romania", "coords": [44.5707306, 26.0844123], "airline": ["Blue Air", "TAROM"], "type": ["N", "N"], "orig": "Henri Coand\u0103 International Airport"}, "coords": [44.5707306, 26.0844123], "SCV": {"count": 1, "country": "Romania", "coords": [44.5707306, 26.0844123], "airline": ["TAROM"], "type": ["N"], "orig": "Henri Coand\u0103 International Airport"}, "TSR": {"count": 1, "country": "Romania", "coords": [44.5707306, 26.0844123], "airline": ["Ryanair"], "type": ["N"], "orig": "Henri Coand\u0103 International Airport"}, "IAS": {"count": 2, "country": "Romania", "coords": [44.5707306, 26.0844123], "airline": ["Blue Air", "TAROM"], "type": ["N", "N"], "orig": "Henri Coand\u0103 International Airport"}, "orig": "Henri Coand\u0103 International Airport"}, "florence(43.8086534, 11.2012247)": {"count": 2, "country": "Italy", "coords": [43.8086534, 11.2012247], "OTP": {"count": 1, "country": "Italy", "coords": [43.8086534, 11.2012247], "airline": ["Blue Air"], "type": ["N"], "orig": "Florence Airport, Peretola"}, "IAS": {"count": 1, "country": "Italy", "coords": [43.8086534, 11.2012247], "airline": ["Blue Air"], "type": ["N"], "orig": "Florence Airport, Peretola"}, "orig": "Florence Airport, Peretola"}, "catania(37.4673046, 15.0657746)": {"count": 3, "country": "Italy", "coords": [37.4673046, 15.0657746], "OTP": {"count": 2, "country": "Italy", "coords": [37.4673046, 15.0657746], "airline": ["Blue Air", "Wizz Air"], "type": ["N", "N"], "orig": "Catania Fontanarossa Airport"}, "IAS": {"count": 1, "country": "Italy", "coords": [37.4673046, 15.0657746], "airline": ["Wizz Air"], "type": ["N"], "orig": "Catania Fontanarossa Airport"}, "orig": "Catania Fontanarossa Airport"}, "treviso(45.6532764, 12.2020813)": {"count": 6, "CLJ": {"count": 1, "country": "Italy", "coords": [45.6532764, 12.2020813], "airline": ["Wizz Air"], "type": ["N"], "orig": "Treviso Airport"}, "country": "Italy", "CRA": {"count": 1, "country": "Italy", "coords": [45.6532764, 12.2020813], "airline": ["Wizz Air"], "type": ["N"], "orig": "Treviso Airport"}, "coords": [45.6532764, 12.2020813], "OTP": {"count": 1, "country": "Italy", "coords": [45.6532764, 12.2020813], "airline": ["Wizz Air"], "type": ["N"], "orig": "Treviso Airport"}, "SCV": {"count": 1, "country": "Italy", "coords": [45.6532764, 12.2020813], "airline": ["Wizz Air"], "type": ["N"], "orig": "Treviso Airport"}, "TSR": {"count": 1, "country": "Italy", "coords": [45.6532764, 12.2020813], "airline": ["Wizz Air"], "type": ["N"], "orig": "Treviso Airport"}, "IAS": {"count": 1, "country": "Italy", "coords": [45.6532764, 12.2020813], "airline": ["Wizz Air"], "type": ["N"], "orig": "Treviso Airport"}, "orig": "Treviso Airport"}, "nuremberg(49.4971202, 11.079808)": {"count": 3, "CLJ": {"count": 1, "country": "Germany", "coords": [49.4971202, 11.079808], "airline": ["Wizz Air"], "type": ["N"], "orig": "Airport N\u00fcrnberg"}, "SBZ": {"count": 1, "country": "Germany", "coords": [49.4971202, 11.079808], "airline": ["Wizz Air"], "type": ["N"], "orig": "Airport N\u00fcrnberg"}, "country": "Germany", "coords": [49.4971202, 11.079808], "OTP": {"count": 1, "country": "Germany", "coords": [49.4971202, 11.079808], "airline": ["Wizz Air"], "type": ["N"], "orig": "Airport N\u00fcrnberg"}, "orig": "Airport N\u00fcrnberg"}, "suceava(47.6867968, 26.3526861)": {"count": 1, "country": "Romania", "coords": [47.6867968, 26.3526861], "OTP": {"count": 1, "country": "Romania", "coords": [47.6867968, 26.3526861], "airline": ["TAROM"], "type": ["N"], "orig": "Suceava International Airport"}, "orig": "Suceava International Airport"}, "lyon(45.7234181, 5.0887768)": {"count": 1, "country": "France", "coords": [45.7234181, 5.0887768], "OTP": {"count": 1, "country": "France", "coords": [45.7234181, 5.0887768], "airline": ["Blue Air"], "type": ["N"], "orig": "Lyon-Saint Exup\u00e9ry Airport"}, "orig": "Lyon-Saint Exup\u00e9ry Airport"}}}